key,design,role,utc,rule,severity,message,tx,token,release_usd,pct_tvl,net1h_pct_tvl,recipient,recipient_fresh,recipient_ever_deposited,releases_in_10min,rec_level,rec_families
heco-2023,lockbox,pre-hack,2023-11-17 01:32:59,outflow_spike,warning,"$1.7M left HECO bridge (Ethereum vault), 22 Nov 2023 in the last 10 minutes; normally nothing leaves at this hour.",0x29a2786507a3e887084bbdacd8293760b67457aeafca5647d9bf9748a56b6d3f,HBTC,1650503,2.46,2.46,0xa9c0204b10bba10ffce488dce6ffff1cacdbbb10,False,False,1,none,
heco-2023,lockbox,pre-hack,2023-11-17 01:32:59,large_withdrawal,warning,"One release of $1.7M left HECO bridge (Ethereum vault), 22 Nov 2023: 2.5% of its $67.1M escrow.",0x29a2786507a3e887084bbdacd8293760b67457aeafca5647d9bf9748a56b6d3f,HBTC,1650503,2.46,2.46,0xa9c0204b10bba10ffce488dce6ffff1cacdbbb10,False,False,1,none,
kelp-2026,oft-adapter,pre-hack,2026-04-16 11:07:23,outflow_spike,warning,"$3.8M left KelpDAO rsETH LayerZero OFT adapter (escrow), Ethereum, 18 Apr 2026 in the last 10 minutes; normally nothing leaves at this hour.",0xa6133092fe18707630a30cf4b6897097fe8cb92552e3d8aba9498e7bebe51d19,rsETH,3838669,1.24,1.24,0xd8495b95a3a6a85f4e3baa003e8b7ed1ed85562d,False,False,1,none,
kelp-2026,oft-adapter,pre-hack,2026-04-16 17:41:59,outflow_spike,warning,"$3.2M left KelpDAO rsETH LayerZero OFT adapter (escrow), Ethereum, 18 Apr 2026 in the last 10 minutes; normally nothing leaves at this hour.",0x5794ea7094a38813b88015e40e91dcf5e67bbd4eeea604b5744d0a9f777e4236,rsETH,3209809,1.04,1.04,0xd8495b95a3a6a85f4e3baa003e8b7ed1ed85562d,False,False,1,none,
kelp-2026,oft-adapter,pre-hack,2026-04-17 12:52:23,outflow_spike,warning,"$3.0M left KelpDAO rsETH LayerZero OFT adapter (escrow), Ethereum, 18 Apr 2026 in the last 10 minutes; normally nothing leaves at this hour.",0x0dd4c13846f162675be181601337338a91f30be510c62b9c85d324ceee1c8b10,rsETH,3030528,0.99,0.99,0xf7462251c14d2fb83c7ab96367a7985423c83010,False,False,1,none,
poly-2021,lockbox,pre-hack,2021-07-30 11:00:27,outflow_spike,warning,"$4.0M left Poly Network LockProxy, Ethereum, 10 Aug 2021 in the last 10 minutes; normally nothing leaves at this hour.",0x583c833c411ef1ac3bb282ea767eaf7a191c1217dcca716c5e94678ab69d93d1,USDT,3955475,1.32,0.98,0xcbb608419383009c557ef02c9bdafcd155997c7a,False,False,1,none,
poly-2021,lockbox,pre-hack,2021-07-30 17:25:51,outflow_spike,warning,"$1.9M left Poly Network LockProxy, Ethereum, 10 Aug 2021 in the last 10 minutes; normally nothing leaves at this hour.",0x5d1ec7124f05fb6370e293b034171a8d5fe071c5062caf0ae3b8f7785227a737,USDT,1897134,0.66,0.81,0xa310b3eeca53b9c115af529faf92bb5ca4b41494,False,False,1,none,
poly-2021,lockbox,pre-hack,2021-07-30 23:15:21,outflow_spike,warning,"$1.6M left Poly Network LockProxy, Ethereum, 10 Aug 2021 in the last 10 minutes; normally nothing leaves at this hour.",0x9d3d4c510e0c6e2123867dd54bb1f9f868eca2a54d58e4bcf436a9657e0d1f0c,USDT,1600054,0.55,0.18,0xee8e0fcc8bff03ec5f100d02cb7b3196d78863a7,False,False,2,none,
poly-2021,lockbox,pre-hack,2021-07-31 04:29:22,outflow_spike,warning,"$2.3M left Poly Network LockProxy, Ethereum, 10 Aug 2021 in the last 10 minutes; normally nothing leaves at this hour.",0xde64288ba58013825449d53463366345a8f528a088978d303507b51cb8c0378a,WBTC,2306886,0.8,1.14,0x1a8d87fc8a513d353038de7083bd1243d5379712,True,False,1,none,
poly-2021,lockbox,pre-hack,2021-07-31 05:33:12,outflow_spike,warning,"$4.6M left Poly Network LockProxy, Ethereum, 10 Aug 2021 in the last 10 minutes; normally nothing leaves at this hour.",0x51189e1ba19197f46933dcb4a6c109656e88a94d2a940d62b1e4577253931eb5,WBTC,4595988,1.6,1.48,0x757db7c1d65b1d3144e2afb3de8aa3d6ee87594c,False,False,1,none,
poly-2021,lockbox,pre-hack,2021-07-31 17:31:35,outflow_spike,warning,"$1.6M left Poly Network LockProxy, Ethereum, 10 Aug 2021 in the last 10 minutes; normally nothing leaves at this hour.",0x5bb06bea486dcfe4b21daa4bd60f5f06bd647cbc2a17e46acb689dd99b23c5a3,USDC,1618511,0.57,0.38,0x7e28bbdcc4d3c3c8df646c37ac0ee66ad1c9c04d,True,False,2,none,
poly-2021,lockbox,pre-hack,2021-08-01 15:20:01,outflow_spike,warning,"$3.2M left Poly Network LockProxy, Ethereum, 10 Aug 2021 in the last 10 minutes; normally nothing leaves at this hour.",0x9c3240a61f8ea54b20058bdb3b5c55da16551db748d53994e58237aeede4825e,WETH,3161849,1.11,0.82,0x0e2e6b227c4f1f082644dc816e8a494850489e15,True,False,1,warning,fresh
poly-2021,lockbox,pre-hack,2021-08-02 09:06:39,outflow_spike,warning,"$2.0M left Poly Network LockProxy, Ethereum, 10 Aug 2021 in the last 10 minutes; normally nothing leaves at this hour.",0xfb089f0aef12005e0ef18a0146fd291b511fcbda16788588f86638d675cc5f4c,USDT,1954112,0.69,0.69,0xcb4bef1df8d494de6ad61e1648cd627da9699762,True,False,2,none,
poly-2021,lockbox,pre-hack,2021-08-02 13:28:08,outflow_spike,warning,"$1.9M left Poly Network LockProxy, Ethereum, 10 Aug 2021 in the last 10 minutes; normally nothing leaves at this hour.",0x14d8df9a26fbccf362ec8592940187bae4a725be49c041c9a9feb9eb57f6415a,WETH,1891982,0.68,0.71,0xee8e0fcc8bff03ec5f100d02cb7b3196d78863a7,False,False,1,none,
poly-2021,lockbox,pre-hack,2021-08-04 02:05:21,outflow_spike,warning,"$10.6M left Poly Network LockProxy, Ethereum, 10 Aug 2021 in the last 10 minutes; normally nothing leaves at this hour.",0xdd1212d04b0a3b69c358801d5be7ec5194a54d1d78b6decec11240e6ef2881ec,WETH,10413211,3.69,4.04,0xbe89dd352bfd244e7abdfb21da0d4ae85bb047c6,True,False,4,PAGE,fresh+spike
poly-2021,lockbox,pre-hack,2021-08-04 02:05:21,large_withdrawal,warning,"One release of $10.4M left Poly Network LockProxy, Ethereum, 10 Aug 2021: 3.7% of its $281.9M escrow.",0xdd1212d04b0a3b69c358801d5be7ec5194a54d1d78b6decec11240e6ef2881ec,WETH,10413211,3.69,4.04,0xbe89dd352bfd244e7abdfb21da0d4ae85bb047c6,True,False,4,PAGE,fresh+spike
poly-2021,lockbox,pre-hack,2021-08-04 02:28:11,escrow_drain,critical,"Poly Network LockProxy, Ethereum, 10 Aug 2021 lost $22.7M net in the last hour: 8% of its $282.8M escrow.",0x991742216a269475ceac2737439e5042706222b515eb713adf59ad6d3d271027,WBTC,9963712,3.69,8.01,0xbe89dd352bfd244e7abdfb21da0d4ae85bb047c6,False,False,4,PAGE,conc+fresh+spike
poly-2021,lockbox,pre-hack,2021-08-04 07:49:06,outflow_spike,warning,"$2.0M left Poly Network LockProxy, Ethereum, 10 Aug 2021 in the last 10 minutes; normally nothing leaves at this hour.",0xb7207f8ac4bd0f3681983c489fdf4751e48846b35fa651968dc118d6f6e1e73c,WETH,2042959,0.75,0.76,0xec7fc03693d1a0f7dcb42e687b0c7d4f980cf01e,False,False,2,none,
poly-2021,lockbox,pre-hack,2021-08-05 02:42:35,outflow_spike,warning,"$3.3M left Poly Network LockProxy, Ethereum, 10 Aug 2021 in the last 10 minutes; normally nothing leaves at this hour.",0xbdecbd6812a5c5b51802a12cfc9f0ae3047a83da0dc9bb0d713d15658f142fcf,WETH,3154160,1.15,1.2,0x45c2700a0b0e84fffffc74dbe4ca415bc940f93d,True,False,7,warning,fresh
poly-2021,lockbox,pre-hack,2021-08-05 11:37:00,outflow_spike,warning,"$4.1M left Poly Network LockProxy, Ethereum, 10 Aug 2021 in the last 10 minutes; normally nothing leaves at this hour.",0xf7287027dc1ba1449c0657257a4f4a1a32f86ae9efd1467dc47efe986cfdf01d,USDC,4085825,1.5,1.99,0xae54b53308e72ef7a9fd1c68f526ada5eb392bd0,False,False,1,none,
poly-2021,lockbox,pre-hack,2021-08-05 16:27:29,outflow_spike,warning,"$2.4M left Poly Network LockProxy, Ethereum, 10 Aug 2021 in the last 10 minutes; normally nothing leaves at this hour.",0x101a508baa60b6ad358ce106792effa5c8364e7bc282411713d90f714b5b72e4,USDT,2359955,0.86,0.86,0x6e5f18eb8af17565e82481910264b8513361321a,True,False,1,none,
poly-2021,lockbox,pre-hack,2021-08-06 15:08:16,outflow_spike,warning,"$2.0M left Poly Network LockProxy, Ethereum, 10 Aug 2021 in the last 10 minutes; normally nothing leaves at this hour.",0x5c459dcc625222116864cce4d0ac86e0fe2c0102719b1b0b35b3c9f0492f6a45,USDC,2007295,0.75,0.76,0x549c0421c69be943a2a60e76b19b4a801682cbd3,True,False,2,none,
poly-2021,lockbox,pre-hack,2021-08-06 16:34:02,outflow_spike,warning,"$2.0M left Poly Network LockProxy, Ethereum, 10 Aug 2021 in the last 10 minutes; normally nothing leaves at this hour.",0x4bb6417f6412dff3fc6629bc1e3e5fc9172c01df5ffe7e4ccc7260853845d6b3,USDC,2007149,0.75,-0.11,0xa9e244bacf3eb0de750b9d0d2e1930e56ccb71f3,True,False,1,none,
poly-2021,lockbox,pre-hack,2021-08-08 04:52:17,outflow_spike,warning,"$1.6M left Poly Network LockProxy, Ethereum, 10 Aug 2021 in the last 10 minutes; normally nothing leaves at this hour.",0xc80fe67f66d62290834cc096d89757adff65868a8112153f691a8d5de9c9a74e,WETH,1574742,0.59,0.59,0x3ee505ba316879d246a8fd2b3d7ee63b51b44fab,False,False,2,none,
poly-2021,lockbox,pre-hack,2021-08-09 10:03:19,outflow_spike,warning,"$6.0M left Poly Network LockProxy, Ethereum, 10 Aug 2021 in the last 10 minutes; normally nothing leaves at this hour.",0x8f1563a9f47a31f5af976109d12d7598d7ef7a237e6643b06e4f5219893f6ea8,WETH,5989749,2.26,2.26,0x136db1cdff916f3a9269519a6e453586a9a4c025,True,False,2,warning,fresh
poly-2021,lockbox,pre-hack,2021-08-09 10:03:19,large_withdrawal,warning,"One release of $6.0M left Poly Network LockProxy, Ethereum, 10 Aug 2021: 2.3% of its $265.5M escrow.",0x8f1563a9f47a31f5af976109d12d7598d7ef7a237e6643b06e4f5219893f6ea8,WETH,5989749,2.26,2.26,0x136db1cdff916f3a9269519a6e453586a9a4c025,True,False,2,warning,fresh
xbridge-2024,lockbox,pre-hack,2024-04-13 13:51:47,escrow_drain,critical,"XBridge, Ethereum, 24 Apr 2024 (listToken logic flaw) lost $3.1K net in the last hour: 78% of its $4.0K escrow.",0x5b5d2fe7ebe7acc2c95a8d580ad31fd54279326cd1e180fd7d48f35ed771c81c,STC,3146,77.95,77.94,0xb34f709d19b66454909058fd62ce0507804a9197,True,False,1,none,
xbridge-2024,lockbox,pre-hack,2024-04-14 15:44:11,escrow_drain,critical,"XBridge, Ethereum, 24 Apr 2024 (listToken logic flaw) lost $69 net in the last hour: 8% of its $892 escrow.",0x7c6a07a5006bce713e006eca9c4d696b5bac2bbdcde35d3a8b338bc85ba15e76,STC,69,7.78,7.78,0x35ab35628b60046a407432e74c333dffe040dd36,True,False,1,none,
harmony-2022,lockbox,pre-hack,2022-06-14 04:21:30,outflow_spike,warning,"$653.3K left Harmony Horizon bridge (ERC20 manager), Ethereum, 23 Jun 2022 in the last 10 minutes; normally nothing leaves at this hour.",0x26255c402a284b310ef24fe226d282c05a6bf677bcbc878ba1d53719a9c15dc3,USDC,653296,0.68,1.08,0x21d9c1d2cdcb44b04e6ded64dd89bcf5fcb09ce5,True,False,1,none,
harmony-2022,lockbox,pre-hack,2022-06-17 05:20:30,escrow_drain,critical,"Harmony Horizon bridge (ERC20 manager), Ethereum, 23 Jun 2022 lost $7.1M net in the last hour: 8% of its $93.8M escrow.",0x1a8ebd3284e5305707c85126574ce7dd047c4cfb6b349b72e93fb6f964f40495,USDC,6999898,7.47,7.54,0xdfe4f07d1f36b8d559b25082460a4f6a72531de2,True,False,2,PAGE,conc+fresh
harmony-2022,lockbox,pre-hack,2022-06-17 05:20:30,outflow_spike,critical,"$7.0M left Harmony Horizon bridge (ERC20 manager), Ethereum, 23 Jun 2022 in the last 10 minutes; normally nothing leaves at this hour.",0x1a8ebd3284e5305707c85126574ce7dd047c4cfb6b349b72e93fb6f964f40495,USDC,6999898,7.47,7.54,0xdfe4f07d1f36b8d559b25082460a4f6a72531de2,True,False,2,PAGE,conc+fresh
harmony-2022,lockbox,pre-hack,2022-06-17 05:20:30,large_withdrawal,critical,"One release of $7.0M left Harmony Horizon bridge (ERC20 manager), Ethereum, 23 Jun 2022: 7.5% of its $93.8M escrow.",0x1a8ebd3284e5305707c85126574ce7dd047c4cfb6b349b72e93fb6f964f40495,USDC,6999898,7.47,7.54,0xdfe4f07d1f36b8d559b25082460a4f6a72531de2,True,False,2,PAGE,conc+fresh
harmony-2022,lockbox,pre-hack,2022-06-18 10:32:14,outflow_spike,warning,"$2.9M left Harmony Horizon bridge (ERC20 manager), Ethereum, 23 Jun 2022 in the last 10 minutes; normally nothing leaves at this hour.",0xde7a2715cf1faf1b6f752db666279d456884a3adabb5b2ac4b2d9dccc8c6094a,USDC,2886842,3.47,3.52,0x56e18de2e49db755d4c2580e815765e2c01fa66e,False,False,2,none,
harmony-2022,lockbox,pre-hack,2022-06-18 10:32:14,large_withdrawal,warning,"One release of $2.9M left Harmony Horizon bridge (ERC20 manager), Ethereum, 23 Jun 2022: 3.5% of its $83.1M escrow.",0xde7a2715cf1faf1b6f752db666279d456884a3adabb5b2ac4b2d9dccc8c6094a,USDC,2886842,3.47,3.52,0x56e18de2e49db755d4c2580e815765e2c01fa66e,False,False,2,none,
harmony-2022,lockbox,pre-hack,2022-06-20 06:46:15,outflow_spike,warning,"$1.6M left Harmony Horizon bridge (ERC20 manager), Ethereum, 23 Jun 2022 in the last 10 minutes; normally nothing leaves at this hour.",0xc7c186218c314fb909473a87dee1b97c3bf9465e950c15f15ab91bc2fbfb3748,USDC,1630465,2.06,2.3,0xd1ca5d2d74dae12b865c341077ac54504d548c2c,False,False,1,none,
harmony-2022,lockbox,pre-hack,2022-06-20 06:46:15,large_withdrawal,warning,"One release of $1.6M left Harmony Horizon bridge (ERC20 manager), Ethereum, 23 Jun 2022: 2.1% of its $79.3M escrow.",0xc7c186218c314fb909473a87dee1b97c3bf9465e950c15f15ab91bc2fbfb3748,USDC,1630465,2.06,2.3,0xd1ca5d2d74dae12b865c341077ac54504d548c2c,False,False,1,none,
nomad-2022,lockbox,pre-hack,2022-07-23 13:00:00,withdrawal_burst,warning,"12 releases from Nomad token bridge (BridgeRouter proxy), Ethereum, 1-2 Aug 2022 in the last 10 minutes; about 0 is normal at this hour.",0xba69dff4be7c78cde31c978121c3a90749aacf5f651562a75479a3d49135912d,USDC,344,0.0,-0.0,0xcd75942b66c1a82d7e04f65a34ce7f93791fa8a8,True,True,12,none,
nomad-2022,lockbox,pre-hack,2022-07-24 05:10:04,withdrawal_burst,warning,"12 releases from Nomad token bridge (BridgeRouter proxy), Ethereum, 1-2 Aug 2022 in the last 10 minutes; about 0 is normal at this hour.",0x57dab113eb3c3c9fd5f15f530431a843039bb9f951fb18d4786c5872fb12f176,USDC,1030,0.0,-0.0,0xc17b32ec5b1e02231a41abdb38d476f20fa00d41,False,True,12,none,
nomad-2022,lockbox,pre-hack,2022-07-24 10:59:44,withdrawal_burst,warning,"12 releases from Nomad token bridge (BridgeRouter proxy), Ethereum, 1-2 Aug 2022 in the last 10 minutes; about 1 is normal at this hour.",0xa979260f137f46d936165bd122a00c63bbc7276984ae8fa9b6dc0ea881191ce4,WETH,374,0.0,-0.0,0x310f74a34297cc1cc3b45e8b2b4fa2e96383ef67,True,False,13,warning,crowd
nomad-2022,lockbox,pre-hack,2022-07-24 18:52:02,withdrawal_burst,warning,"12 releases from Nomad token bridge (BridgeRouter proxy), Ethereum, 1-2 Aug 2022 in the last 10 minutes; about 0 is normal at this hour.",0xe28ead6d883da91a5729e705a762e1cfa9954d55af8c4f2108bfb3e4d562e9cc,WETH,43,0.0,0.01,0x65a791931cfda2f2d4fcfdc8922091eedb4bc1dc,True,False,12,warning,crowd
nomad-2022,lockbox,pre-hack,2022-07-25 02:32:16,outflow_spike,warning,"$1.3M left Nomad token bridge (BridgeRouter proxy), Ethereum, 1-2 Aug 2022 in the last 10 minutes; about $137 is normal at this hour.",0x208dfa5d4675f075303cdd8b7c8a380e1e197bccc3d249952f9c07ba47317f7d,WETH,520781,0.29,0.77,0x9cbf099ff424979439dfba03f00b5961784c06ce,False,True,8,none,
nomad-2022,lockbox,pre-hack,2022-07-25 05:42:07,outflow_spike,critical,"$4.6M left Nomad token bridge (BridgeRouter proxy), Ethereum, 1-2 Aug 2022 in the last 10 minutes; about $5 is normal at this hour.",0x9a88eb77a877ee723b467ef91c80eeb6703af7a345f29b24ed7eec17834a500f,WBTC,4582556,2.54,2.55,0x3c0fa0643322feff1b54c3b19de6aa6fa2e1fa03,True,False,2,warning,fresh
nomad-2022,lockbox,pre-hack,2022-07-25 05:42:07,large_withdrawal,critical,"One release of $4.6M left Nomad token bridge (BridgeRouter proxy), Ethereum, 1-2 Aug 2022: 2.5% of its $180.1M escrow.",0x9a88eb77a877ee723b467ef91c80eeb6703af7a345f29b24ed7eec17834a500f,WBTC,4582556,2.54,2.55,0x3c0fa0643322feff1b54c3b19de6aa6fa2e1fa03,True,False,2,warning,fresh
nomad-2022,lockbox,pre-hack,2022-07-25 05:50:24,escrow_drain,critical,"Nomad token bridge (BridgeRouter proxy), Ethereum, 1-2 Aug 2022 lost $14.1M net in the last hour: 8% of its $180.1M escrow.",0xe8b990f8948b340d7622bd03d2b4f4224dd64d870521ccf5132d5d77c9e710c0,USDC,9485257,5.4,7.82,0x3c0fa0643322feff1b54c3b19de6aa6fa2e1fa03,False,False,2,PAGE,conc+fresh+spike
nomad-2022,lockbox,pre-hack,2022-07-26 08:55:01,outflow_spike,warning,"$1.2M left Nomad token bridge (BridgeRouter proxy), Ethereum, 1-2 Aug 2022 in the last 10 minutes; about $320 is normal at this hour.",0x6d9b63d3028380b10ac62f13edf34663261ad417e1fcd91c0242736f9ec60729,USDC,1177500,0.73,0.78,0xaed195eab40d099a81af7bd4eba78327ef8ed0b3,True,False,2,none,
nomad-2022,lockbox,pre-hack,2022-07-27 21:02:05,outflow_spike,critical,"$1.6M left Nomad token bridge (BridgeRouter proxy), Ethereum, 1-2 Aug 2022 in the last 10 minutes; about $3 is normal at this hour.",0x6db279a5fea9b7b87195c8d0405e447c8d597778a21a9bb3ac4232c0dbbc295e,WETH,1594891,0.99,0.96,0x9cbf099ff424979439dfba03f00b5961784c06ce,False,True,1,none,
nomad-2022,lockbox,pre-hack,2022-07-27 21:11:39,escrow_drain,critical,"Nomad token bridge (BridgeRouter proxy), Ethereum, 1-2 Aug 2022 lost $8.9M net in the last hour: 6% of its $160.7M escrow.",0xa133fd34092dc728b7d654c61ee393beb964bfd6f1c3dcda06679fe9da00ae5d,WETH,1243258,0.81,5.51,0x9cbf099ff424979439dfba03f00b5961784c06ce,False,True,7,warning,conc
nomad-2022,lockbox,pre-hack,2022-07-29 00:37:47,withdrawal_burst,warning,"12 releases from Nomad token bridge (BridgeRouter proxy), Ethereum, 1-2 Aug 2022 in the last 10 minutes; about 0 is normal at this hour.",0x6eabfac93e89dc32cff5fbf6518e4f118c28ff6b24d0bf1ac678ab98b00157ff,WETH,93,0.0,-0.08,0x9c66d0a285dccd5472772b0b7d7805d4e2969957,False,True,12,none,
nomad-2022,lockbox,pre-hack,2022-07-29 08:28:30,withdrawal_burst,warning,"12 releases from Nomad token bridge (BridgeRouter proxy), Ethereum, 1-2 Aug 2022 in the last 10 minutes; about 2 is normal at this hour.",0x0efc75c7794a50522b98b9cb97b14557d0f84922b1feeb7ba9c94ceb0c05710f,WETH,1627,0.0,0.08,0x3a8d75b79a27d75107c697301e8120d6ee47535d,True,False,12,none,
nomad-2022,lockbox,pre-hack,2022-07-31 03:38:21,withdrawal_burst,warning,"12 releases from Nomad token bridge (BridgeRouter proxy), Ethereum, 1-2 Aug 2022 in the last 10 minutes; about 1 is normal at this hour.",0x2e371313e642f3c6591b6a6c749a78563b49522dd25f80d28a8237b2a87b4a7d,WETH,1009,0.0,0.01,0xf7514f57b8bc321f2d7186906c4cb416ccca96c3,True,False,12,none,
nomad-2022,lockbox,pre-hack,2022-07-31 04:57:10,withdrawal_burst,warning,"12 releases from Nomad token bridge (BridgeRouter proxy), Ethereum, 1-2 Aug 2022 in the last 10 minutes; about 1 is normal at this hour.",0xef7d39d9eee300fe90a1a5ac6418b673536769e0239c7ca3ef5b9b88baefd626,WETH,59,0.0,0.06,0xeb1347bc77c1405992b44e5e449ae8e6f9709495,True,False,12,none,
nomad-2022,lockbox,pre-hack,2022-07-31 09:26:25,withdrawal_burst,warning,"12 releases from Nomad token bridge (BridgeRouter proxy), Ethereum, 1-2 Aug 2022 in the last 10 minutes; about 2 is normal at this hour.",0x5463764c699469b3f6c5d11a640f9fb5b5646c1f1cf38ab56ea44c348397638c,WETH,879,0.0,0.0,0x19b6c116e3e5e2d4e7106cad3b07714bc0a6be3b,True,True,12,none,
nomad-2022,lockbox,pre-hack,2022-07-31 13:55:46,withdrawal_burst,warning,"12 releases from Nomad token bridge (BridgeRouter proxy), Ethereum, 1-2 Aug 2022 in the last 10 minutes; about 1 is normal at this hour.",0x4c212edcc6d40ad60c16e9ea57134666e62ec6cbd45e6fcd69b647fcdef6ef1f,WETH,1660,0.0,-0.08,0x7ea9b8ba0d889ba42458f657ed27244ad593dfe7,False,True,12,none,
nomad-2022,lockbox,pre-hack,2022-07-31 15:44:55,withdrawal_burst,warning,"12 releases from Nomad token bridge (BridgeRouter proxy), Ethereum, 1-2 Aug 2022 in the last 10 minutes; about 0 is normal at this hour.",0x4e030edd11248b3bacec340d4cc36757afeffba5faf59c47f39ab134dd8f9ad3,WETH,407,0.0,0.09,0x6db00d011b4983256e795317405ee8916b5c01a2,True,False,12,warning,crowd
nomad-2022,lockbox,pre-hack,2022-08-01 10:06:19,withdrawal_burst,warning,"12 releases from Nomad token bridge (BridgeRouter proxy), Ethereum, 1-2 Aug 2022 in the last 10 minutes; about 2 is normal at this hour.",0xcf36bc5ade2dfdedd95b377c146589a6c0191404a0da875583c21f30105d0c92,WETH,192,0.0,0.02,0x565dd241d9c3c27f6c72d5628413b8b24fba1319,True,False,12,none,
ronin-2022,lockbox,pre-hack,2022-03-14 12:47:21,outflow_spike,warning,"$3.1M left Ronin bridge (MainchainGateway), Ethereum, 23 Mar 2022 in the last 10 minutes; about $1.3K is normal at this hour.",0x2b1266f7d8044b4d92266af03c97b7012ad31a360a6f6fdd22f9dd16b783bf0c,WETH,3054922,0.56,0.57,0xc02aaa39b223fe8d0a0e5c4f27ead9083c756cc2,,False,3,none,
across-spokepool-7d,pool,normal,2026-10-03 11:32:23,escrow_drain,critical,"Across Ethereum SpokePool, 7 believed-normal days (shortened: ~21k transfers/day) lost $37.8K net in the last hour: 15% of its $244.5K escrow.",0x625d02ec7a25402ce909d9cbb49565e19e2984a15e93778216b0fde3c96b2c7d,USDT,40959,20.64,35.6,0xc186fa914353c44b2e33ebe05f21846f1048beda,False,True,49,none,
across-spokepool-7d,pool,normal,2026-10-03 13:36:23,escrow_drain,critical,"Across Ethereum SpokePool, 7 believed-normal days (shortened: ~21k transfers/day) lost $36.7K net in the last hour: 11% of its $329.8K escrow.",0xcf164219f40b6bae5ffb7935655f80e7fe2c90eff2c8e9e32d5f2f3573037ae5,WETH,1,0.0,11.12,0xc02aaa39b223fe8d0a0e5c4f27ead9083c756cc2,,False,43,none,
across-spokepool-7d,pool,normal,2026-10-03 15:53:11,escrow_drain,critical,"Across Ethereum SpokePool, 7 believed-normal days (shortened: ~21k transfers/day) lost $14.6K net in the last hour: 5% of its $275.3K escrow.",0xc91cb5b9cdebee785f9f29aaf3f3f182bc09c3279e020090e8664c2cf4e114b0,WETH,119,0.05,5.29,0xc02aaa39b223fe8d0a0e5c4f27ead9083c756cc2,,False,63,none,
across-spokepool-7d,pool,normal,2026-10-03 21:39:11,escrow_drain,critical,"Across Ethereum SpokePool, 7 believed-normal days (shortened: ~21k transfers/day) lost $14.1K net in the last hour: 5% of its $261.3K escrow.",0x105249af43ef6fc81ad95e5e9ddf7c1bd159b7391f39ce967d3b22d440e8dc6e,WETH,107636,27.8,-6.97,0x394311a6aaa0d8e3411d8b62de4578d41322d1bd,False,True,37,none,
across-spokepool-7d,pool,normal,2026-10-04 01:21:35,escrow_drain,critical,"Across Ethereum SpokePool, 7 believed-normal days (shortened: ~21k transfers/day) lost $19.9K net in the last hour: 8% of its $239.0K escrow.",0xfce095f900a54b1dee4a5dace8fe67c5ad8b7ded6158e9084dc8752a3ce75429,USDC,94004,22.47,-35.71,0xfd03abcadaf3f930fa4e37eb2f6ea3a44a41b7f0,False,True,28,none,
across-spokepool-7d,pool,normal,2026-10-04 05:17:47,escrow_drain,critical,"Across Ethereum SpokePool, 7 believed-normal days (shortened: ~21k transfers/day) lost $44.5K net in the last hour: 16% of its $281.9K escrow.",0x471fb0524c89fe0290ada3a8a08951fe0588e6d7ea4ca1da45ec5ee0538f965e,WETH,142,0.06,15.77,0x60ac95ec1153aa8199751917ede25d0ca49a36e2,False,True,21,none,
across-spokepool-7d,pool,normal,2026-10-04 09:21:23,escrow_drain,critical,"Across Ethereum SpokePool, 7 believed-normal days (shortened: ~21k transfers/day) lost $29.1K net in the last hour: 9% of its $334.8K escrow.",0x8d9961229aa19fbb113fc4b62fa56aa16e75c77af207a46e37f019cc10950c14,WETH,1141,0.37,8.7,0xc02aaa39b223fe8d0a0e5c4f27ead9083c756cc2,,False,50,none,
across-spokepool-7d,pool,normal,2026-10-04 14:24:23,escrow_drain,critical,"Across Ethereum SpokePool, 7 believed-normal days (shortened: ~21k transfers/day) lost $73.1K net in the last hour: 16% of its $461.4K escrow.",0x0479bf70ff5da7e1869a77eef4d92eb4f391982e3f456b9fe5f4337863aecc7a,WETH,55,0.01,15.84,0xc02aaa39b223fe8d0a0e5c4f27ead9083c756cc2,,False,24,none,
across-spokepool-7d,pool,normal,2026-10-04 16:58:47,escrow_drain,critical,"Across Ethereum SpokePool, 7 believed-normal days (shortened: ~21k transfers/day) lost $63.6K net in the last hour: 13% of its $471.4K escrow.",0xf2da11d63440781e4622e701c6bda511e98a334bce8e37846c75764aa711ce22,WETH,146,0.04,13.5,0xc02aaa39b223fe8d0a0e5c4f27ead9083c756cc2,,False,26,none,
across-spokepool-7d,pool,normal,2026-10-04 20:20:35,escrow_drain,critical,"Across Ethereum SpokePool, 7 believed-normal days (shortened: ~21k transfers/day) lost $58.9K net in the last hour: 13% of its $470.2K escrow.",0x1c2e7800124d31dcb72496affa5408d3d5f900174bdd570eb8d1a54501f95d6d,WETH,135974,20.85,-9.77,0xbdd50e6f8b34593b1fa8d5e59e9e01b9de531fc6,False,True,39,none,
across-spokepool-7d,pool,normal,2026-10-05 01:42:23,escrow_drain,critical,"Across Ethereum SpokePool, 7 believed-normal days (shortened: ~21k transfers/day) lost $17.8K net in the last hour: 8% of its $233.6K escrow.",0x2a50c12e8cf2fd8fcf9655ab3ce83673c9dec5cf33192d1d8c0570ae7e982ea1,WETH,563,0.26,7.62,0xc02aaa39b223fe8d0a0e5c4f27ead9083c756cc2,,False,37,none,
across-spokepool-7d,pool,normal,2026-10-05 07:27:11,escrow_drain,critical,"Across Ethereum SpokePool, 7 believed-normal days (shortened: ~21k transfers/day) lost $1.2M net in the last hour: 85% of its $1.4M escrow.",0x54d1a25774c5c5b4706c429e67ceb3648f80de1bfe198cbf770747e692ee633b,WETH,1304141,85.93,84.72,0x07ae8551be970cb1cca11dd7a11f47ae82e70e67,False,True,34,warning,net1h
across-spokepool-7d,pool,normal,2026-10-05 07:27:11,outflow_spike,critical,"$1.5M left Across Ethereum SpokePool, 7 believed-normal days (shortened: ~21k transfers/day) in the last 10 minutes; about $19.2K is normal at this hour.",0x54d1a25774c5c5b4706c429e67ceb3648f80de1bfe198cbf770747e692ee633b,WETH,1304141,85.93,84.72,0x07ae8551be970cb1cca11dd7a11f47ae82e70e67,False,True,34,warning,net1h
across-spokepool-7d,pool,normal,2026-10-05 07:27:11,large_withdrawal,critical,"One release of $1.3M left Across Ethereum SpokePool, 7 believed-normal days (shortened: ~21k transfers/day): 85.9% of its $1.5M escrow.",0x54d1a25774c5c5b4706c429e67ceb3648f80de1bfe198cbf770747e692ee633b,WETH,1304141,85.93,84.72,0x07ae8551be970cb1cca11dd7a11f47ae82e70e67,False,True,34,warning,net1h
across-spokepool-7d,pool,normal,2026-10-05 12:35:47,escrow_drain,critical,"Across Ethereum SpokePool, 7 believed-normal days (shortened: ~21k transfers/day) lost $25.2K net in the last hour: 6% of its $425.0K escrow.",0x61c87822bc6860ecd12cd133d5f325352d7e81a30311a66cd91dda0d163138e2,WETH,92,0.02,5.92,0xc02aaa39b223fe8d0a0e5c4f27ead9083c756cc2,,False,26,none,
across-spokepool-7d,pool,normal,2026-10-05 14:22:11,outflow_spike,critical,"$672.1K left Across Ethereum SpokePool, 7 believed-normal days (shortened: ~21k transfers/day) in the last 10 minutes; about $37.7K is normal at this hour.",0x5c7ad87a8612dd8ce9500d59f48eb539991a98ec894251eb24d022411ca7fc52,USDC,422498,40.59,-29.99,0xc186fa914353c44b2e33ebe05f21846f1048beda,False,True,37,none,
across-spokepool-7d,pool,normal,2026-10-05 14:27:47,escrow_drain,critical,"Across Ethereum SpokePool, 7 believed-normal days (shortened: ~21k transfers/day) lost $43.5K net in the last hour: 8% of its $530.8K escrow.",0x630afc66e4f1f308f67c6445fc00ca79ebdd9e9b966d21be6e51cc734cf645d4,WETH,699,0.14,8.2,0xc02aaa39b223fe8d0a0e5c4f27ead9083c756cc2,,False,53,none,
across-spokepool-7d,pool,normal,2026-10-05 19:40:11,escrow_drain,critical,"Across Ethereum SpokePool, 7 believed-normal days (shortened: ~21k transfers/day) lost $178.3K net in the last hour: 26% of its $687.4K escrow.",0xd20f9e04669a5e532aaf3f92472b2e37df178093883c4bf59be09fa7c16ec318,USDC,209992,23.73,1.81,0xfd03abcadaf3f930fa4e37eb2f6ea3a44a41b7f0,False,True,37,none,
across-spokepool-7d,pool,normal,2026-10-06 01:57:59,escrow_drain,critical,"Across Ethereum SpokePool, 7 believed-normal days (shortened: ~21k transfers/day) lost $477.2K net in the last hour: 52% of its $909.0K escrow.",0x12445e3e127e8250d2507f670e0613400d72d7e3ca9fff067cc52e9a1797159a,WETH,826880,65.69,52.5,0x07ae8551be970cb1cca11dd7a11f47ae82e70e67,False,True,32,warning,net1h
across-spokepool-7d,pool,normal,2026-10-06 01:57:59,outflow_spike,critical,"$1.1M left Across Ethereum SpokePool, 7 believed-normal days (shortened: ~21k transfers/day) in the last 10 minutes; about $35.2K is normal at this hour.",0x12445e3e127e8250d2507f670e0613400d72d7e3ca9fff067cc52e9a1797159a,WETH,826880,65.69,52.5,0x07ae8551be970cb1cca11dd7a11f47ae82e70e67,False,True,32,warning,net1h
across-spokepool-7d,pool,normal,2026-10-06 05:39:59,escrow_drain,critical,"Across Ethereum SpokePool, 7 believed-normal days (shortened: ~21k transfers/day) lost $35.3K net in the last hour: 15% of its $229.1K escrow.",0xda2eae2d0b84597f23c1c12112bc485a211eafc44728214db89c3d7f0f6d8312,WETH,155880,39.16,-5.72,0xc186fa914353c44b2e33ebe05f21846f1048beda,False,True,45,none,
across-spokepool-7d,pool,normal,2026-10-06 07:14:35,escrow_drain,critical,"Across Ethereum SpokePool, 7 believed-normal days (shortened: ~21k transfers/day) lost $162.3K net in the last hour: 21% of its $776.0K escrow.",0xb3200bfb897eff090608de344f3023609f1141b06af5f46189d04df7cb7ac686,WETH,494002,44.6,20.91,0x07ae8551be970cb1cca11dd7a11f47ae82e70e67,False,True,36,none,
across-spokepool-7d,pool,normal,2026-10-06 07:14:35,outflow_spike,critical,"$1.1M left Across Ethereum SpokePool, 7 believed-normal days (shortened: ~21k transfers/day) in the last 10 minutes; about $20.2K is normal at this hour.",0xb3200bfb897eff090608de344f3023609f1141b06af5f46189d04df7cb7ac686,WETH,494002,44.6,20.91,0x07ae8551be970cb1cca11dd7a11f47ae82e70e67,False,True,36,none,
across-spokepool-7d,pool,normal,2026-10-06 10:31:23,escrow_drain,critical,"Across Ethereum SpokePool, 7 believed-normal days (shortened: ~21k transfers/day) lost $54.1K net in the last hour: 17% of its $327.4K escrow.",0x7fe837267c0a626abd934cb8e51b7ad5d456678e5510385366508821e9348902,WETH,939,0.34,16.51,0xc02aaa39b223fe8d0a0e5c4f27ead9083c756cc2,,False,32,none,
across-spokepool-7d,pool,normal,2026-10-06 13:34:23,escrow_drain,critical,"Across Ethereum SpokePool, 7 believed-normal days (shortened: ~21k transfers/day) lost $59.8K net in the last hour: 17% of its $351.5K escrow.",0xe6bb19e039fa40864690f992a5de01e4335d9e24554f528f502a49fc7d3d47dd,WETH,92332,24.04,17.01,0xc186fa914353c44b2e33ebe05f21846f1048beda,False,True,35,none,
across-spokepool-7d,pool,normal,2026-10-06 15:39:59,escrow_drain,critical,"Across Ethereum SpokePool, 7 believed-normal days (shortened: ~21k transfers/day) lost $42.0K net in the last hour: 9% of its $457.3K escrow.",0xd1d1216692facb92c0fdb4b03e3d0f56f86a1cc7d142291fd32acd099351aa41,WETH,122534,19.2,-12.78,0x07ae8551be970cb1cca11dd7a11f47ae82e70e67,False,True,37,none,
across-spokepool-7d,pool,normal,2026-10-07 00:00:35,outflow_spike,critical,"$618.9K left Across Ethereum SpokePool, 7 believed-normal days (shortened: ~21k transfers/day) in the last 10 minutes; about $18.9K is normal at this hour.",0x02c451fcf112dd28d79b4d593933fee1cf44799070af7e1a33e79cbbe2cb9dcc,WETH,88,0.03,-51.68,0xc02aaa39b223fe8d0a0e5c4f27ead9083c756cc2,,False,50,none,
across-spokepool-7d,pool,normal,2026-10-07 01:27:47,escrow_drain,critical,"Across Ethereum SpokePool, 7 believed-normal days (shortened: ~21k transfers/day) lost $350.2K net in the last hour: 52% of its $676.7K escrow.",0x6f9dc178c4c5d93b5208101f509a49218cd87dab805341db9a8763264fa88397,WETH,146,0.04,51.75,0xc02aaa39b223fe8d0a0e5c4f27ead9083c756cc2,,False,11,warning,net1h
across-spokepool-7d,pool,normal,2026-10-07 02:46:59,outflow_spike,critical,"$824.5K left Across Ethereum SpokePool, 7 believed-normal days (shortened: ~21k transfers/day) in the last 10 minutes; about $29.4K is normal at this hour.",0x2f2502ef6526a9ef8a3f00bc7c7f2da013efec8c88fa12d695d588e7d782fea2,WETH,556165,40.94,-88.2,0x07ae8551be970cb1cca11dd7a11f47ae82e70e67,False,True,34,none,
across-spokepool-7d,pool,normal,2026-10-07 03:08:59,escrow_drain,critical,"Across Ethereum SpokePool, 7 believed-normal days (shortened: ~21k transfers/day) lost $92.4K net in the last hour: 9% of its $1.0M escrow.",0x3c7384394581e2336ca5b548fe32ed7d52e4706178b84e4e3563c1b1fe2ffd1b,WETH,10,0.0,8.87,0xc02aaa39b223fe8d0a0e5c4f27ead9083c756cc2,,False,43,none,
across-spokepool-7d,pool,normal,2026-10-07 07:33:11,escrow_drain,critical,"Across Ethereum SpokePool, 7 believed-normal days (shortened: ~21k transfers/day) lost $249.9K net in the last hour: 41% of its $604.3K escrow.",0x53b9fff489b396af6ba12912c2daea91fa984f12863fc78d46d690802226edd3,WETH,342211,49.12,41.35,0x07ae8551be970cb1cca11dd7a11f47ae82e70e67,False,True,38,none,
across-spokepool-7d,pool,normal,2026-10-07 08:49:47,outflow_spike,critical,"$837.9K left Across Ethereum SpokePool, 7 believed-normal days (shortened: ~21k transfers/day) in the last 10 minutes; about $19.6K is normal at this hour.",0x404304f673e3757430e62ba8dec17190d02692db2d1f6158084a00f9a888e879,WETH,827545,54.89,-109.09,0x4216e5ae6021c523aae05b6ac6824f3c096cf905,False,True,26,none,
celer-cbridge-30d,pool,normal,2026-09-11 21:59:47,escrow_drain,critical,"Celer cBridge pool-based Bridge, 30 believed-normal days lost $138.6K net in the last hour: 8% of its $1.7M escrow.",0xe1626c71af8aafcd5d14780933d8d16dbb5dd66459c2b2044abcebd5d94b01ce,USDT,138562,8.0,8.0,0x86c684e61cf0202a78e6a2225523b465c063a36d,True,False,1,none,
celer-cbridge-30d,pool,normal,2026-09-12 08:36:11,escrow_drain,critical,"Celer cBridge pool-based Bridge, 30 believed-normal days lost $89.3K net in the last hour: 5% of its $1.7M escrow.",0xb567323e5958d569e45facd08f2b69a52d816c9055d9d40c2598c88a39bffc4b,USDT,12558,0.77,5.23,0xb312628fc7454dc2d492e5fcd59b85c6653bc26f,True,False,1,none,
celer-cbridge-30d,pool,normal,2026-09-15 00:04:59,escrow_drain,critical,"Celer cBridge pool-based Bridge, 30 believed-normal days lost $82.1K net in the last hour: 5% of its $1.6M escrow.",0xe6492a322693200272e90444a294c0fa3968c6af5ffaf85f98cb8ef06256c7bf,USDC,54745,3.55,5.22,0xfd1f36897dd80a6dafd67cc6229209981203e1aa,False,False,2,none,
celer-cbridge-30d,pool,normal,2026-09-21 11:20:35,escrow_drain,critical,"Celer cBridge pool-based Bridge, 30 believed-normal days lost $196.7K net in the last hour: 12% of its $1.7M escrow.",0xe4b00a8fccfba13dc93ecf9a55236208a8b41943ffce57f6e58bc437bbc5ae86,USDC,199970,11.78,11.6,0x4e1871b79717e2c5bfdaf94b1b52ac8bae28dd45,True,False,1,none,
celer-cbridge-30d,pool,normal,2026-09-21 19:19:47,escrow_drain,critical,"Celer cBridge pool-based Bridge, 30 believed-normal days lost $200.0K net in the last hour: 13% of its $1.5M escrow.",0xeaacbad8fe350989628f750d661ef0cb1fa4b04e1ea86fc1ab21dbb989864453,USDT,199970,13.28,13.28,0xeae523397cb7e43a4e13b8aa930f6ea501f7bba9,False,True,1,none,
celer-cbridge-30d,pool,normal,2026-09-30 12:29:47,escrow_drain,critical,"Celer cBridge pool-based Bridge, 30 believed-normal days lost $220.3K net in the last hour: 13% of its $1.7M escrow.",0x7f787804bebbed345edff540e415da4dec3d4446cc90669a9fb71d34f14c6431,USDC,220340,12.74,12.74,0x5bc760b09dc6d2cca14e681aab1b9f7b590a02f9,True,False,1,none,
celer-cbridge-30d,pool,normal,2026-10-02 02:18:23,escrow_drain,critical,"Celer cBridge pool-based Bridge, 30 believed-normal days lost $249.6K net in the last hour: 15% of its $1.7M escrow.",0xa2cda59481fae665913dd8652dfe30e24107d8ecd9f06be680741065e6abed99,USDC,249965,14.88,14.86,0x8988530e4a525c1ce6920a85392b720e68e461a5,True,False,1,none,
celer-cbridge-30d,pool,normal,2026-10-02 15:31:59,escrow_drain,critical,"Celer cBridge pool-based Bridge, 30 believed-normal days lost $100.0K net in the last hour: 7% of its $1.5M escrow.",0x32b63ff71d64b501d43f7be8158b556c94a5a737cbe1d634cdf86714aae20958,USDT,49985,3.43,6.63,0x9d05c549b48fce12e7b658a87e32c9691793562b,False,False,1,none,
celer-cbridge-30d,pool,normal,2026-10-03 00:04:35,escrow_drain,critical,"Celer cBridge pool-based Bridge, 30 believed-normal days lost $103.1K net in the last hour: 7% of its $1.5M escrow.",0x9e0049b3093394d256a66e34d8a2689f6249fc73524a3f30f19daef4b4b1ac84,WETH,103102,6.91,6.91,0xc02aaa39b223fe8d0a0e5c4f27ead9083c756cc2,,False,1,none,
celer-cbridge-30d,pool,normal,2026-10-06 11:28:59,escrow_drain,critical,"Celer cBridge pool-based Bridge, 30 believed-normal days lost $97.0K net in the last hour: 6% of its $1.6M escrow.",0xb3421605ff2ada481b9ef9de3019e2865da50d0803b7faa08bd475ad414f6ce6,USDT,99980,6.37,6.19,0x01b156a625d89a7dcd6769c04febd768b0b0728e,False,False,1,none,
kelp-rseth-adapter-prehack-30d,oft-adapter,normal,2026-03-05 09:29:47,outflow_spike,warning,"$1.6M left KelpDAO rsETH OFT adapter, 30 believed-normal days (Mar 2026, before the Apr 2026 hack) in the last 10 minutes; normally nothing leaves at this hour.",0xd5f665326692b382dc11627b978346b6c3f7383416775527c9de43a56a7b5014,rsETH,1574728,0.53,0.53,0xf7462251c14d2fb83c7ab96367a7985423c83010,False,True,1,none,
kelp-rseth-adapter-prehack-30d,oft-adapter,normal,2026-03-06 12:52:23,outflow_spike,warning,"$2.0M left KelpDAO rsETH OFT adapter, 30 believed-normal days (Mar 2026, before the Apr 2026 hack) in the last 10 minutes; normally nothing leaves at this hour.",0xaf0a61f3b523665300cace0b7c18e041554a6443f829db6bdea17ed4edfa1101,rsETH,2024650,0.68,0.68,0xf7462251c14d2fb83c7ab96367a7985423c83010,False,True,1,none,
kelp-rseth-adapter-prehack-30d,oft-adapter,normal,2026-03-06 14:38:11,outflow_spike,warning,"$2.0M left KelpDAO rsETH OFT adapter, 30 believed-normal days (Mar 2026, before the Apr 2026 hack) in the last 10 minutes; normally nothing leaves at this hour.",0x6c2436505fe24c171247735430e98904c265b29047010e60a3660a4369bee91c,rsETH,2024650,0.67,0.67,0xf7462251c14d2fb83c7ab96367a7985423c83010,False,True,1,none,
kelp-rseth-adapter-prehack-30d,oft-adapter,normal,2026-03-09 09:26:23,outflow_spike,warning,"$4.5M left KelpDAO rsETH OFT adapter, 30 believed-normal days (Mar 2026, before the Apr 2026 hack) in the last 10 minutes; normally nothing leaves at this hour.",0x3f1393e24830ed648bfc3f8e587092e2b28d43d2cf1957ea1be2cea9b94f25b2,rsETH,4499222,1.53,1.53,0xf7462251c14d2fb83c7ab96367a7985423c83010,False,True,1,none,
kelp-rseth-adapter-prehack-30d,oft-adapter,normal,2026-03-11 13:55:35,outflow_spike,warning,"$2.2M left KelpDAO rsETH OFT adapter, 30 believed-normal days (Mar 2026, before the Apr 2026 hack) in the last 10 minutes; normally nothing leaves at this hour.",0x68611abf49f3fd1f1da4ec6fbbe8ae37776ca0fb1ffdc4eaf866fb0a6ceab3d9,rsETH,2249611,0.74,0.74,0xf7462251c14d2fb83c7ab96367a7985423c83010,False,True,1,none,
kelp-rseth-adapter-prehack-30d,oft-adapter,normal,2026-03-12 08:51:11,outflow_spike,warning,"$2.2M left KelpDAO rsETH OFT adapter, 30 believed-normal days (Mar 2026, before the Apr 2026 hack) in the last 10 minutes; normally nothing leaves at this hour.",0xbfb2cfd8fdc9485490783d7f866793bfb7500bec074b93b98a76d1ac2dcc9aa7,rsETH,2182123,0.74,0.74,0xf7462251c14d2fb83c7ab96367a7985423c83010,False,True,1,none,
kelp-rseth-adapter-prehack-30d,oft-adapter,normal,2026-03-19 14:57:23,outflow_spike,warning,"$2.1M left KelpDAO rsETH OFT adapter, 30 believed-normal days (Mar 2026, before the Apr 2026 hack) in the last 10 minutes; normally nothing leaves at this hour.",0x68062896edf4a6f5e1cfc28d538134ec2a2e204e0da5ea752e558cd9dc7b72eb,rsETH,2069620,0.71,0.71,0xf7462251c14d2fb83c7ab96367a7985423c83010,False,True,1,none,
kelp-rseth-adapter-prehack-30d,oft-adapter,normal,2026-03-20 08:38:11,outflow_spike,warning,"$3.5M left KelpDAO rsETH OFT adapter, 30 believed-normal days (Mar 2026, before the Apr 2026 hack) in the last 10 minutes; normally nothing leaves at this hour.",0x5ff16c11fccefa03cb56a22da60e49021408da9b938d39954821a90d576e1eef,rsETH,3486897,1.21,1.56,0xf7462251c14d2fb83c7ab96367a7985423c83010,False,True,1,none,
kelp-rseth-adapter-prehack-30d,oft-adapter,normal,2026-03-23 12:51:23,outflow_spike,warning,"$2.2M left KelpDAO rsETH OFT adapter, 30 believed-normal days (Mar 2026, before the Apr 2026 hack) in the last 10 minutes; normally nothing leaves at this hour.",0x0acab6d102472d3e97e50328575206c1831a23583cdb63bc4afba5f67cc0b95c,rsETH,2249611,0.81,0.81,0xf7462251c14d2fb83c7ab96367a7985423c83010,False,True,1,none,
kelp-rseth-adapter-prehack-30d,oft-adapter,normal,2026-03-23 14:01:59,outflow_spike,warning,"$2.2M left KelpDAO rsETH OFT adapter, 30 believed-normal days (Mar 2026, before the Apr 2026 hack) in the last 10 minutes; normally nothing leaves at this hour.",0x1d0e297307e7ba704942bcfbcdcfddefa10a517d324a9026670b1256310602b3,rsETH,2249611,0.81,0.81,0xf7462251c14d2fb83c7ab96367a7985423c83010,False,True,1,none,
kelp-rseth-adapter-prehack-30d,oft-adapter,normal,2026-03-24 14:14:23,outflow_spike,warning,"$2.0M left KelpDAO rsETH OFT adapter, 30 believed-normal days (Mar 2026, before the Apr 2026 hack) in the last 10 minutes; normally nothing leaves at this hour.",0xa1faf4d5825c1444d088434c0296ad3ad1e5c468eb731937935bb9ee806f344d,rsETH,1957162,0.71,0.71,0xd8495b95a3a6a85f4e3baa003e8b7ed1ed85562d,False,True,2,none,
polygon-pos-erc20-30d,lockbox,normal,2026-10-07 09:05:23,withdrawal_burst,warning,"12 releases from Polygon PoS ERC20PredicateProxy, 30 believed-normal days in the last 10 minutes; about 0 is normal at this hour.",0xf5230092d198e702de006c04235ca33d85701e32c741f3c95207fdc3bd00cbec,USDC,376139,0.02,0.09,0xb019d62bd310ed75a090e145d74d51e03ee9b352,True,False,7,none,
polygon-pos-erc20-usdc-depeg-2023,lockbox,stress,2023-03-11 19:22:23,outflow_spike,warning,"$10.0M left Polygon PoS ERC20PredicateProxy, 30 days around the USDC depeg (24 Feb - 26 Mar 2023; SVB weekend 10-13 Mar) in the last 10 minutes; normally nothing leaves at this hour.",0x906e10aa7d0224388218646f816c4291c6bb672cb15e292a3d63bbcd53b236eb,USDT,10000000,0.55,0.59,0x742d35cc6634c0532925a3b844bc454e4438f44e,False,True,4,warning,spike
stargate-v2-usdc-30d,pool,normal,2026-09-10 12:44:23,outflow_spike,warning,"$789.6K left Stargate V2 USDC pool (StargatePoolUSDC), 30 believed-normal days in the last 10 minutes; about $1.0K is normal at this hour.",0x0de9a821905d69149f4219af839f0409ada394f15543d51c89e26266095fee0b,USDC,788160,1.5,0.01,0xf70da97812cb96acdf810712aa562db8dfa3dbef,False,True,5,none,
stargate-v2-usdc-30d,pool,normal,2026-09-10 18:31:47,outflow_spike,warning,"$969.7K left Stargate V2 USDC pool (StargatePoolUSDC), 30 believed-normal days in the last 10 minutes; about $1.8K is normal at this hour.",0x67ca763b755122fe5a9f5e53f49b088470bc69204bef59dcb4c6f98c46d0e57e,USDC,968551,1.69,1.11,0xf70da97812cb96acdf810712aa562db8dfa3dbef,False,True,6,none,
stargate-v2-usdc-30d,pool,normal,2026-09-10 19:48:35,outflow_spike,warning,"$989.6K left Stargate V2 USDC pool (StargatePoolUSDC), 30 believed-normal days in the last 10 minutes; about $1.3K is normal at this hour.",0x93def50daded25acd4acb3ccb9b0499ae79a1e99634768d2e833ad0fc83b92aa,USDC,989488,1.68,-1.61,0xf70da97812cb96acdf810712aa562db8dfa3dbef,False,True,3,none,
stargate-v2-usdc-30d,pool,normal,2026-09-10 23:18:35,outflow_spike,warning,"$829.0K left Stargate V2 USDC pool (StargatePoolUSDC), 30 believed-normal days in the last 10 minutes; about $518 is normal at this hour.",0xd8472abd193263245791cfe5fcc7482372e732e3d92c879387c760e51f2d26d2,USDC,828048,1.31,-2.0,0xf70da97812cb96acdf810712aa562db8dfa3dbef,False,True,3,none,
stargate-v2-usdc-30d,pool,normal,2026-09-11 02:39:47,outflow_spike,warning,"$889.8K left Stargate V2 USDC pool (StargatePoolUSDC), 30 believed-normal days in the last 10 minutes; about $1.0K is normal at this hour.",0x1cae2d5a444217595b05919fe37916d3c8974600cc6d3b9e9e64c3d6c1b5d4e2,USDC,889816,1.43,1.43,0xf70da97812cb96acdf810712aa562db8dfa3dbef,False,True,2,none,
stargate-v2-usdc-30d,pool,normal,2026-09-11 05:31:35,outflow_spike,warning,"$1.0M left Stargate V2 USDC pool (StargatePoolUSDC), 30 believed-normal days in the last 10 minutes; about $320 is normal at this hour.",0xa8e09aa4f899fc93a3716ff5d1d25405a4452bb0846cd4dd2dd17ba57c4ba9b2,USDC,1021884,1.69,1.69,0xf70da97812cb96acdf810712aa562db8dfa3dbef,False,True,2,none,
stargate-v2-usdc-30d,pool,normal,2026-09-11 08:56:11,outflow_spike,warning,"$1.0M left Stargate V2 USDC pool (StargatePoolUSDC), 30 believed-normal days in the last 10 minutes; about $843 is normal at this hour.",0x844993b50efc981d63cdf1f7200f6951d05949fd700e18a53e83ed767374e173,USDC,1016927,1.71,1.85,0xf70da97812cb96acdf810712aa562db8dfa3dbef,False,True,4,none,
stargate-v2-usdc-30d,pool,normal,2026-09-11 14:00:47,outflow_spike,warning,"$976.7K left Stargate V2 USDC pool (StargatePoolUSDC), 30 believed-normal days in the last 10 minutes; about $1.5K is normal at this hour.",0xf4803042ec47b4eb3ab3749272221650e8138f8e210e7c59b3fa813e1df22c88,USDC,976594,1.68,1.91,0xf70da97812cb96acdf810712aa562db8dfa3dbef,False,True,5,none,
stargate-v2-usdc-30d,pool,normal,2026-09-11 15:32:11,escrow_drain,critical,"Stargate V2 USDC pool (StargatePoolUSDC), 30 believed-normal days lost $9.2M net in the last hour: 16% of its $57.1M escrow.",0xdd729e51c398786474880ff29f9f3bb37d138b195d6efea70a601320e532e612,USDC,9198114,16.11,16.09,0x05ff6964d21e5dae3b1010d5ae0465b3c450f381,True,False,2,warning,conc+fresh+net1h+size
stargate-v2-usdc-30d,pool,normal,2026-09-11 15:32:11,outflow_spike,critical,"$9.2M left Stargate V2 USDC pool (StargatePoolUSDC), 30 believed-normal days in the last 10 minutes; about $2.2K is normal at this hour.",0xdd729e51c398786474880ff29f9f3bb37d138b195d6efea70a601320e532e612,USDC,9198114,16.11,16.09,0x05ff6964d21e5dae3b1010d5ae0465b3c450f381,True,False,2,warning,conc+fresh+net1h+size
stargate-v2-usdc-30d,pool,normal,2026-09-11 15:32:11,large_withdrawal,critical,"One release of $9.2M left Stargate V2 USDC pool (StargatePoolUSDC), 30 believed-normal days: 16.1% of its $57.1M escrow.",0xdd729e51c398786474880ff29f9f3bb37d138b195d6efea70a601320e532e612,USDC,9198114,16.11,16.09,0x05ff6964d21e5dae3b1010d5ae0465b3c450f381,True,False,2,warning,conc+fresh+net1h+size
stargate-v2-usdc-30d,pool,normal,2026-09-11 16:56:23,large_withdrawal,warning,"One release of $1.0M left Stargate V2 USDC pool (StargatePoolUSDC), 30 believed-normal days: 2.2% of its $47.1M escrow.",0xc387af196bb49f652fb700df7b92861df7b52c1b9199abb2c942308fdc16e738,USDC,1022860,2.17,3.82,0xf70da97812cb96acdf810712aa562db8dfa3dbef,False,True,3,none,
stargate-v2-usdc-30d,pool,normal,2026-09-11 19:58:35,outflow_spike,warning,"$1.0M left Stargate V2 USDC pool (StargatePoolUSDC), 30 believed-normal days in the last 10 minutes; about $2.1K is normal at this hour.",0xb0169ad4a1568ca5de78f2363ccf8858db7354fa3a1b9a74ccc685398b2dbc2d,USDC,1012114,2.08,-2.14,0xf70da97812cb96acdf810712aa562db8dfa3dbef,False,True,7,none,
stargate-v2-usdc-30d,pool,normal,2026-09-11 19:58:35,large_withdrawal,warning,"One release of $1.0M left Stargate V2 USDC pool (StargatePoolUSDC), 30 believed-normal days: 2.1% of its $48.7M escrow.",0xb0169ad4a1568ca5de78f2363ccf8858db7354fa3a1b9a74ccc685398b2dbc2d,USDC,1012114,2.08,-2.14,0xf70da97812cb96acdf810712aa562db8dfa3dbef,False,True,7,none,
stargate-v2-usdc-30d,pool,normal,2026-09-11 23:23:59,outflow_spike,warning,"$1.0M left Stargate V2 USDC pool (StargatePoolUSDC), 30 believed-normal days in the last 10 minutes; about $771 is normal at this hour.",0x5c0b9a4facff7b0aae8ae45c3019f2596dab470f8343a7e798025e2e0a231421,USDC,1004897,2.0,0.02,0xf70da97812cb96acdf810712aa562db8dfa3dbef,False,True,4,none,
stargate-v2-usdc-30d,pool,normal,2026-09-12 05:35:23,outflow_spike,warning,"$946.1K left Stargate V2 USDC pool (StargatePoolUSDC), 30 believed-normal days in the last 10 minutes; about $1.5K is normal at this hour.",0x1eddd78d93e5a6d6dd0b866fc7358ed31ac997c03313dba22c376bf14aa6223e,USDC,946106,1.79,1.96,0xf70da97812cb96acdf810712aa562db8dfa3dbef,False,True,1,none,
stargate-v2-usdc-30d,pool,normal,2026-09-12 16:50:35,outflow_spike,warning,"$984.4K left Stargate V2 USDC pool (StargatePoolUSDC), 30 believed-normal days in the last 10 minutes; about $1.5K is normal at this hour.",0xdbb8ad557b05c743c9959fa75f08cf065d8b961f5af843620d4c7a81e9dcab02,USDC,983963,1.82,1.84,0xf70da97812cb96acdf810712aa562db8dfa3dbef,False,True,4,none,
stargate-v2-usdc-30d,pool,normal,2026-09-12 19:31:47,outflow_spike,warning,"$1.0M left Stargate V2 USDC pool (StargatePoolUSDC), 30 believed-normal days in the last 10 minutes; about $2.1K is normal at this hour.",0x7f5ca3ce44cbee7f03a79d09bf36b51728e685e825a7ba1fb74c6462534dccbe,USDC,1005510,1.89,1.91,0xf70da97812cb96acdf810712aa562db8dfa3dbef,False,True,4,none,
stargate-v2-usdc-30d,pool,normal,2026-09-12 20:25:23,large_withdrawal,warning,"One release of $1.1M left Stargate V2 USDC pool (StargatePoolUSDC), 30 believed-normal days: 2.0% of its $52.1M escrow.",0x2ac0dfebb2e5270d635ad412a386fa0e46ba216156b49b90b1c2b2b257a2fdac,USDC,1053977,2.02,3.89,0xf70da97812cb96acdf810712aa562db8dfa3dbef,False,True,6,none,
stargate-v2-usdc-30d,pool,normal,2026-09-12 23:08:59,outflow_spike,warning,"$859.7K left Stargate V2 USDC pool (StargatePoolUSDC), 30 believed-normal days in the last 10 minutes; about $1.0K is normal at this hour.",0xe7957bd2e01a4a8d2919fa44dc2e6ae8be63e37e8911b69bd9dfc28150d03b62,USDC,859403,1.68,1.69,0xf70da97812cb96acdf810712aa562db8dfa3dbef,False,True,3,none,
stargate-v2-usdc-30d,pool,normal,2026-09-13 00:47:11,outflow_spike,critical,"$1.0M left Stargate V2 USDC pool (StargatePoolUSDC), 30 believed-normal days in the last 10 minutes; about $939 is normal at this hour.",0xd03603893a5d95ebb441af5b55a1e34d65b5ba5e707df132c20b31b6fa82ba9e,USDC,499995,0.78,-27.41,0x163aaf1081d88a5c1f0a64124d8f22718a75ced6,True,False,4,none,
stargate-v2-usdc-30d,pool,normal,2026-09-13 00:48:35,withdrawal_burst,warning,"12 releases from Stargate V2 USDC pool (StargatePoolUSDC), 30 believed-normal days in the last 10 minutes; about 2 is normal at this hour.",0x3e826bd6f3726f7354410880ca97c5b3b490aa193786b4a1a9613a064c16e667,USDC,499995,0.82,-20.42,0x89267d2417509bc184546fd7c76b329db288bd45,True,False,11,none,
stargate-v2-usdc-30d,pool,normal,2026-09-13 01:22:23,escrow_drain,critical,"Stargate V2 USDC pool (StargatePoolUSDC), 30 believed-normal days lost $6.8M net in the last hour: 12% of its $58.1M escrow.",0xdab597c656d4c03cbb630e7a19ad02b315dc5e9896a2b9f5f70dd82415ea76e1,USDC,1999,0.0,11.68,0x334d106d29ee00542813f2ad976a4e3d09f4c559,False,False,3,warning,crowd+net1h+spike
stargate-v2-usdc-30d,pool,normal,2026-09-13 17:50:23,outflow_spike,warning,"$1.2M left Stargate V2 USDC pool (StargatePoolUSDC), 30 believed-normal days in the last 10 minutes; about $900 is normal at this hour.",0x7c899c42a9e458ac5acb99e9a2985515ee32a4db48c5d8980641ab6a563f1ab4,USDC,1226826,2.4,2.41,0xf70da97812cb96acdf810712aa562db8dfa3dbef,False,True,2,none,
stargate-v2-usdc-30d,pool,normal,2026-09-13 17:50:23,large_withdrawal,warning,"One release of $1.2M left Stargate V2 USDC pool (StargatePoolUSDC), 30 believed-normal days: 2.4% of its $51.2M escrow.",0x7c899c42a9e458ac5acb99e9a2985515ee32a4db48c5d8980641ab6a563f1ab4,USDC,1226826,2.4,2.41,0xf70da97812cb96acdf810712aa562db8dfa3dbef,False,True,2,none,
stargate-v2-usdc-30d,pool,normal,2026-09-14 02:29:23,outflow_spike,warning,"$1.1M left Stargate V2 USDC pool (StargatePoolUSDC), 30 believed-normal days in the last 10 minutes; about $901 is normal at this hour.",0x535316374d47d25fa38eb77a9695477d16a76a834fe0d83f15d46b3c57e6907d,USDC,1075779,1.91,1.91,0xf70da97812cb96acdf810712aa562db8dfa3dbef,False,True,2,none,
stargate-v2-usdc-30d,pool,normal,2026-09-14 20:32:35,outflow_spike,warning,"$652.0K left Stargate V2 USDC pool (StargatePoolUSDC), 30 believed-normal days in the last 10 minutes; about $819 is normal at this hour.",0x23f464c1c8ef2eea2aec7b4e2f7171f8ccfdd4e9abc5cf2af4a803b66607a1ca,USDC,651992,1.17,1.18,0x1041d127b2d4bc700f0f563883bc689502606918,True,False,1,warning,fresh
stargate-v2-usdc-30d,pool,normal,2026-09-15 15:49:59,outflow_spike,warning,"$1.0M left Stargate V2 USDC pool (StargatePoolUSDC), 30 believed-normal days in the last 10 minutes; about $1.6K is normal at this hour.",0x4b5776718777c715c9182fdfa6ad224617b6f06e13b79036831f5531d6b8058d,USDC,1011376,1.84,1.94,0xf70da97812cb96acdf810712aa562db8dfa3dbef,False,True,6,none,
stargate-v2-usdc-30d,pool,normal,2026-09-15 22:08:23,outflow_spike,warning,"$990.4K left Stargate V2 USDC pool (StargatePoolUSDC), 30 believed-normal days in the last 10 minutes; about $258 is normal at this hour.",0xd77378adcdc025a603a98a0312f44572ee6e049de1110aec2344b3879addd505,USDC,990000,1.88,1.91,0xf70da97812cb96acdf810712aa562db8dfa3dbef,False,True,3,none,
stargate-v2-usdc-30d,pool,normal,2026-09-15 23:28:11,outflow_spike,warning,"$1000.0K left Stargate V2 USDC pool (StargatePoolUSDC), 30 believed-normal days in the last 10 minutes; about $1.1K is normal at this hour.",0x53d39de002ea0d5009bdc9a96f06d8b7830e5dbd86fbf9398ebbd84c4e286c12,USDC,998750,1.93,1.96,0xf70da97812cb96acdf810712aa562db8dfa3dbef,False,True,4,none,
stargate-v2-usdc-30d,pool,normal,2026-09-16 00:59:59,outflow_spike,warning,"$949.0K left Stargate V2 USDC pool (StargatePoolUSDC), 30 believed-normal days in the last 10 minutes; about $1.2K is normal at this hour.",0x5bbe2c0cd7fe674f5c56b2b17b1c8d240c850cbbecb43228eb4ac9cb97d7b462,USDC,942005,1.78,-2.56,0xf70da97812cb96acdf810712aa562db8dfa3dbef,False,True,6,none,
stargate-v2-usdc-30d,pool,normal,2026-09-16 03:01:23,outflow_spike,warning,"$863.2K left Stargate V2 USDC pool (StargatePoolUSDC), 30 believed-normal days in the last 10 minutes; about $961 is normal at this hour.",0xca5bc84536613f4318c79c279aa7e2fd3fe421feae4e8c9adffb2ff0e561b5ca,USDC,862658,1.51,-7.69,0xf70da97812cb96acdf810712aa562db8dfa3dbef,False,True,4,none,
stargate-v2-usdc-30d,pool,normal,2026-09-16 04:13:35,outflow_spike,warning,"$971.3K left Stargate V2 USDC pool (StargatePoolUSDC), 30 believed-normal days in the last 10 minutes; about $208 is normal at this hour.",0xd9c4587d03344c7787a4a65fa4235eea699a455826d1ab3dae9b78752e9569fb,USDC,971325,1.69,0.38,0xf70da97812cb96acdf810712aa562db8dfa3dbef,False,True,2,none,
stargate-v2-usdc-30d,pool,normal,2026-09-16 05:27:59,outflow_spike,warning,"$995.4K left Stargate V2 USDC pool (StargatePoolUSDC), 30 believed-normal days in the last 10 minutes; about $146 is normal at this hour.",0x018760f823f9e595fefaf82d4746d557d0beb009e5990e6c767d7b12714d23a9,USDC,995395,1.76,1.76,0xf70da97812cb96acdf810712aa562db8dfa3dbef,False,True,1,none,
stargate-v2-usdc-30d,pool,normal,2026-09-16 09:46:47,outflow_spike,warning,"$850.6K left Stargate V2 USDC pool (StargatePoolUSDC), 30 believed-normal days in the last 10 minutes; about $1.2K is normal at this hour.",0xd8c9a50725fa3b7e73c1db4704f8a17dc3faf42e724d7db5c37eb5fe37807c48,USDC,850393,1.57,1.57,0xf70da97812cb96acdf810712aa562db8dfa3dbef,False,True,3,none,
stargate-v2-usdc-30d,pool,normal,2026-09-16 13:28:35,outflow_spike,warning,"$999.1K left Stargate V2 USDC pool (StargatePoolUSDC), 30 believed-normal days in the last 10 minutes; about $1.6K is normal at this hour.",0x9ee3c41fcc9304bd1cea7dfebe445d18bf230783b61934af769906135aa4434a,USDC,997194,1.88,1.94,0xf70da97812cb96acdf810712aa562db8dfa3dbef,False,True,6,none,
stargate-v2-usdc-30d,pool,normal,2026-09-16 16:03:47,outflow_spike,warning,"$1.0M left Stargate V2 USDC pool (StargatePoolUSDC), 30 believed-normal days in the last 10 minutes; about $1.0K is normal at this hour.",0xf77a94bcc64bf889d5a46944c976972f870f462df89853190859b98cdf64b521,USDC,1014956,1.96,1.96,0xf70da97812cb96acdf810712aa562db8dfa3dbef,False,True,8,none,
stargate-v2-usdc-30d,pool,normal,2026-09-16 21:59:23,outflow_spike,critical,"$1.0M left Stargate V2 USDC pool (StargatePoolUSDC), 30 believed-normal days in the last 10 minutes; about $559 is normal at this hour.",0x2810a235a12c87c83813c696db60a559bef76cf7558eebba1fd0972edbe6bf75,USDC,499995,0.74,-25.68,0xbac2dc2cc75e29f71a7aa47fb65b01ea8ff3492c,True,False,4,none,
stargate-v2-usdc-30d,pool,normal,2026-09-16 22:00:47,withdrawal_burst,warning,"12 releases from Stargate V2 USDC pool (StargatePoolUSDC), 30 believed-normal days in the last 10 minutes; about 2 is normal at this hour.",0xfb5f0bb23551a690bfd111cb992dd2d246cfe2ed5a4b8b6a3cdc419778ca68f1,USDC,499995,0.78,-19.13,0x9f821e6abbf7e0d952b5256daf048d2c24fbc1a7,True,False,9,none,
stargate-v2-usdc-30d,pool,normal,2026-09-16 22:34:11,escrow_drain,critical,"Stargate V2 USDC pool (StargatePoolUSDC), 30 believed-normal days lost $8.2M net in the last hour: 13% of its $61.7M escrow.",0xf460fdd3e0affa43ecda8812bff33807de9fcb31ee2adcdab407bdd231268b91,USDC,0,0.0,13.24,0xb5d8d199abfa337e153f4f88365268057c08bc4a,True,False,3,warning,crowd+net1h
stargate-v2-usdc-30d,pool,normal,2026-09-18 04:13:47,outflow_spike,warning,"$854.4K left Stargate V2 USDC pool (StargatePoolUSDC), 30 believed-normal days in the last 10 minutes; about $45 is normal at this hour.",0xe39dd3916285a679fc57868dca0acc212ce906f83dc05128e93c91783d9dd10e,USDC,854198,1.14,1.14,0xf70da97812cb96acdf810712aa562db8dfa3dbef,False,True,2,none,
stargate-v2-usdc-30d,pool,normal,2026-09-18 09:45:47,outflow_spike,warning,"$600.9K left Stargate V2 USDC pool (StargatePoolUSDC), 30 believed-normal days in the last 10 minutes; about $911 is normal at this hour.",0xbff8f233bacbbad415ac86ab4373550b864575af4fd4b4c4a24edcc6619532fe,USDC,900,0.0,0.68,0xc4c74b5297d5bcc031583b002ae2b22e6b5e54ea,True,False,5,none,
stargate-v2-usdc-30d,pool,normal,2026-09-18 20:23:59,outflow_spike,warning,"$1.0M left Stargate V2 USDC pool (StargatePoolUSDC), 30 believed-normal days in the last 10 minutes; about $537 is normal at this hour.",0xfe7e95178f75b38829e509e823030c4ba51df8939ec5f607b39e98f2e8473877,USDC,999976,1.36,1.34,0x8e36f3a463b2a901f1e96f0bd18eee85b2c253c2,True,False,3,warning,fresh
stargate-v2-usdc-30d,pool,normal,2026-09-18 22:37:59,outflow_spike,warning,"$981.0K left Stargate V2 USDC pool (StargatePoolUSDC), 30 believed-normal days in the last 10 minutes; about $248 is normal at this hour.",0x3cc404f0e3ac51bd4c637d69bcf9e3e1aab9ac328d7b45bf3b3f55d86b398b87,USDC,980740,1.35,1.34,0xf70da97812cb96acdf810712aa562db8dfa3dbef,False,True,3,none,
stargate-v2-usdc-30d,pool,normal,2026-09-19 04:56:59,outflow_spike,warning,"$1.0M left Stargate V2 USDC pool (StargatePoolUSDC), 30 believed-normal days in the last 10 minutes; about $100 is normal at this hour.",0xe215e7dbac24599b14aa4b0e8e59e57b0e562987c2b64cbf988a631b86b11eba,USDC,1000000,1.37,1.41,0x8e36f3a463b2a901f1e96f0bd18eee85b2c253c2,False,False,3,none,
stargate-v2-usdc-30d,pool,normal,2026-09-19 11:36:11,outflow_spike,warning,"$933.7K left Stargate V2 USDC pool (StargatePoolUSDC), 30 believed-normal days in the last 10 minutes; about $1.5K is normal at this hour.",0x9225d442d7bda1c488dbf7a0ca329db8aa1816b66d24a0b7059125a29d200494,USDC,932380,1.3,1.29,0xf70da97812cb96acdf810712aa562db8dfa3dbef,False,True,4,none,
stargate-v2-usdc-30d,pool,normal,2026-09-19 14:45:35,outflow_spike,warning,"$994.0K left Stargate V2 USDC pool (StargatePoolUSDC), 30 believed-normal days in the last 10 minutes; about $2.5K is normal at this hour.",0xb0dc0323d9530e842f4bcae583f512efeb8d2cc566d8be2f767675d69e9304a1,USDC,994008,1.41,1.41,0xf70da97812cb96acdf810712aa562db8dfa3dbef,False,True,2,none,
stargate-v2-usdc-30d,pool,normal,2026-09-19 22:26:23,outflow_spike,warning,"$870.8K left Stargate V2 USDC pool (StargatePoolUSDC), 30 believed-normal days in the last 10 minutes; about $365 is normal at this hour.",0xc7c0ca23df480f481d928a053370c2d7b1e474bf7ef2dfef6a7b0f13edc42d0d,USDC,870730,1.13,1.02,0xf70da97812cb96acdf810712aa562db8dfa3dbef,False,True,2,none,
stargate-v2-usdc-30d,pool,normal,2026-09-20 07:50:47,outflow_spike,warning,"$800.0K left Stargate V2 USDC pool (StargatePoolUSDC), 30 believed-normal days in the last 10 minutes; about $290 is normal at this hour.",0x4cd3ba8b520be5c14e09a3e47b134f1b598e1d95ea33f8d5b2cad7a517614f46,USDC,800000,1.02,1.0,0x8e36f3a463b2a901f1e96f0bd18eee85b2c253c2,False,False,2,none,
stargate-v2-usdc-30d,pool,normal,2026-09-20 17:48:11,outflow_spike,warning,"$981.4K left Stargate V2 USDC pool (StargatePoolUSDC), 30 believed-normal days in the last 10 minutes; about $989 is normal at this hour.",0xfb7e903133fcb6a6accced0a280fdcf769c25d3bb8052728c666c79622e2dd89,USDC,981181,1.25,1.25,0xf70da97812cb96acdf810712aa562db8dfa3dbef,False,True,3,none,
stargate-v2-usdc-30d,pool,normal,2026-09-21 02:44:35,outflow_spike,warning,"$963.4K left Stargate V2 USDC pool (StargatePoolUSDC), 30 believed-normal days in the last 10 minutes; about $227 is normal at this hour.",0x69c6629ae67dfe85572c2b2d6f4bd8e11915e468363ad563f3f283d33d6d34ad,USDC,963441,1.25,1.24,0xf70da97812cb96acdf810712aa562db8dfa3dbef,False,True,2,none,
stargate-v2-usdc-30d,pool,normal,2026-09-21 04:20:11,outflow_spike,warning,"$1.0M left Stargate V2 USDC pool (StargatePoolUSDC), 30 believed-normal days in the last 10 minutes; about $143 is normal at this hour.",0x87dcd780109fc4877379c093618d4f0e804776e055c88aa0c31608749c857192,USDC,1000000,1.29,1.29,0x8e36f3a463b2a901f1e96f0bd18eee85b2c253c2,False,False,2,none,
stargate-v2-usdc-30d,pool,normal,2026-09-21 07:09:23,outflow_spike,warning,"$970.3K left Stargate V2 USDC pool (StargatePoolUSDC), 30 believed-normal days in the last 10 minutes; about $290 is normal at this hour.",0x3ad12abdd58450345513a2934001d1a8cc53e95a60b33b7c594a7e3066f14449,USDC,969999,1.25,-0.36,0xbc2dbe6370b7de6ab1b3a68d7b6f12a9c72f0f6f,True,False,2,warning,fresh
stargate-v2-usdc-30d,pool,normal,2026-09-21 15:13:47,outflow_spike,warning,"$1.2M left Stargate V2 USDC pool (StargatePoolUSDC), 30 believed-normal days in the last 10 minutes; about $982 is normal at this hour.",0xae01d25f3907b3c0f29fad0fb3fd9c89b925e73e4ab0c798db2204706ff567ac,USDC,1184659,1.56,1.57,0xf70da97812cb96acdf810712aa562db8dfa3dbef,False,True,6,none,
stargate-v2-usdc-30d,pool,normal,2026-09-23 06:02:11,outflow_spike,warning,"$1.1M left Stargate V2 USDC pool (StargatePoolUSDC), 30 believed-normal days in the last 10 minutes; about $310 is normal at this hour.",0x4962d278ce8136397ccd2aa6f36df20a8298e99e275695ef4f9de0d2e15e187d,USDC,1000000,1.22,-0.76,0x24ea1c56663074a6b12639ef6cfc61aa2922607b,False,False,3,none,
stargate-v2-usdc-30d,pool,normal,2026-09-23 12:13:59,outflow_spike,warning,"$738.9K left Stargate V2 USDC pool (StargatePoolUSDC), 30 believed-normal days in the last 10 minutes; about $397 is normal at this hour.",0xfe125cd316da0e823ad090ddea0b472cc618aaaf29813eeb2f112d6500ec628b,USDC,738873,0.91,0.5,0xf70da97812cb96acdf810712aa562db8dfa3dbef,False,True,1,none,
stargate-v2-usdc-30d,pool,normal,2026-09-24 10:24:23,outflow_spike,warning,"$774.3K left Stargate V2 USDC pool (StargatePoolUSDC), 30 believed-normal days in the last 10 minutes; about $61 is normal at this hour.",0x604aba91347cc6ba36654bd1de311c2dc025bd27b96470f7644aa5d1f78a256e,USDC,404360,0.5,0.84,0xf70da97812cb96acdf810712aa562db8dfa3dbef,False,True,2,none,
stargate-v2-usdc-30d,pool,normal,2026-09-24 16:42:11,outflow_spike,warning,"$1.4M left Stargate V2 USDC pool (StargatePoolUSDC), 30 believed-normal days in the last 10 minutes; about $855 is normal at this hour.",0xb7e0deaf11c6ed6fcdb3d8fca665e66a4ad9747a05b59cbd3c566c41b53d3218,USDC,1424032,1.7,1.7,0xf70da97812cb96acdf810712aa562db8dfa3dbef,False,True,1,none,
stargate-v2-usdc-30d,pool,normal,2026-09-24 18:48:23,outflow_spike,warning,"$615.3K left Stargate V2 USDC pool (StargatePoolUSDC), 30 believed-normal days in the last 10 minutes; about $81 is normal at this hour.",0xa61e33b690162a15421bc600e64c948140994609163f9ff1c3f48bee0b4dc486,USDC,612094,0.75,0.73,0xf70da97812cb96acdf810712aa562db8dfa3dbef,False,True,2,none,
stargate-v2-usdc-30d,pool,normal,2026-09-24 20:44:35,outflow_spike,warning,"$828.9K left Stargate V2 USDC pool (StargatePoolUSDC), 30 believed-normal days in the last 10 minutes; about $28 is normal at this hour.",0xff21acb2d0d4479b1bb557716aa975a7bb547dd3cc77b84d64c147b0f4163d70,USDC,404353,0.5,1.0,0xf70da97812cb96acdf810712aa562db8dfa3dbef,False,True,4,none,
stargate-v2-usdc-30d,pool,normal,2026-09-24 23:39:35,outflow_spike,warning,"$963.1K left Stargate V2 USDC pool (StargatePoolUSDC), 30 believed-normal days in the last 10 minutes; normally nothing leaves at this hour.",0xed218cce624573b91b3671b559c85cd5c39c83182a89836421d1f988a28e434c,USDC,963090,0.96,0.95,0xf70da97812cb96acdf810712aa562db8dfa3dbef,False,True,1,none,
stargate-v2-usdc-30d,pool,normal,2026-09-25 08:46:11,outflow_spike,warning,"$920.8K left Stargate V2 USDC pool (StargatePoolUSDC), 30 believed-normal days in the last 10 minutes; about $263 is normal at this hour.",0x054035676cc3393786c75fdae40544b64c21a2367b226f66571fb2dfbc62326c,USDC,920793,0.92,0.93,0xf70da97812cb96acdf810712aa562db8dfa3dbef,False,True,1,none,
stargate-v2-usdc-30d,pool,normal,2026-09-26 12:03:23,outflow_spike,warning,"$1.0M left Stargate V2 USDC pool (StargatePoolUSDC), 30 believed-normal days in the last 10 minutes; about $39 is normal at this hour.",0x40bad28ca3cc21c51a2a502fd52c36f633d59c6c0c0b987449f8a3f6062bd640,USDC,1004635,0.82,0.8,0xf70da97812cb96acdf810712aa562db8dfa3dbef,False,True,1,none,
stargate-v2-usdc-30d,pool,normal,2026-09-27 12:22:59,outflow_spike,warning,"$983.5K left Stargate V2 USDC pool (StargatePoolUSDC), 30 believed-normal days in the last 10 minutes; normally nothing leaves at this hour.",0x6e5d85da780922aa45e499a8567092e78d6f40ea28b19d69516987aced2ee995,USDC,983496,0.76,0.74,0xf70da97812cb96acdf810712aa562db8dfa3dbef,False,True,1,none,
stargate-v2-usdc-30d,pool,normal,2026-09-27 14:33:59,outflow_spike,warning,"$1.0M left Stargate V2 USDC pool (StargatePoolUSDC), 30 believed-normal days in the last 10 minutes; about $18 is normal at this hour.",0x0cd434d4fb7b194405307bf6c1ed1702182c1479d011b735dca4e4ae42d6c0a4,USDC,1010665,0.79,0.77,0xf70da97812cb96acdf810712aa562db8dfa3dbef,False,True,1,none,
stargate-v2-usdc-30d,pool,normal,2026-09-27 15:45:11,outflow_spike,warning,"$992.2K left Stargate V2 USDC pool (StargatePoolUSDC), 30 believed-normal days in the last 10 minutes; about $35 is normal at this hour.",0x93363eb70a3b5cd17e6e1f60abb496d88158890a5a21e1ba91ea85dc7a53e39d,USDC,992233,0.78,0.75,0xf70da97812cb96acdf810712aa562db8dfa3dbef,False,True,1,none,
stargate-v2-usdc-30d,pool,normal,2026-09-28 04:19:47,outflow_spike,warning,"$936.6K left Stargate V2 USDC pool (StargatePoolUSDC), 30 believed-normal days in the last 10 minutes; normally nothing leaves at this hour.",0xafe9a3f1fa935eeb6fc88a215a2b1ba589716a281e34048dfde54fc7e6b0212d,USDC,936615,0.74,1.18,0xf70da97812cb96acdf810712aa562db8dfa3dbef,False,True,1,none,
stargate-v2-usdc-30d,pool,normal,2026-09-29 00:57:23,outflow_spike,warning,"$916.7K left Stargate V2 USDC pool (StargatePoolUSDC), 30 believed-normal days in the last 10 minutes; normally nothing leaves at this hour.",0xb7df11831a702a90a5949da46cd7728f6e5b3aeee946bcb700a27da34ea3bdce,USDC,340783,0.22,0.95,0x36b81e076c843af86a7f92d1887b83869c866335,False,False,2,none,
stargate-v2-usdc-30d,pool,normal,2026-09-29 03:12:23,outflow_spike,critical,"$1000.0K left Stargate V2 USDC pool (StargatePoolUSDC), 30 believed-normal days in the last 10 minutes; normally nothing leaves at this hour.",0x2e4efa085e841a267921f1be29db43d3ecee3b823ed0f852f4c6c559615009a1,USDC,499995,0.33,0.99,0x02e0c191e2799c01280e75de6d4de9c7d260acee,True,False,2,none,
stargate-v2-usdc-30d,pool,normal,2026-09-29 03:40:47,escrow_drain,critical,"Stargate V2 USDC pool (StargatePoolUSDC), 30 believed-normal days lost $8.0M net in the last hour: 5% of its $151.6M escrow.",0x980c35cc3edab4843bbf56e850263b0097295cb18c289c4872ffd957522da076,USDC,499995,0.35,5.28,0x131b76a8bd94659f2bffd3f73692b0ed4931b1a6,True,False,5,none,
stargate-v2-usdc-30d,pool,normal,2026-09-29 04:22:47,withdrawal_burst,warning,"12 releases from Stargate V2 USDC pool (StargatePoolUSDC), 30 believed-normal days in the last 10 minutes; about 0 is normal at this hour.",0x02a6cb72dc2aa24fb6064fe9aa74107f3fa4989a1c5d53b6a45a9971f981435e,USDC,499995,0.38,13.32,0x291e60b36d11bdb191e6bc5098129e9fb2b4ba41,True,False,10,warning,crowd+net1h
stargate-v2-usdc-30d,pool,normal,2026-09-29 09:21:23,outflow_spike,warning,"$1.1M left Stargate V2 USDC pool (StargatePoolUSDC), 30 believed-normal days in the last 10 minutes; normally nothing leaves at this hour.",0xc4a408234c28d153fdf235dee3beaacff6814391152d9946d2689d92e0ca90f3,USDC,1108671,1.96,-3.05,0xf70da97812cb96acdf810712aa562db8dfa3dbef,False,True,1,none,
stargate-v2-usdc-30d,pool,normal,2026-09-29 14:14:35,outflow_spike,warning,"$855.9K left Stargate V2 USDC pool (StargatePoolUSDC), 30 believed-normal days in the last 10 minutes; normally nothing leaves at this hour.",0x6ad48e6a03d5bd3b61bc30d18cebdd5a7492bac531af7827648ad71f78e214f7,USDC,852696,1.45,1.51,0xf70da97812cb96acdf810712aa562db8dfa3dbef,False,True,3,none,
stargate-v2-usdc-30d,pool,normal,2026-09-30 10:09:11,outflow_spike,warning,"$688.6K left Stargate V2 USDC pool (StargatePoolUSDC), 30 believed-normal days in the last 10 minutes; normally nothing leaves at this hour.",0xd0cc302ffb7610f17f5d76bf359409b084fbb8ee3055c84d732dfb3040979118,USDC,343645,0.5,1.39,0xf70da97812cb96acdf810712aa562db8dfa3dbef,False,True,2,none,
stargate-v2-usdc-30d,pool,normal,2026-09-30 15:26:35,outflow_spike,warning,"$723.7K left Stargate V2 USDC pool (StargatePoolUSDC), 30 believed-normal days in the last 10 minutes; normally nothing leaves at this hour.",0xe2dc5c37adb4500fe1c5228a566ee0a664100446a77bae0df52eae73c6eb7281,USDC,721793,0.88,-2.31,0xf70da97812cb96acdf810712aa562db8dfa3dbef,False,True,5,none,
stargate-v2-usdc-30d,pool,normal,2026-10-01 04:03:47,outflow_spike,warning,"$1.7M left Stargate V2 USDC pool (StargatePoolUSDC), 30 believed-normal days in the last 10 minutes; normally nothing leaves at this hour.",0x16c3d1be92bdfec9072a3d426ca65b1f3f219520b89f4718be4da9b3870520bf,USDC,1674726,1.91,1.91,0xf70da97812cb96acdf810712aa562db8dfa3dbef,False,True,2,none,
stargate-v2-usdc-30d,pool,normal,2026-10-01 08:08:23,outflow_spike,critical,"$1000.0K left Stargate V2 USDC pool (StargatePoolUSDC), 30 believed-normal days in the last 10 minutes; normally nothing leaves at this hour.",0xa9b5e64a1885665d829abfb0fce0099d68a1ce2c0ce7a31e196ea4050c06685d,USDC,499995,0.48,-20.08,0x95e7b562fd295144eb47f352dc6a7e80cab8c4ba,True,False,1,none,
stargate-v2-usdc-30d,pool,normal,2026-10-01 08:09:59,withdrawal_burst,warning,"12 releases from Stargate V2 USDC pool (StargatePoolUSDC), 30 believed-normal days in the last 10 minutes; about 0 is normal at this hour.",0x786b74c64fb22f713f965545b7573ebcfef87e893fb42e17812bb9245196781b,USDC,499995,0.5,-16.58,0x6359fb280ba5b7a38441c07e7533921b1c77551f,True,False,7,none,
stargate-v2-usdc-30d,pool,normal,2026-10-01 18:06:11,outflow_spike,warning,"$955.9K left Stargate V2 USDC pool (StargatePoolUSDC), 30 believed-normal days in the last 10 minutes; normally nothing leaves at this hour.",0xaf89ffcdf670e1775d3e390d6fc284aa1b6e6aad81e2dfedc78e408b7b89019c,USDC,955949,1.12,1.37,0xf70da97812cb96acdf810712aa562db8dfa3dbef,False,True,1,none,
stargate-v2-usdc-30d,pool,normal,2026-10-02 12:08:47,outflow_spike,warning,"$798.9K left Stargate V2 USDC pool (StargatePoolUSDC), 30 believed-normal days in the last 10 minutes; normally nothing leaves at this hour.",0xb3d2d3bb64b3aaa8073923a9424ebbbad369f4752245f37b08a8d66b97e94b6b,USDC,798905,0.96,0.96,0xf70da97812cb96acdf810712aa562db8dfa3dbef,False,True,1,none,
stargate-v2-usdc-30d,pool,normal,2026-10-02 19:50:59,outflow_spike,critical,"$713.6K left Stargate V2 USDC pool (StargatePoolUSDC), 30 believed-normal days in the last 10 minutes; normally nothing leaves at this hour.",0x895aee71c7a5dc4251e47ad9e136bada6386635db4271d9f97c976f9cafea10d,USDC,499995,0.59,-3.71,0xfb9763c2ac2283eb34bd215d73d14415d1a26a39,True,False,4,none,
stargate-v2-usdc-30d,pool,normal,2026-10-03 20:58:59,outflow_spike,warning,"$659.7K left Stargate V2 USDC pool (StargatePoolUSDC), 30 believed-normal days in the last 10 minutes; normally nothing leaves at this hour.",0x36ed61848559ed02eaddf5b02aae96d30c77077c7508d63c113e9096b274f9b0,USDC,659698,0.81,0.81,0xf70da97812cb96acdf810712aa562db8dfa3dbef,False,True,1,none,
stargate-v2-usdc-30d,pool,normal,2026-10-04 12:40:11,outflow_spike,warning,"$1.0M left Stargate V2 USDC pool (StargatePoolUSDC), 30 believed-normal days in the last 10 minutes; normally nothing leaves at this hour.",0x3bca2f065b83f320e2607e80b2c54af67c999dabb7b5af784102c5d99601f0cb,USDC,513421,0.64,1.26,0x460eed136251519b28142fdc49502a5fa3cdded7,True,False,2,none,
stargate-v2-usdc-30d,pool,normal,2026-10-04 15:44:35,outflow_spike,warning,"$787.0K left Stargate V2 USDC pool (StargatePoolUSDC), 30 believed-normal days in the last 10 minutes; normally nothing leaves at this hour.",0x79a2b8e700e9058e33c94bc1299fcd405a51a410d7c42412be131db94cbb8ce0,USDC,392493,0.5,1.48,0xf70da97812cb96acdf810712aa562db8dfa3dbef,False,True,2,none,
stargate-v2-usdc-30d,pool,normal,2026-10-05 13:07:47,outflow_spike,warning,"$639.8K left Stargate V2 USDC pool (StargatePoolUSDC), 30 believed-normal days in the last 10 minutes; normally nothing leaves at this hour.",0xd8bce30900808c9fb51a545d25a420d4e5f88173590e8a8049de167142f0f712,USDC,639774,0.78,0.83,0xf70da97812cb96acdf810712aa562db8dfa3dbef,False,True,1,none,
stargate-v2-usdc-30d,pool,normal,2026-10-05 21:21:35,outflow_spike,warning,"$647.2K left Stargate V2 USDC pool (StargatePoolUSDC), 30 believed-normal days in the last 10 minutes; normally nothing leaves at this hour.",0x2e9d8d885660513c922cd48b4f763fe7809c3ef46d415f395c84a512c9b1df02,USDC,647182,0.76,0.76,0xf70da97812cb96acdf810712aa562db8dfa3dbef,False,True,1,none,
stargate-v2-usdc-30d,pool,normal,2026-10-06 08:36:35,outflow_spike,warning,"$798.4K left Stargate V2 USDC pool (StargatePoolUSDC), 30 believed-normal days in the last 10 minutes; normally nothing leaves at this hour.",0xd242c0ccec53ecb8cdc34d09789bf035a740bc33c1d718d81e89c62f04497981,USDC,798400,0.93,0.93,0x5f7a4c11bde4f218f0025ef444c369d838ffa2ad,False,False,1,none,
stargate-v2-usdc-30d,pool,normal,2026-10-06 13:17:47,outflow_spike,warning,"$949.4K left Stargate V2 USDC pool (StargatePoolUSDC), 30 believed-normal days in the last 10 minutes; normally nothing leaves at this hour.",0x8cd302cf73536f8c1b253b4173020549b6c63e63ec1a211239cedb30d46c338c,USDC,949434,1.13,1.17,0xf70da97812cb96acdf810712aa562db8dfa3dbef,False,True,1,none,
stargate-v2-usdc-30d,pool,normal,2026-10-06 17:29:47,outflow_spike,warning,"$823.0K left Stargate V2 USDC pool (StargatePoolUSDC), 30 believed-normal days in the last 10 minutes; normally nothing leaves at this hour.",0xdb32719d8c763b7ec6eeaa7dca05fa4ec9166d6ff3250ae25ce051bab7f7f596,USDC,410031,0.5,0.98,0xf70da97812cb96acdf810712aa562db8dfa3dbef,False,True,2,none,
stargate-v2-usdc-30d,pool,normal,2026-10-07 07:56:47,outflow_spike,warning,"$1.0M left Stargate V2 USDC pool (StargatePoolUSDC), 30 believed-normal days in the last 10 minutes; normally nothing leaves at this hour.",0x988e12cd0318970c8bb352eeb1f1008534dd02b45dab8f8ae3b7e081afe041c9,USDC,995343,1.17,1.19,0xf70da97812cb96acdf810712aa562db8dfa3dbef,False,True,4,none,
usdt0-oft-adapter-30d,oft-adapter,normal,2026-09-11 14:34:35,outflow_spike,warning,"$36.0M left USDT0 OFT adapter (LayerZero lockbox for USDT), 30 believed-normal days in the last 10 minutes; about $11.8K is normal at this hour.",0xa3332dc1dd5b796a16a4ec8e962a95edb8db1000606099d94f046ad81127ad4e,USDT,36002111,1.12,1.19,0xaa8ba7d4611437141192e7ceced531bc0a133efb,False,True,2,warning,spike
usdt0-oft-adapter-30d,oft-adapter,normal,2026-09-14 02:50:23,outflow_spike,warning,"$80.0M left USDT0 OFT adapter (LayerZero lockbox for USDT), 30 believed-normal days in the last 10 minutes; about $1.0K is normal at this hour.",0xc3d9cab44b62e6632e6793a1b0618768c5f73366953b2e080b429ca40b093a1f,USDT,80000000,2.53,2.23,0xe69f81b825d7dc31ee9becef4dbeab5cf30e3abb,False,False,2,warning,spike
usdt0-oft-adapter-30d,oft-adapter,normal,2026-09-14 02:50:23,large_withdrawal,warning,"One release of $80.0M left USDT0 OFT adapter (LayerZero lockbox for USDT), 30 believed-normal days: 2.5% of its $3.2B escrow.",0xc3d9cab44b62e6632e6793a1b0618768c5f73366953b2e080b429ca40b093a1f,USDT,80000000,2.53,2.23,0xe69f81b825d7dc31ee9becef4dbeab5cf30e3abb,False,False,2,warning,spike
usdt0-oft-adapter-30d,oft-adapter,normal,2026-09-14 20:37:11,outflow_spike,warning,"$23.4M left USDT0 OFT adapter (LayerZero lockbox for USDT), 30 believed-normal days in the last 10 minutes; about $538 is normal at this hour.",0x8e6cb42bc33c984149eace2595f5712e37b2e6841af9d4902f3e5f96a1ca595d,USDT,23250993,0.74,0.75,0xaa8ba7d4611437141192e7ceced531bc0a133efb,False,True,4,warning,spike
usdt0-oft-adapter-30d,oft-adapter,normal,2026-09-14 20:38:47,withdrawal_burst,warning,"12 releases from USDT0 OFT adapter (LayerZero lockbox for USDT), 30 believed-normal days in the last 10 minutes; about 1 is normal at this hour.",0x6c9227d17a0fa14c6fffb1e513090210686a75a68915c9ec054d938baef0af78,USDT,11,0.0,0.75,0x00204b01b7b3f484072e2b46abbaa41fdd67f6a0,True,False,12,warning,spike
usdt0-oft-adapter-30d,oft-adapter,normal,2026-09-25 14:11:59,outflow_spike,warning,"$40.1M left USDT0 OFT adapter (LayerZero lockbox for USDT), 30 believed-normal days in the last 10 minutes; about $13.0K is normal at this hour.",0x19ada86317ac4a92a1b51b0a5dec6cf4fe99251052121bd6d440ca37f7e9cb16,USDT,40000000,1.14,1.14,0xe69f81b825d7dc31ee9becef4dbeab5cf30e3abb,False,False,4,warning,spike
usdt0-oft-adapter-30d,oft-adapter,normal,2026-09-29 03:29:47,outflow_spike,warning,"$20.0M left USDT0 OFT adapter (LayerZero lockbox for USDT), 30 believed-normal days in the last 10 minutes; about $784 is normal at this hour.",0xda0edf5649fe26387651b5742e4bfa0f85b6a7704cdc09286c3e7f8d071034c6,USDT,20000000,0.57,0.57,0xe69f81b825d7dc31ee9becef4dbeab5cf30e3abb,False,False,1,warning,spike
usdt0-oft-adapter-30d,oft-adapter,normal,2026-09-29 07:19:59,outflow_spike,warning,"$20.0M left USDT0 OFT adapter (LayerZero lockbox for USDT), 30 believed-normal days in the last 10 minutes; about $8.8K is normal at this hour.",0x58ea2156a8ad9b46c6d2ec1e340960ac0c83e77d161be94a173db8d04d5f3266,USDT,19999999,0.57,0.51,0xe69f81b825d7dc31ee9becef4dbeab5cf30e3abb,False,False,2,warning,spike
usdt0-oft-adapter-30d,oft-adapter,normal,2026-09-29 09:39:35,outflow_spike,warning,"$20.0M left USDT0 OFT adapter (LayerZero lockbox for USDT), 30 believed-normal days in the last 10 minutes; about $14.8K is normal at this hour.",0x08bdbe2a83043d625e74db6b1abc7442315654b478651de0e69d469c4b7f60ca,USDT,20000000,0.57,0.53,0x342869e3d16adf2c30f6e762bbc449493f783142,False,True,2,warning,spike
usdt0-oft-adapter-30d,oft-adapter,normal,2026-09-29 21:27:23,outflow_spike,warning,"$20.0M left USDT0 OFT adapter (LayerZero lockbox for USDT), 30 believed-normal days in the last 10 minutes; about $1.8K is normal at this hour.",0x3afe3698b2417239cafba3eebe994477c0ca7add84f0fc6cc2663887f1022487,USDT,20000000,0.58,0.58,0x359aab5611d3c0428ea6ded00f44ac2da1d8f806,False,False,1,warning,spike
usdt0-oft-adapter-30d,oft-adapter,normal,2026-09-30 07:07:23,outflow_spike,warning,"$45.0M left USDT0 OFT adapter (LayerZero lockbox for USDT), 30 believed-normal days in the last 10 minutes; about $10.7K is normal at this hour.",0x838abbc2d630106e200ebdcb2acdeb46ba6af47d8a7e808158057bb5ae444519,USDT,45000000,1.3,0.58,0xd00e0079b8cab524f3fa20ea879a7736e512a5fc,True,False,1,PAGE,fresh+spike
usdt0-oft-adapter-30d,oft-adapter,normal,2026-09-30 12:56:47,outflow_spike,warning,"$20.0M left USDT0 OFT adapter (LayerZero lockbox for USDT), 30 believed-normal days in the last 10 minutes; about $3.8K is normal at this hour.",0x9886ae02d1a466d772ae3de5010ee337e35c811197ea35aaeaa3f1c32b475e18,USDT,19999998,0.58,0.87,0xe69f81b825d7dc31ee9becef4dbeab5cf30e3abb,False,False,4,warning,spike
usdt0-oft-adapter-30d,oft-adapter,normal,2026-09-30 20:28:59,outflow_spike,warning,"$19.4M left USDT0 OFT adapter (LayerZero lockbox for USDT), 30 believed-normal days in the last 10 minutes; about $11.6K is normal at this hour.",0x43ecfede084ca3865ac01bbe3e62ca5c215806367264756c15324f8513156ce7,USDT,18287900,0.53,0.38,0xb8734a14fbd4aa2d44e6aa830405ffc861ba313c,False,True,2,warning,spike
usdt0-oft-adapter-30d,oft-adapter,normal,2026-10-01 07:33:59,outflow_spike,warning,"$30.0M left USDT0 OFT adapter (LayerZero lockbox for USDT), 30 believed-normal days in the last 10 minutes; about $14.5K is normal at this hour.",0xbc2b90d80e515558c81e24380dea192c9fe9ef6ea7263c546014bd2699e7625b,USDT,19999997,0.59,0.9,0xe69f81b825d7dc31ee9becef4dbeab5cf30e3abb,False,False,3,warning,spike
usdt0-oft-adapter-30d,oft-adapter,normal,2026-10-01 09:43:47,outflow_spike,warning,"$30.0M left USDT0 OFT adapter (LayerZero lockbox for USDT), 30 believed-normal days in the last 10 minutes; about $28.6K is normal at this hour.",0x4bfb57ee8763ef04f1de010f1fa0ce5aa7a34748bd960f1d751555d02b7b505e,USDT,19999996,0.59,0.15,0xe69f81b825d7dc31ee9becef4dbeab5cf30e3abb,False,False,2,warning,spike
usdt0-oft-adapter-30d,oft-adapter,normal,2026-10-01 12:53:47,outflow_spike,warning,"$20.6M left USDT0 OFT adapter (LayerZero lockbox for USDT), 30 believed-normal days in the last 10 minutes; about $4.1K is normal at this hour.",0xdbb92a9b4f9275e9e9655c079c7c54121ae908dcba065bf2cdcadd4d70431c58,USDT,19999995,0.59,0.62,0xe69f81b825d7dc31ee9becef4dbeab5cf30e3abb,False,False,4,warning,spike
usdt0-oft-adapter-30d,oft-adapter,normal,2026-10-06 09:00:59,outflow_spike,warning,"$20.0M left USDT0 OFT adapter (LayerZero lockbox for USDT), 30 believed-normal days in the last 10 minutes; about $27.5K is normal at this hour.",0x442899785a7ee535d7cdd0f1e70bc39154596363d6a7ec4fff4b34c0e2cab4a7,USDT,19999994,0.59,0.89,0xe69f81b825d7dc31ee9becef4dbeab5cf30e3abb,False,False,6,warning,spike
usdt0-oft-adapter-30d,oft-adapter,normal,2026-10-06 13:39:11,outflow_spike,warning,"$20.0M left USDT0 OFT adapter (LayerZero lockbox for USDT), 30 believed-normal days in the last 10 minutes; about $4.5K is normal at this hour.",0x3313d5a42efc84d409ba5d256d3bf1517a4de0046c51ba5851dfc35628d4bb5f,USDT,19999993,0.6,0.59,0xe69f81b825d7dc31ee9becef4dbeab5cf30e3abb,False,False,3,warning,spike
usdt0-oft-adapter-30d,oft-adapter,normal,2026-10-07 07:05:47,outflow_spike,warning,"$20.0M left USDT0 OFT adapter (LayerZero lockbox for USDT), 30 believed-normal days in the last 10 minutes; about $7.7K is normal at this hour.",0xa692fb7da87fc8bf9566c447dd945d018e8076b69189062323a4bda5a97d5e03,USDT,19999992,0.6,0.74,0xe69f81b825d7dc31ee9becef4dbeab5cf30e3abb,False,False,1,warning,spike
wormhole-portal-30d,lockbox,normal,2026-09-11 17:05:35,outflow_spike,warning,"$1.8M left Wormhole Portal token bridge, 30 believed-normal days in the last 10 minutes; normally nothing leaves at this hour.",0x956c68fd1773ff8a13aa502260162736230b3dee28aa2e1506055a89b912e47c,WBTC,921243,0.27,0.52,0xa28f81ad2ba9b7f2cc37223b399622a39edb493f,False,False,2,none,
wormhole-portal-ftx-2022,lockbox,stress,2022-11-03 15:10:11,withdrawal_burst,warning,"12 releases from Wormhole Portal token bridge, 30 days around the FTX collapse (25 Oct - 24 Nov 2022) in the last 10 minutes; about 0 is normal at this hour.",0x498fb61edade1065b01586220e6756278b9ac279e159f1eb1ad21548fc764a06,WETH,10,0.0,-0.09,0xc02aaa39b223fe8d0a0e5c4f27ead9083c756cc2,,False,12,none,
wormhole-portal-ftx-2022,lockbox,stress,2022-11-04 03:11:11,outflow_spike,warning,"$999.9K left Wormhole Portal token bridge, 30 days around the FTX collapse (25 Oct - 24 Nov 2022) in the last 10 minutes; normally nothing leaves at this hour.",0x4f9b8472ac984f5a21f961bd0321464e146b08809be36dbcb51ab1b99bb85bd1,USDC,998783,0.79,0.79,0x225369d5f6c0c8b4ff988657102830d171712375,False,False,2,none,
wormhole-portal-ftx-2022,lockbox,stress,2022-11-06 16:19:35,outflow_spike,warning,"$748.5K left Wormhole Portal token bridge, 30 days around the FTX collapse (25 Oct - 24 Nov 2022) in the last 10 minutes; normally nothing leaves at this hour.",0xe11d1b0171542e5eaf9f538bbfe26a6530c0ae35c12070070c600f002fd231a9,USDC,748416,0.57,0.57,0x494a95b3bc27f61d65eb6bdec8da6ec674bd69f7,False,True,2,none,
wormhole-portal-ftx-2022,lockbox,stress,2022-11-07 02:35:59,outflow_spike,warning,"$1.3M left Wormhole Portal token bridge, 30 days around the FTX collapse (25 Oct - 24 Nov 2022) in the last 10 minutes; normally nothing leaves at this hour.",0x051740a3cda4933d3701c97f4c853d05da8e5ff422e3f166831275b7b2a9afa2,USDC,1258633,0.97,0.97,0x320109ea56b0edad96ac4124e5a2887c10e2d437,True,False,1,none,
wormhole-portal-ftx-2022,lockbox,stress,2022-11-07 05:13:59,outflow_spike,warning,"$651.2K left Wormhole Portal token bridge, 30 days around the FTX collapse (25 Oct - 24 Nov 2022) in the last 10 minutes; normally nothing leaves at this hour.",0x90fdd98668bdc15446ad175d79f1cd2c10c336a0ace0456aa728dc1b0dff3d01,WETH,650628,0.52,0.52,0xc02aaa39b223fe8d0a0e5c4f27ead9083c756cc2,,False,2,none,
wormhole-portal-ftx-2022,lockbox,stress,2022-11-07 23:38:23,outflow_spike,warning,"$632.6K left Wormhole Portal token bridge, 30 days around the FTX collapse (25 Oct - 24 Nov 2022) in the last 10 minutes; normally nothing leaves at this hour.",0x3d11960c02894af403792ab7633bfa7d0ac5a37ed400217d7829b810c38c526c,USDC,632630,0.51,0.5,0x320109ea56b0edad96ac4124e5a2887c10e2d437,False,False,1,none,
wormhole-portal-ftx-2022,lockbox,stress,2022-11-08 03:28:59,outflow_spike,warning,"$900.0K left Wormhole Portal token bridge, 30 days around the FTX collapse (25 Oct - 24 Nov 2022) in the last 10 minutes; normally nothing leaves at this hour.",0x7da549434dac94495509658ac2689d63fb419dcde0e10809ce569ad546110ca6,USDC,400000,0.33,0.56,0x7408e71e9ff46684b58337d022fdc8109fea58bc,False,False,8,none,
wormhole-portal-ftx-2022,lockbox,stress,2022-11-08 08:51:59,outflow_spike,warning,"$676.7K left Wormhole Portal token bridge, 30 days around the FTX collapse (25 Oct - 24 Nov 2022) in the last 10 minutes; normally nothing leaves at this hour.",0xd99ca6e3f029e2f89c86619e694c169397316b9ffa9451e6e4995f5f95bc7993,USDC,676738,0.57,0.54,0x099642cb6864ba20faaa2d55bca4961cef84df45,True,False,1,none,
wormhole-portal-ftx-2022,lockbox,stress,2022-11-08 18:01:11,outflow_spike,warning,"$622.9K left Wormhole Portal token bridge, 30 days around the FTX collapse (25 Oct - 24 Nov 2022) in the last 10 minutes; normally nothing leaves at this hour.",0x6ab5f2d9bbb84046f22296102fdd53a470d2c0f9fabfb27d61d0ed1547db7639,USDC,622880,0.52,0.68,0x494a95b3bc27f61d65eb6bdec8da6ec674bd69f7,False,True,1,none,
wormhole-portal-ftx-2022,lockbox,stress,2022-11-08 20:20:35,outflow_spike,warning,"$4.5M left Wormhole Portal token bridge, 30 days around the FTX collapse (25 Oct - 24 Nov 2022) in the last 10 minutes; normally nothing leaves at this hour.",0xff733d0dc16999e9b55f823a9ab7ac321ea2357ddb8a56065262a56ba58003f6,USDC,4205692,3.45,3.71,0x36d46d4deeee47b9cdddea076e3347701e15baaa,True,False,4,warning,fresh
wormhole-portal-ftx-2022,lockbox,stress,2022-11-08 20:20:35,large_withdrawal,warning,"One release of $4.2M left Wormhole Portal token bridge, 30 days around the FTX collapse (25 Oct - 24 Nov 2022): 3.4% of its $122.1M escrow.",0xff733d0dc16999e9b55f823a9ab7ac321ea2357ddb8a56065262a56ba58003f6,USDC,4205692,3.45,3.71,0x36d46d4deeee47b9cdddea076e3347701e15baaa,True,False,4,warning,fresh
wormhole-portal-ftx-2022,lockbox,stress,2022-11-08 21:23:47,withdrawal_burst,warning,"12 releases from Wormhole Portal token bridge, 30 days around the FTX collapse (25 Oct - 24 Nov 2022) in the last 10 minutes; about 0 is normal at this hour.",0x6f8e776c1e5f7459418b5eb9463cc781e67c59da93be52e0538ba47998c54bc6,USDT,109617,0.09,-3.66,0x0de393b89a9cb25df314543465d0d714f8208ec1,False,False,12,none,
wormhole-portal-ftx-2022,lockbox,stress,2022-11-09 03:35:59,outflow_spike,warning,"$1.1M left Wormhole Portal token bridge, 30 days around the FTX collapse (25 Oct - 24 Nov 2022) in the last 10 minutes; about $17 is normal at this hour.",0x9c81d6e145ed0bfc5e0550973a070fcac1a56003134927bf3e96f8669dfb129a,USDC,899859,0.74,1.42,0x38abab9766e0b27d2912718a884292b8e7eb2803,False,True,6,none,
wormhole-portal-ftx-2022,lockbox,stress,2022-11-09 08:00:59,outflow_spike,warning,"$826.1K left Wormhole Portal token bridge, 30 days around the FTX collapse (25 Oct - 24 Nov 2022) in the last 10 minutes; normally nothing leaves at this hour.",0x4517be4b381e9abdf9bd6598213a293aec8baa022e23eefb7c1a83324a83a8cb,USDC,800000,0.66,-0.06,0x38abab9766e0b27d2912718a884292b8e7eb2803,False,True,8,none,
wormhole-portal-ftx-2022,lockbox,stress,2022-11-09 10:42:59,outflow_spike,warning,"$1.3M left Wormhole Portal token bridge, 30 days around the FTX collapse (25 Oct - 24 Nov 2022) in the last 10 minutes; about $4 is normal at this hour.",0x356bd874840d4a27c0de3822687c45f3d6561b2ed8bd24004164c706ca17b05a,USDC,889910,0.75,1.41,0x38abab9766e0b27d2912718a884292b8e7eb2803,False,True,4,none,
wormhole-portal-ftx-2022,lockbox,stress,2022-11-09 15:16:35,outflow_spike,critical,"$603.9K left Wormhole Portal token bridge, 30 days around the FTX collapse (25 Oct - 24 Nov 2022) in the last 10 minutes; normally nothing leaves at this hour.",0x59350897c7df87c7f7c50991e894cedeaf19bec69a9feca445b1c32a6e20bb6a,USDC,485580,0.42,0.48,0x38abab9766e0b27d2912718a884292b8e7eb2803,False,True,9,none,
wormhole-portal-ftx-2022,lockbox,stress,2022-11-09 15:17:35,withdrawal_burst,warning,"12 releases from Wormhole Portal token bridge, 30 days around the FTX collapse (25 Oct - 24 Nov 2022) in the last 10 minutes; about 0 is normal at this hour.",0x38868c40f783810287158f0c3dd0ab8a69c7959a91f85647adb7af926ca0edb0,USDC,55500,0.05,0.65,0xac3b5882bb9e048204a4544de51eb59e57ccd027,True,False,13,none,
wormhole-portal-ftx-2022,lockbox,stress,2022-11-09 16:47:35,large_withdrawal,warning,"One release of $4.0M left Wormhole Portal token bridge, 30 days around the FTX collapse (25 Oct - 24 Nov 2022): 3.2% of its $123.2M escrow.",0xb562c0ea0814ff94b40ac2ca1856c7d295bf297d36f865d8240cb57caa6f37fd,USDC,4000000,3.25,-1.98,0x584cd92b438479ea1957c3ea649e62e797dc3749,True,False,6,warning,fresh
wormhole-portal-ftx-2022,lockbox,stress,2022-11-10 03:38:35,withdrawal_burst,warning,"12 releases from Wormhole Portal token bridge, 30 days around the FTX collapse (25 Oct - 24 Nov 2022) in the last 10 minutes; about 1 is normal at this hour.",0x06c11709e44d68876e9ffddf496206997d0c8e0d99a9737df95f480c59c2869c,WETH,6622,0.01,0.37,0xc02aaa39b223fe8d0a0e5c4f27ead9083c756cc2,,False,12,none,
wormhole-portal-ftx-2022,lockbox,stress,2022-11-10 07:05:11,withdrawal_burst,warning,"12 releases from Wormhole Portal token bridge, 30 days around the FTX collapse (25 Oct - 24 Nov 2022) in the last 10 minutes; about 0 is normal at this hour.",0xa459de2fe8620424d6095d6129a6326df907554467fc3081c7da6047044b1351,WETH,944,0.0,-0.1,0xd851edf1db3fb88875dc678a2a0863a0a9a21c31,True,False,12,none,
wormhole-portal-ftx-2022,lockbox,stress,2022-11-10 08:01:23,outflow_spike,warning,"$1.1M left Wormhole Portal token bridge, 30 days around the FTX collapse (25 Oct - 24 Nov 2022) in the last 10 minutes; about $16 is normal at this hour.",0x1762687cb5f40eb58f6fe0b7bbd1760fe714b371ef796f35b5541ce02e3724a9,USDC,826047,0.7,1.33,0x38abab9766e0b27d2912718a884292b8e7eb2803,False,True,5,none,
wormhole-portal-ftx-2022,lockbox,stress,2022-11-10 12:41:11,outflow_spike,warning,"$1.1M left Wormhole Portal token bridge, 30 days around the FTX collapse (25 Oct - 24 Nov 2022) in the last 10 minutes; normally nothing leaves at this hour.",0x14defdd96f16e33e1d037a1f0303f588179d07e454e302be5cc097ae40fb156f,USDC,949772,0.8,1.15,0x6a04941de896e4215eeb8e6eb1b72ad2904d2402,False,True,3,none,
wormhole-portal-ftx-2022,lockbox,stress,2022-11-10 15:25:59,outflow_spike,warning,"$698.4K left Wormhole Portal token bridge, 30 days around the FTX collapse (25 Oct - 24 Nov 2022) in the last 10 minutes; about $27 is normal at this hour.",0xd5e8c5c98a4b1975dd4c6f8f8e2866a0558b7c508dd31d7b4f2823d9536668c3,USDT,102306,0.09,0.62,0xccb8e090fe070945cc0131a075b6e1ea8f208812,False,False,8,none,
wormhole-portal-ftx-2022,lockbox,stress,2022-11-10 19:20:47,outflow_spike,warning,"$1.5M left Wormhole Portal token bridge, 30 days around the FTX collapse (25 Oct - 24 Nov 2022) in the last 10 minutes; about $175 is normal at this hour.",0x22245bb038303d9020bbda6750f5eeaf6f0d8c54fd46decc0198f9681ef066d0,USDC,1499523,1.32,1.39,0x233f9a0126f00f74de84d0adf5ef2be7667c5178,False,False,5,none,
wormhole-portal-ftx-2022,lockbox,stress,2022-11-10 20:50:47,outflow_spike,warning,"$1.0M left Wormhole Portal token bridge, 30 days around the FTX collapse (25 Oct - 24 Nov 2022) in the last 10 minutes; about $268 is normal at this hour.",0x48690ad452bc77fe9162857b70d4da7679b7451e960abf32a9c40120e87efdcf,USDC,999823,0.89,0.46,0x233f9a0126f00f74de84d0adf5ef2be7667c5178,False,False,3,none,
wormhole-portal-ftx-2022,lockbox,stress,2022-11-11 17:23:59,withdrawal_burst,warning,"12 releases from Wormhole Portal token bridge, 30 days around the FTX collapse (25 Oct - 24 Nov 2022) in the last 10 minutes; about 1 is normal at this hour.",0x6017e49e78d8d1421bd1ca8c206a34946510257ebbeb85f6f5d34f5d8bfbb3dc,USDT,3,0.0,0.34,0xd0c8cf276149230c54f460014cbaf072c606203d,True,True,12,none,
wormhole-portal-ftx-2022,lockbox,stress,2022-11-11 22:51:35,outflow_spike,warning,"$637.6K left Wormhole Portal token bridge, 30 days around the FTX collapse (25 Oct - 24 Nov 2022) in the last 10 minutes; about $55 is normal at this hour.",0x65e4b2df99fc62ae12916e5300685458e236d15d9404f621164b8c8cf8fad207,WETH,98186,0.09,0.83,0xc02aaa39b223fe8d0a0e5c4f27ead9083c756cc2,,False,8,none,
wormhole-portal-ftx-2022,lockbox,stress,2022-11-12 03:40:11,outflow_spike,critical,"$3.6M left Wormhole Portal token bridge, 30 days around the FTX collapse (25 Oct - 24 Nov 2022) in the last 10 minutes; about $6.4K is normal at this hour.",0x191b14cb96a175da2637c7f560b8c28bfb5de03a8b4ab25a67f9736f60e759e8,WETH,3548880,3.14,2.97,0xc02aaa39b223fe8d0a0e5c4f27ead9083c756cc2,,False,5,warning,fresh
wormhole-portal-ftx-2022,lockbox,stress,2022-11-12 03:40:11,large_withdrawal,warning,"One release of $3.5M left Wormhole Portal token bridge, 30 days around the FTX collapse (25 Oct - 24 Nov 2022): 3.1% of its $113.0M escrow.",0x191b14cb96a175da2637c7f560b8c28bfb5de03a8b4ab25a67f9736f60e759e8,WETH,3548880,3.14,2.97,0xc02aaa39b223fe8d0a0e5c4f27ead9083c756cc2,,False,5,warning,fresh
wormhole-portal-ftx-2022,lockbox,stress,2022-11-12 03:41:35,escrow_drain,critical,"Wormhole Portal token bridge, 30 days around the FTX collapse (25 Oct - 24 Nov 2022) lost $6.9M net in the last hour: 6% of its $112.8M escrow.",0x949f35cec37f47c21b2c230c86cd5c7fabfabc84460efb7cfe264c1bf0c48287,WETH,3548880,3.24,6.12,0xc02aaa39b223fe8d0a0e5c4f27ead9083c756cc2,,False,7,warning,fresh
wormhole-portal-ftx-2022,lockbox,stress,2022-11-12 06:05:11,outflow_spike,warning,"$715.2K left Wormhole Portal token bridge, 30 days around the FTX collapse (25 Oct - 24 Nov 2022) in the last 10 minutes; about $1.5K is normal at this hour.",0xf50d0dd5556416106e362d856520758e17192f564311a7aeae9e56137b98afd5,USDC,256121,0.25,1.21,0x05a3b6a85713be32effe58a0721fc1318492da9f,False,False,6,none,
wormhole-portal-ftx-2022,lockbox,stress,2022-11-12 06:12:59,withdrawal_burst,warning,"12 releases from Wormhole Portal token bridge, 30 days around the FTX collapse (25 Oct - 24 Nov 2022) in the last 10 minutes; about 1 is normal at this hour.",0xa5df80bf32ea30e5406e1eb09dc6f58e7dea151dc3d653ee787b55dd8dbb253c,USDC,12000,0.01,1.73,0x536f53eb2b03db4cb64b4a78c3bb87e898456017,False,True,12,none,
wormhole-portal-ftx-2022,lockbox,stress,2022-11-13 08:51:23,outflow_spike,warning,"$850.4K left Wormhole Portal token bridge, 30 days around the FTX collapse (25 Oct - 24 Nov 2022) in the last 10 minutes; about $4.0K is normal at this hour.",0x053294c7fb09d08cb2b7b35fbc2ec704e05d4185b7c8e0cd245fb94e3055e72d,USDC,820427,0.81,0.09,0x38abab9766e0b27d2912718a884292b8e7eb2803,False,True,2,none,
wormhole-portal-ftx-2022,lockbox,stress,2022-11-13 16:03:35,outflow_spike,warning,"$994.8K left Wormhole Portal token bridge, 30 days around the FTX collapse (25 Oct - 24 Nov 2022) in the last 10 minutes; about $3.9K is normal at this hour.",0xeb88cbb2b924466ccc288f2267560eead329fab8e3f01fcd84bbccf4b00ca751,USDC,752425,0.75,1.03,0x87693fc83383ee64ed803b5151a277ca7d7a111e,False,False,4,none,
wormhole-portal-ftx-2022,lockbox,stress,2022-11-13 17:39:11,outflow_spike,warning,"$730.3K left Wormhole Portal token bridge, 30 days around the FTX collapse (25 Oct - 24 Nov 2022) in the last 10 minutes; about $7.0K is normal at this hour.",0xc773f4259263c70ceff633098fd0637506341f8f16bb1ec3a30edf0f0520d509,USDC,300000,0.3,-0.16,0xc25688f5ea4612f6456b1c364006dc5448e76947,False,False,5,none,
wormhole-portal-ftx-2022,lockbox,stress,2022-11-14 08:30:11,outflow_spike,warning,"$2.0M left Wormhole Portal token bridge, 30 days around the FTX collapse (25 Oct - 24 Nov 2022) in the last 10 minutes; about $6.6K is normal at this hour.",0x1812c9604b07d2143808325e92d8d995dbe028c277823ebe0691caf89fc7f1b8,USDC,1999315,1.99,1.27,0x233f9a0126f00f74de84d0adf5ef2be7667c5178,False,False,1,none,
wormhole-portal-ftx-2022,lockbox,stress,2022-11-15 08:57:59,outflow_spike,warning,"$3.0M left Wormhole Portal token bridge, 30 days around the FTX collapse (25 Oct - 24 Nov 2022) in the last 10 minutes; about $8.0K is normal at this hour.",0xaf6544d3f291b4d93c0df86396975876174450da334dc5750dbfde6072d544b3,USDC,2997808,2.93,1.97,0x3026afdcc7b93c809f3e243f73c54f3535ae4e55,False,False,5,none,
wormhole-portal-ftx-2022,lockbox,stress,2022-11-15 08:57:59,large_withdrawal,warning,"One release of $3.0M left Wormhole Portal token bridge, 30 days around the FTX collapse (25 Oct - 24 Nov 2022): 2.9% of its $102.2M escrow.",0xaf6544d3f291b4d93c0df86396975876174450da334dc5750dbfde6072d544b3,USDC,2997808,2.93,1.97,0x3026afdcc7b93c809f3e243f73c54f3535ae4e55,False,False,5,none,
wormhole-portal-ftx-2022,lockbox,stress,2022-11-15 12:48:35,outflow_spike,warning,"$624.3K left Wormhole Portal token bridge, 30 days around the FTX collapse (25 Oct - 24 Nov 2022) in the last 10 minutes; about $463 is normal at this hour.",0x3206e683a45bbe96a6acb112559d4707242b5c276dd9ab5aa320c25819abb462,WBTC,624330,0.62,0.51,0xe43678bb16c9c70430612d540b1d33e3686bb202,True,False,1,none,
wormhole-portal-ftx-2022,lockbox,stress,2022-11-17 12:20:59,outflow_spike,warning,"$934.4K left Wormhole Portal token bridge, 30 days around the FTX collapse (25 Oct - 24 Nov 2022) in the last 10 minutes; about $5 is normal at this hour.",0x70a493be015ceb0d2163eda60229ffa128063a834b75a7883e70af9b50e2007f,USDC,799809,0.8,1.01,0xacff2c5034f126dde53242764f7318cc98413c98,False,False,7,none,
wormhole-portal-ftx-2022,lockbox,stress,2022-11-17 13:01:59,withdrawal_burst,warning,"12 releases from Wormhole Portal token bridge, 30 days around the FTX collapse (25 Oct - 24 Nov 2022) in the last 10 minutes; about 1 is normal at this hour.",0x8356e2d1153b1a47125f58bbe8f4b5cee5bc8af62f02ec9269027ba165730061,USDC,14998,0.02,-0.02,0x8c463874382b7f8582ed01650f8b30a82690612f,False,True,12,none,
wormhole-portal-ftx-2022,lockbox,stress,2022-11-17 13:22:59,outflow_spike,warning,"$770.2K left Wormhole Portal token bridge, 30 days around the FTX collapse (25 Oct - 24 Nov 2022) in the last 10 minutes; about $6.5K is normal at this hour.",0x54e8d4b553f4fe826bdad9f12345d1bc2dbea4aa4b0c57a7f03b3a78124499a5,USDC,204678,0.21,-0.01,0xacff2c5034f126dde53242764f7318cc98413c98,False,False,24,none,
wormhole-portal-ftx-2022,lockbox,stress,2022-11-17 16:07:47,outflow_spike,warning,"$794.6K left Wormhole Portal token bridge, 30 days around the FTX collapse (25 Oct - 24 Nov 2022) in the last 10 minutes; about $2.6K is normal at this hour.",0xe37e37f096b350f4b175ef3422fefc589958e91bf6b1eb6fe3ecf9b408d607ab,USDC,300000,0.3,-0.72,0x66b870ddf78c975af5cd8edc6de25eca81791de1,False,True,4,none,
wormhole-portal-ftx-2022,lockbox,stress,2022-11-17 16:21:35,withdrawal_burst,warning,"12 releases from Wormhole Portal token bridge, 30 days around the FTX collapse (25 Oct - 24 Nov 2022) in the last 10 minutes; about 1 is normal at this hour.",0xfbb8342c337f6083174b123b827f2b7fa4851b60c49373d5d97d43caf4758af6,USDC,29998,0.03,0.26,0xeab974d0c8675ee0abcd6dfb733cc9222efb12ab,False,False,12,none,
wormhole-portal-ftx-2022,lockbox,stress,2022-11-17 20:02:35,outflow_spike,warning,"$656.1K left Wormhole Portal token bridge, 30 days around the FTX collapse (25 Oct - 24 Nov 2022) in the last 10 minutes; about $331 is normal at this hour.",0xead6ea63df9a06deff57a2f451c1c40f282ec4243115594c67f55361de420dd6,USDC,159816,0.17,0.14,0x1f536b22d877dc2a116c7bedc862a539551bc56d,True,True,2,none,
wormhole-portal-ftx-2022,lockbox,stress,2022-11-18 14:15:35,outflow_spike,warning,"$641.3K left Wormhole Portal token bridge, 30 days around the FTX collapse (25 Oct - 24 Nov 2022) in the last 10 minutes; about $3.3K is normal at this hour.",0x80f82f53daedb5075f9d648dd7d3c8ff2baa6142ab574a2e9d3053506015990f,USDC,179972,0.18,-0.21,0xda8f51dfe240a2129f0c5d9eac0e6ece9ebe974b,False,True,8,none,
wormhole-portal-ftx-2022,lockbox,stress,2022-11-19 09:55:59,outflow_spike,warning,"$609.8K left Wormhole Portal token bridge, 30 days around the FTX collapse (25 Oct - 24 Nov 2022) in the last 10 minutes; about $94 is normal at this hour.",0x12f68947b398cd4b8266e0180de653468ed03cef1fcbd9f5ff651467312e1bc6,USDC,250000,0.25,0.71,0x149d95e8930efe527878252c99086825ea0ceb8a,False,False,3,none,
multichain-2023-normal-30d,mpc,normal,2023-03-11 01:10:59,outflow_spike,warning,"$2.0M left Multichain Fantom bridge MPC address, 30 believed-normal days (Mar 2023, before the Jul 2023 drain) in the last 10 minutes; normally nothing leaves at this hour.",0x62fcc079865e5601365ca400f1292711543a7b88da65af39758a240b6711e9c3,USDC,1998800,0.88,0.65,0xc9c178b945bb136575f794b4d317171822cdb9bf,True,False,2,none,
multichain-2023-normal-30d,mpc,normal,2023-03-11 04:06:35,outflow_spike,warning,"$1.4M left Multichain Fantom bridge MPC address, 30 believed-normal days (Mar 2023, before the Jul 2023 drain) in the last 10 minutes; normally nothing leaves at this hour.",0x1190b42d5e297831b5941f2354f4398238448dfb0813154024ffa6060781d178,DAI,1140273,0.52,0.75,0xe11c3ce2b96328b10d34db9ac3add4ecc2942d07,True,False,5,none,
multichain-2023-normal-30d,mpc,normal,2023-03-11 05:32:11,outflow_spike,warning,"$1.4M left Multichain Fantom bridge MPC address, 30 believed-normal days (Mar 2023, before the Jul 2023 drain) in the last 10 minutes; normally nothing leaves at this hour.",0x610d7b9b2158fd30dcd29257432eca28cbd3a44cf6b67ffde0bc6addd7b135f4,WBTC,1281240,0.59,1.02,0xe52f5349153b8eb3b89675af45ac7502c4997e6a,False,True,3,none,
multichain-2023-normal-30d,mpc,normal,2023-03-11 10:17:11,outflow_spike,warning,"$3.6M left Multichain Fantom bridge MPC address, 30 believed-normal days (Mar 2023, before the Jul 2023 drain) in the last 10 minutes; normally nothing leaves at this hour.",0xd79621c8e8b94d27d8147938c1a174ce09c52d9cdd299aa49501bc2a33a0be6a,DAI,3546440,1.65,2.01,0x66b870ddf78c975af5cd8edc6de25eca81791de1,True,False,2,warning,fresh
multichain-2023-normal-30d,mpc,normal,2023-03-11 10:30:11,large_withdrawal,warning,"One release of $5.2M left Multichain Fantom bridge MPC address, 30 believed-normal days (Mar 2023, before the Jul 2023 drain): 2.4% of its $211.3M escrow.",0x2a11c835b03ee281f4985e1db070ecbf4e8ef575b876598c8f031e05029ec40c,DAI,5164510,2.44,4.28,0x82287cdda3d1b5d26d49ce03280d07b86d54fe54,False,True,2,none,
multichain-2023-normal-30d,mpc,normal,2023-03-11 11:48:11,outflow_spike,warning,"$1.9M left Multichain Fantom bridge MPC address, 30 believed-normal days (Mar 2023, before the Jul 2023 drain) in the last 10 minutes; normally nothing leaves at this hour.",0x00b6e75a609afd293e9243ae7498dc16cab9818afc2f12bde7680743ff696b17,DAI,1938910,0.94,1.21,0x66b870ddf78c975af5cd8edc6de25eca81791de1,False,False,1,none,
multichain-2023-normal-30d,mpc,normal,2023-03-11 21:29:35,outflow_spike,warning,"$1.3M left Multichain Fantom bridge MPC address, 30 believed-normal days (Mar 2023, before the Jul 2023 drain) in the last 10 minutes; normally nothing leaves at this hour.",0xe490d4bf8ee7ea416dd58f6cecbda042c039f94ec5e5c9abeb8206c93b287d05,USDC,499500,0.25,0.61,0xb86b137232c4e9b67f2b9bfd3d5641b77df70065,False,False,3,none,
multichain-2023-normal-30d,mpc,normal,2023-03-12 00:03:23,outflow_spike,warning,"$8.1M left Multichain Fantom bridge MPC address, 30 believed-normal days (Mar 2023, before the Jul 2023 drain) in the last 10 minutes; normally nothing leaves at this hour.",0xdf8449e03a92a42a7f61b166ba6b755f46a471c4fcaefec5b90c4c7468d0efba,USDC,8118240,4.05,3.57,0x66b870ddf78c975af5cd8edc6de25eca81791de1,False,True,1,none,
multichain-2023-normal-30d,mpc,normal,2023-03-12 00:03:23,large_withdrawal,warning,"One release of $8.1M left Multichain Fantom bridge MPC address, 30 believed-normal days (Mar 2023, before the Jul 2023 drain): 4.0% of its $200.5M escrow.",0xdf8449e03a92a42a7f61b166ba6b755f46a471c4fcaefec5b90c4c7468d0efba,USDC,8118240,4.05,3.57,0x66b870ddf78c975af5cd8edc6de25eca81791de1,False,True,1,none,
multichain-2023-normal-30d,mpc,normal,2023-03-12 00:54:11,escrow_drain,critical,"Multichain Fantom bridge MPC address, 30 believed-normal days (Mar 2023, before the Jul 2023 drain) lost $10.0M net in the last hour: 5% of its $200.5M escrow.",0x5be80e5e86712498d73ca2b231b5c7e8e68ea73ee94aa70d49f5ed0b7072599c,WBTC,123404,0.06,5.01,0xd54e4f8a55247487dd7c8c59f14ee5c0c2889477,False,False,2,none,
multichain-2023-normal-30d,mpc,normal,2023-03-13 08:56:11,outflow_spike,warning,"$1.0M left Multichain Fantom bridge MPC address, 30 believed-normal days (Mar 2023, before the Jul 2023 drain) in the last 10 minutes; normally nothing leaves at this hour.",0xcc439b90b558d744624eb12ad8f2155e04d50191d45c6e5f7af8afaa4772a210,DAI,249750,0.13,1.13,0x3381e86306145b062ced14790b01ac5384d23d82,False,False,5,none,
multichain-2023-normal-30d,mpc,normal,2023-03-13 19:21:59,outflow_spike,warning,"$1.1M left Multichain Fantom bridge MPC address, 30 believed-normal days (Mar 2023, before the Jul 2023 drain) in the last 10 minutes; normally nothing leaves at this hour.",0xf578f4b2760681064c631afdd8e28530b00130e0e7db5ee3704b46efaff99025,WBTC,240835,0.13,0.63,0xdb463e46b4e7167b46ff77820170b1d92260b096,False,False,6,none,
multichain-2023-normal-30d,mpc,normal,2023-03-26 06:31:23,outflow_spike,warning,"$2.7M left Multichain Fantom bridge MPC address, 30 believed-normal days (Mar 2023, before the Jul 2023 drain) in the last 10 minutes; normally nothing leaves at this hour.",0x2c72bde4cff1079529c75012abfd1efc42a23f323b86cb0595f203a9e6c2079d,WETH,2707774,1.43,1.43,0x4188663a85c92eea35b5ad3aa5ca7ceb237c6fe9,False,True,1,none,
orbit-2023-normal-30d,lockbox,normal,2023-10-17 23:07:11,outflow_spike,warning,"$658.2K left Orbit Chain bridge vault, 30 believed-normal days (Oct 2023, before the Dec 2023 hack) in the last 10 minutes; normally nothing leaves at this hour.",0xff503283a38c605782d8f9904075fc60357f0224fcbde7ea5237aa7749a1a137,USDT,658228,0.94,0.94,0xe51231daa306acf16eac34a864564ca36b262a1f,False,False,1,none,
