policy,hacks_detected,hacks_at_floor,hacks_before_half,mean_stolen_before_share,excess_loss_musd,median_latency_s,pages_per_bridge_week_all,pages_per_bridge_week_nonpool,pages_per_bridge_week_pool,pages_per_bridge_week_normal_windows,pages_per_bridge_week_prehack,warnings_per_bridge_week_all,worst_window,worst_nonpool_window,windows_over_1_per_week,nonpool_windows_over_1_per_week,total_pages_in_fa_periods,nab_lowfp,misses
size 0.05 fresh 0.005 net1h 0.05 crowd 5 spike 6.0 win 600 floor 250000,14,14,4,0.667,0.0,4.0,0.405,0.191,2.172,0.44,0.319,2.235,across-spokepool-7d 19.25,poly-2021 2.55,4,2,31,74.5,0
size 0.05 fresh 0.005 net1h 0.05 crowd 5 spike 6.0 win 600 floor 1e+06,14,14,4,0.667,0.0,4.0,0.248,0.191,0.724,0.22,0.319,1.974,poly-2021 2.55,poly-2021 2.55,4,2,19,84.0,0
size 0.05 fresh 0.005 net1h 0.05 crowd 5 spike 6.0 win 1800 floor 250000,14,14,4,0.667,0.0,4.0,0.444,0.22,2.293,0.476,0.365,2.235,across-spokepool-7d 21.00,poly-2021 3.19,4,2,34,72.2,0
size 0.05 fresh 0.005 net1h 0.05 crowd 5 spike 6.0 win 1800 floor 1e+06,14,14,4,0.667,0.0,4.0,0.274,0.205,0.845,0.238,0.365,1.974,across-spokepool-7d 3.50,poly-2021 3.19,4,2,21,82.4,0
size 0.05 fresh 0.005 net1h 0.05 crowd 5 spike 10.0 win 600 floor 250000,14,14,4,0.667,0.0,4.0,0.379,0.161,2.172,0.44,0.228,2.235,across-spokepool-7d 19.25,nomad-2022 1.28,4,2,29,76.1,0
size 0.05 fresh 0.005 net1h 0.05 crowd 5 spike 10.0 win 600 floor 1e+06,14,14,4,0.667,0.0,4.0,0.209,0.161,0.603,0.202,0.228,1.974,across-spokepool-7d 1.75,nomad-2022 1.28,4,2,16,86.3,0
size 0.05 fresh 0.005 net1h 0.05 crowd 5 spike 10.0 win 1800 floor 250000,14,14,4,0.667,0.0,4.0,0.405,0.176,2.293,0.476,0.228,2.235,across-spokepool-7d 21.00,nomad-2022 1.28,4,2,31,74.5,0
size 0.05 fresh 0.005 net1h 0.05 crowd 5 spike 10.0 win 1800 floor 1e+06,14,14,4,0.667,0.0,4.0,0.235,0.161,0.845,0.238,0.228,1.974,across-spokepool-7d 3.50,nomad-2022 1.28,4,2,18,84.8,0
size 0.05 fresh 0.005 net1h 0.05 crowd 5 spike None win 600 floor 250000,14,14,4,0.667,0.0,4.0,0.353,0.132,2.172,0.403,0.228,2.052,across-spokepool-7d 19.25,nomad-2022 1.28,4,2,27,77.7,0
size 0.05 fresh 0.005 net1h 0.05 crowd 5 spike None win 600 floor 1e+06,14,14,4,0.667,0.0,4.0,0.157,0.132,0.362,0.128,0.228,1.791,across-spokepool-7d 1.75,nomad-2022 1.28,3,2,12,89.5,0
size 0.05 fresh 0.005 net1h 0.05 crowd 5 spike None win 1800 floor 250000,14,14,4,0.667,0.0,4.0,0.379,0.147,2.293,0.44,0.228,2.052,across-spokepool-7d 21.00,nomad-2022 1.28,4,2,29,76.1,0
size 0.05 fresh 0.005 net1h 0.05 crowd 5 spike None win 1800 floor 1e+06,14,14,4,0.667,0.0,4.0,0.196,0.132,0.724,0.183,0.228,1.791,across-spokepool-7d 3.50,nomad-2022 1.28,4,2,15,87.1,0
size 0.05 fresh 0.005 net1h 0.05 crowd 10 spike 6.0 win 600 floor 250000,14,14,4,0.667,0.0,4.0,0.34,0.147,1.931,0.366,0.273,1.346,across-spokepool-7d 19.25,poly-2021 1.92,4,2,26,78.5,0
size 0.05 fresh 0.005 net1h 0.05 crowd 10 spike 6.0 win 600 floor 1e+06,14,14,4,0.667,0.0,4.0,0.209,0.147,0.724,0.183,0.273,1.033,poly-2021 1.92,poly-2021 1.92,4,2,16,86.3,0
size 0.05 fresh 0.005 net1h 0.05 crowd 10 spike 6.0 win 1800 floor 250000,14,14,4,0.667,0.0,4.0,0.366,0.161,2.052,0.385,0.319,1.346,across-spokepool-7d 21.00,poly-2021 2.55,4,2,28,76.9,0
size 0.05 fresh 0.005 net1h 0.05 crowd 10 spike 6.0 win 1800 floor 1e+06,14,14,4,0.667,0.0,4.0,0.235,0.161,0.845,0.202,0.319,1.033,across-spokepool-7d 3.50,poly-2021 2.55,4,2,18,84.8,0
size 0.05 fresh 0.005 net1h 0.05 crowd 10 spike 10.0 win 600 floor 250000,14,14,4,0.667,0.0,4.0,0.314,0.117,1.931,0.366,0.182,1.346,across-spokepool-7d 19.25,nomad-2022 1.28,3,1,24,80.0,0
size 0.05 fresh 0.005 net1h 0.05 crowd 10 spike 10.0 win 600 floor 1e+06,14,14,4,0.667,0.0,4.0,0.17,0.117,0.603,0.165,0.182,1.033,across-spokepool-7d 1.75,nomad-2022 1.28,3,1,13,88.7,0
size 0.05 fresh 0.005 net1h 0.05 crowd 10 spike 10.0 win 1800 floor 250000,14,14,4,0.667,0.0,4.0,0.327,0.117,2.052,0.385,0.182,1.346,across-spokepool-7d 21.00,nomad-2022 1.28,3,1,25,79.3,0
size 0.05 fresh 0.005 net1h 0.05 crowd 10 spike 10.0 win 1800 floor 1e+06,14,14,4,0.667,0.0,4.0,0.196,0.117,0.845,0.202,0.182,1.033,across-spokepool-7d 3.50,nomad-2022 1.28,3,1,15,87.1,0
size 0.05 fresh 0.005 net1h 0.05 crowd 10 spike None win 600 floor 250000,14,14,4,0.667,0.0,4.0,0.301,0.103,1.931,0.348,0.182,1.124,across-spokepool-7d 19.25,nomad-2022 1.28,3,1,23,80.8,0
size 0.05 fresh 0.005 net1h 0.05 crowd 10 spike None win 600 floor 1e+06,14,14,4,0.667,0.0,4.0,0.131,0.103,0.362,0.11,0.182,0.81,across-spokepool-7d 1.75,nomad-2022 1.28,2,1,10,91.0,0
size 0.05 fresh 0.005 net1h 0.05 crowd 10 spike None win 1800 floor 250000,14,14,4,0.667,0.0,4.0,0.314,0.103,2.052,0.366,0.182,1.124,across-spokepool-7d 21.00,nomad-2022 1.28,3,1,24,80.0,0
size 0.05 fresh 0.005 net1h 0.05 crowd 10 spike None win 1800 floor 1e+06,14,14,4,0.667,0.0,4.0,0.17,0.103,0.724,0.165,0.182,0.81,across-spokepool-7d 3.50,nomad-2022 1.28,3,1,13,88.7,0
size 0.05 fresh 0.005 net1h 0.05 crowd None spike 6.0 win 600 floor 250000,14,14,4,0.667,0.0,4.0,0.34,0.147,1.931,0.366,0.273,1.163,across-spokepool-7d 19.25,poly-2021 1.92,4,2,26,78.5,0
size 0.05 fresh 0.005 net1h 0.05 crowd None spike 6.0 win 600 floor 1e+06,14,14,4,0.667,0.0,4.0,0.17,0.147,0.362,0.128,0.273,0.85,poly-2021 1.92,poly-2021 1.92,3,2,13,88.7,0
size 0.05 fresh 0.005 net1h 0.05 crowd None spike 6.0 win 1800 floor 250000,14,14,4,0.667,0.0,4.0,0.366,0.161,2.052,0.385,0.319,1.163,across-spokepool-7d 21.00,poly-2021 2.55,4,2,28,76.9,0
size 0.05 fresh 0.005 net1h 0.05 crowd None spike 6.0 win 1800 floor 1e+06,14,14,4,0.667,0.0,4.0,0.222,0.161,0.724,0.183,0.319,0.85,across-spokepool-7d 3.50,poly-2021 2.55,4,2,17,85.5,0
size 0.05 fresh 0.005 net1h 0.05 crowd None spike 10.0 win 600 floor 250000,14,14,4,0.667,0.0,4.0,0.301,0.117,1.81,0.348,0.182,1.163,across-spokepool-7d 19.25,nomad-2022 1.28,3,1,23,80.8,0
size 0.05 fresh 0.005 net1h 0.05 crowd None spike 10.0 win 600 floor 1e+06,14,14,4,0.667,0.0,4.0,0.144,0.117,0.362,0.128,0.182,0.85,across-spokepool-7d 1.75,nomad-2022 1.28,2,1,11,90.3,0
size 0.05 fresh 0.005 net1h 0.05 crowd None spike 10.0 win 1800 floor 250000,14,14,4,0.667,0.0,4.0,0.327,0.117,2.052,0.385,0.182,1.163,across-spokepool-7d 21.00,nomad-2022 1.28,3,1,25,79.3,0
size 0.05 fresh 0.005 net1h 0.05 crowd None spike 10.0 win 1800 floor 1e+06,14,14,4,0.667,0.0,4.0,0.17,0.117,0.603,0.165,0.182,0.85,across-spokepool-7d 3.50,nomad-2022 1.28,2,1,13,88.7,0
size 0.05 fresh 0.005 net1h 0.05 crowd None spike None win 600 floor 250000,14,14,4,0.667,0.0,4.0,0.261,0.103,1.569,0.293,0.182,0.941,across-spokepool-7d 19.25,nomad-2022 1.28,2,1,20,83.2,0
size 0.05 fresh 0.005 net1h 0.05 crowd None spike None win 600 floor 1e+06,14,14,4,0.667,0.0,4.0,0.118,0.103,0.241,0.092,0.182,0.614,across-spokepool-7d 1.75,nomad-2022 1.28,2,1,9,91.8,0
size 0.05 fresh 0.005 net1h 0.05 crowd None spike None win 1800 floor 250000,14,14,4,0.667,0.0,4.0,0.301,0.103,1.931,0.348,0.182,0.941,across-spokepool-7d 21.00,nomad-2022 1.28,3,1,23,80.8,0
size 0.05 fresh 0.005 net1h 0.05 crowd None spike None win 1800 floor 1e+06,14,14,4,0.667,0.0,4.0,0.131,0.103,0.362,0.11,0.182,0.614,across-spokepool-7d 3.50,nomad-2022 1.28,2,1,10,91.0,0
size 0.05 fresh 0.005 net1h 0.1 crowd 5 spike 6.0 win 600 floor 250000,14,14,4,0.667,0.0,4.0,0.392,0.176,2.172,0.421,0.319,2.235,across-spokepool-7d 19.25,poly-2021 2.55,4,2,30,75.3,0
size 0.05 fresh 0.005 net1h 0.1 crowd 5 spike 6.0 win 600 floor 1e+06,14,14,4,0.667,0.0,4.0,0.235,0.176,0.724,0.202,0.319,1.974,poly-2021 2.55,poly-2021 2.55,4,2,18,84.8,0
size 0.05 fresh 0.005 net1h 0.1 crowd 5 spike 6.0 win 1800 floor 250000,14,14,4,0.667,0.0,4.0,0.431,0.205,2.293,0.458,0.365,2.235,across-spokepool-7d 21.00,poly-2021 3.19,4,2,33,73.0,0
size 0.05 fresh 0.005 net1h 0.1 crowd 5 spike 6.0 win 1800 floor 1e+06,14,14,4,0.667,0.0,4.0,0.261,0.191,0.845,0.22,0.365,1.974,across-spokepool-7d 3.50,poly-2021 3.19,4,2,20,83.2,0
size 0.05 fresh 0.005 net1h 0.1 crowd 5 spike 10.0 win 600 floor 250000,14,14,4,0.667,0.0,6.5,0.34,0.117,2.172,0.403,0.182,2.235,across-spokepool-7d 19.25,poly-2021 1.28,3,1,26,78.5,0
size 0.05 fresh 0.005 net1h 0.1 crowd 5 spike 10.0 win 600 floor 1e+06,14,14,4,0.667,0.0,6.5,0.17,0.117,0.603,0.165,0.182,1.974,across-spokepool-7d 1.75,poly-2021 1.28,3,1,13,88.7,0
size 0.05 fresh 0.005 net1h 0.1 crowd 5 spike 10.0 win 1800 floor 250000,14,14,4,0.667,0.0,6.5,0.366,0.132,2.293,0.44,0.182,2.235,across-spokepool-7d 21.00,poly-2021 1.28,3,1,28,76.9,0
size 0.05 fresh 0.005 net1h 0.1 crowd 5 spike 10.0 win 1800 floor 1e+06,14,14,4,0.667,0.0,6.5,0.196,0.117,0.845,0.202,0.182,1.974,across-spokepool-7d 3.50,poly-2021 1.28,3,1,15,87.1,0
size 0.05 fresh 0.005 net1h 0.1 crowd 5 spike None win 600 floor 250000,14,14,4,0.667,0.0,6.5,0.314,0.088,2.172,0.366,0.182,2.052,across-spokepool-7d 19.25,poly-2021 1.28,3,1,24,80.0,0
size 0.05 fresh 0.005 net1h 0.1 crowd 5 spike None win 600 floor 1e+06,14,14,4,0.667,0.0,6.5,0.118,0.088,0.362,0.092,0.182,1.791,across-spokepool-7d 1.75,poly-2021 1.28,2,1,9,91.8,0
size 0.05 fresh 0.005 net1h 0.1 crowd 5 spike None win 1800 floor 250000,14,14,4,0.667,0.0,6.5,0.34,0.103,2.293,0.403,0.182,2.052,across-spokepool-7d 21.00,poly-2021 1.28,3,1,26,78.5,0
size 0.05 fresh 0.005 net1h 0.1 crowd 5 spike None win 1800 floor 1e+06,14,14,4,0.667,0.0,6.5,0.157,0.088,0.724,0.147,0.182,1.791,across-spokepool-7d 3.50,poly-2021 1.28,3,1,12,89.5,0
size 0.05 fresh 0.005 net1h 0.1 crowd 10 spike 6.0 win 600 floor 250000,14,14,4,0.667,0.0,4.0,0.327,0.132,1.931,0.348,0.273,1.346,across-spokepool-7d 19.25,poly-2021 1.92,4,2,25,79.3,0
size 0.05 fresh 0.005 net1h 0.1 crowd 10 spike 6.0 win 600 floor 1e+06,14,14,4,0.667,0.0,4.0,0.196,0.132,0.724,0.165,0.273,1.033,poly-2021 1.92,poly-2021 1.92,4,2,15,87.1,0
size 0.05 fresh 0.005 net1h 0.1 crowd 10 spike 6.0 win 1800 floor 250000,14,14,4,0.667,0.0,4.0,0.353,0.147,2.052,0.366,0.319,1.346,across-spokepool-7d 21.00,poly-2021 2.55,4,2,27,77.7,0
size 0.05 fresh 0.005 net1h 0.1 crowd 10 spike 6.0 win 1800 floor 1e+06,14,14,4,0.667,0.0,4.0,0.222,0.147,0.845,0.183,0.319,1.033,across-spokepool-7d 3.50,poly-2021 2.55,4,2,17,85.5,0
size 0.05 fresh 0.005 net1h 0.1 crowd 10 spike 10.0 win 600 floor 250000,14,14,4,0.667,0.0,6.5,0.274,0.073,1.931,0.33,0.137,1.346,across-spokepool-7d 19.25,nomad-2022 0.64,2,0,21,82.4,0
size 0.05 fresh 0.005 net1h 0.1 crowd 10 spike 10.0 win 600 floor 1e+06,14,14,4,0.667,0.0,6.5,0.131,0.073,0.603,0.128,0.137,1.033,across-spokepool-7d 1.75,nomad-2022 0.64,2,0,10,91.0,0
size 0.05 fresh 0.005 net1h 0.1 crowd 10 spike 10.0 win 1800 floor 250000,14,14,4,0.667,0.0,6.5,0.288,0.073,2.052,0.348,0.137,1.346,across-spokepool-7d 21.00,nomad-2022 0.64,2,0,22,81.6,0
size 0.05 fresh 0.005 net1h 0.1 crowd 10 spike 10.0 win 1800 floor 1e+06,14,14,4,0.667,0.0,6.5,0.157,0.073,0.845,0.165,0.137,1.033,across-spokepool-7d 3.50,nomad-2022 0.64,2,0,12,89.5,0
size 0.05 fresh 0.005 net1h 0.1 crowd 10 spike None win 600 floor 250000,14,13,4,0.67,7.4,6.5,0.248,0.044,1.931,0.312,0.091,1.124,across-spokepool-7d 19.25,nomad-2022 0.64,2,0,19,83.9,0
size 0.05 fresh 0.005 net1h 0.1 crowd 10 spike None win 600 floor 1e+06,14,13,4,0.67,7.4,6.5,0.078,0.044,0.362,0.073,0.091,0.81,across-spokepool-7d 1.75,nomad-2022 0.64,1,0,6,94.1,0
size 0.05 fresh 0.005 net1h 0.1 crowd 10 spike None win 1800 floor 250000,14,13,4,0.67,7.4,6.5,0.274,0.059,2.052,0.33,0.137,1.124,across-spokepool-7d 21.00,nomad-2022 0.64,2,0,21,82.3,0
size 0.05 fresh 0.005 net1h 0.1 crowd 10 spike None win 1800 floor 1e+06,14,13,4,0.67,7.4,6.5,0.131,0.059,0.724,0.128,0.137,0.81,across-spokepool-7d 3.50,nomad-2022 0.64,2,0,10,91.0,0
size 0.05 fresh 0.005 net1h 0.1 crowd None spike 6.0 win 600 floor 250000,14,14,4,0.667,0.0,4.0,0.327,0.132,1.931,0.348,0.273,1.163,across-spokepool-7d 19.25,poly-2021 1.92,4,2,25,79.3,0
size 0.05 fresh 0.005 net1h 0.1 crowd None spike 6.0 win 600 floor 1e+06,14,14,4,0.667,0.0,4.0,0.157,0.132,0.362,0.11,0.273,0.85,poly-2021 1.92,poly-2021 1.92,3,2,12,89.5,0
size 0.05 fresh 0.005 net1h 0.1 crowd None spike 6.0 win 1800 floor 250000,14,14,4,0.667,0.0,4.0,0.353,0.147,2.052,0.366,0.319,1.163,across-spokepool-7d 21.00,poly-2021 2.55,4,2,27,77.7,0
size 0.05 fresh 0.005 net1h 0.1 crowd None spike 6.0 win 1800 floor 1e+06,14,14,4,0.667,0.0,4.0,0.209,0.147,0.724,0.165,0.319,0.85,across-spokepool-7d 3.50,poly-2021 2.55,4,2,16,86.3,0
size 0.05 fresh 0.005 net1h 0.1 crowd None spike 10.0 win 600 floor 250000,14,14,4,0.667,0.0,6.5,0.261,0.073,1.81,0.312,0.137,1.163,across-spokepool-7d 19.25,nomad-2022 0.64,2,0,20,83.2,0
size 0.05 fresh 0.005 net1h 0.1 crowd None spike 10.0 win 600 floor 1e+06,14,14,4,0.667,0.0,6.5,0.105,0.073,0.362,0.092,0.137,0.85,across-spokepool-7d 1.75,nomad-2022 0.64,1,0,8,92.6,0
size 0.05 fresh 0.005 net1h 0.1 crowd None spike 10.0 win 1800 floor 250000,14,14,4,0.667,0.0,6.5,0.288,0.073,2.052,0.348,0.137,1.163,across-spokepool-7d 21.00,nomad-2022 0.64,2,0,22,81.6,0
size 0.05 fresh 0.005 net1h 0.1 crowd None spike 10.0 win 1800 floor 1e+06,14,14,4,0.667,0.0,6.5,0.131,0.073,0.603,0.128,0.137,0.85,across-spokepool-7d 3.50,nomad-2022 0.64,1,0,10,91.0,0
size 0.05 fresh 0.005 net1h 0.1 crowd None spike None win 600 floor 250000,14,13,4,0.67,7.4,6.5,0.209,0.044,1.569,0.257,0.091,0.941,across-spokepool-7d 19.25,nomad-2022 0.64,1,0,16,86.3,0
size 0.05 fresh 0.005 net1h 0.1 crowd None spike None win 600 floor 1e+06,14,13,4,0.67,7.4,6.5,0.065,0.044,0.241,0.055,0.091,0.614,across-spokepool-7d 1.75,nomad-2022 0.64,1,0,5,94.9,0
size 0.05 fresh 0.005 net1h 0.1 crowd None spike None win 1800 floor 250000,14,13,4,0.67,7.4,6.5,0.261,0.059,1.931,0.312,0.137,0.941,across-spokepool-7d 21.00,nomad-2022 0.64,2,0,20,83.1,0
size 0.05 fresh 0.005 net1h 0.1 crowd None spike None win 1800 floor 1e+06,14,13,4,0.67,7.4,6.5,0.091,0.059,0.362,0.073,0.137,0.614,across-spokepool-7d 3.50,nomad-2022 0.64,1,0,7,93.3,0
size 0.05 fresh 0.005 net1h 0.2 crowd 5 spike 6.0 win 600 floor 250000,14,14,4,0.667,0.0,4.0,0.392,0.176,2.172,0.421,0.319,2.235,across-spokepool-7d 19.25,poly-2021 2.55,4,2,30,75.3,0
size 0.05 fresh 0.005 net1h 0.2 crowd 5 spike 6.0 win 600 floor 1e+06,14,14,4,0.667,0.0,4.0,0.235,0.176,0.724,0.202,0.319,1.974,poly-2021 2.55,poly-2021 2.55,4,2,18,84.8,0
size 0.05 fresh 0.005 net1h 0.2 crowd 5 spike 6.0 win 1800 floor 250000,14,14,4,0.667,0.0,4.0,0.431,0.205,2.293,0.458,0.365,2.235,across-spokepool-7d 21.00,poly-2021 3.19,4,2,33,73.0,0
size 0.05 fresh 0.005 net1h 0.2 crowd 5 spike 6.0 win 1800 floor 1e+06,14,14,4,0.667,0.0,4.0,0.261,0.191,0.845,0.22,0.365,1.974,across-spokepool-7d 3.50,poly-2021 3.19,4,2,20,83.2,0
size 0.05 fresh 0.005 net1h 0.2 crowd 5 spike 10.0 win 600 floor 250000,14,14,4,0.667,0.0,6.5,0.34,0.117,2.172,0.403,0.182,2.235,across-spokepool-7d 19.25,poly-2021 1.28,3,1,26,78.5,0
size 0.05 fresh 0.005 net1h 0.2 crowd 5 spike 10.0 win 600 floor 1e+06,14,14,4,0.667,0.0,6.5,0.17,0.117,0.603,0.165,0.182,1.974,across-spokepool-7d 1.75,poly-2021 1.28,3,1,13,88.7,0
size 0.05 fresh 0.005 net1h 0.2 crowd 5 spike 10.0 win 1800 floor 250000,14,14,4,0.667,0.0,6.5,0.366,0.132,2.293,0.44,0.182,2.235,across-spokepool-7d 21.00,poly-2021 1.28,3,1,28,76.9,0
size 0.05 fresh 0.005 net1h 0.2 crowd 5 spike 10.0 win 1800 floor 1e+06,14,14,4,0.667,0.0,6.5,0.183,0.117,0.724,0.183,0.182,1.974,across-spokepool-7d 3.50,poly-2021 1.28,3,1,14,87.9,0
size 0.05 fresh 0.005 net1h 0.2 crowd 5 spike None win 600 floor 250000,14,14,4,0.667,0.0,6.5,0.314,0.088,2.172,0.366,0.182,2.052,across-spokepool-7d 19.25,poly-2021 1.28,3,1,24,80.0,0
size 0.05 fresh 0.005 net1h 0.2 crowd 5 spike None win 600 floor 1e+06,14,14,4,0.667,0.0,6.5,0.118,0.088,0.362,0.092,0.182,1.791,across-spokepool-7d 1.75,poly-2021 1.28,2,1,9,91.8,0
size 0.05 fresh 0.005 net1h 0.2 crowd 5 spike None win 1800 floor 250000,14,14,4,0.667,0.0,6.5,0.34,0.103,2.293,0.403,0.182,2.052,across-spokepool-7d 21.00,poly-2021 1.28,3,1,26,78.5,0
size 0.05 fresh 0.005 net1h 0.2 crowd 5 spike None win 1800 floor 1e+06,14,14,4,0.667,0.0,6.5,0.144,0.088,0.603,0.128,0.182,1.791,across-spokepool-7d 3.50,poly-2021 1.28,2,1,11,90.3,0
size 0.05 fresh 0.005 net1h 0.2 crowd 10 spike 6.0 win 600 floor 250000,14,14,4,0.667,0.0,4.0,0.327,0.132,1.931,0.348,0.273,1.346,across-spokepool-7d 19.25,poly-2021 1.92,4,2,25,79.3,0
size 0.05 fresh 0.005 net1h 0.2 crowd 10 spike 6.0 win 600 floor 1e+06,14,14,4,0.667,0.0,4.0,0.196,0.132,0.724,0.165,0.273,1.033,poly-2021 1.92,poly-2021 1.92,4,2,15,87.1,0
size 0.05 fresh 0.005 net1h 0.2 crowd 10 spike 6.0 win 1800 floor 250000,14,14,4,0.667,0.0,4.0,0.353,0.147,2.052,0.366,0.319,1.346,across-spokepool-7d 21.00,poly-2021 2.55,4,2,27,77.7,0
size 0.05 fresh 0.005 net1h 0.2 crowd 10 spike 6.0 win 1800 floor 1e+06,14,14,4,0.667,0.0,4.0,0.222,0.147,0.845,0.183,0.319,1.033,across-spokepool-7d 3.50,poly-2021 2.55,4,2,17,85.5,0
size 0.05 fresh 0.005 net1h 0.2 crowd 10 spike 10.0 win 600 floor 250000,14,14,4,0.667,0.0,6.5,0.274,0.073,1.931,0.33,0.137,1.346,across-spokepool-7d 19.25,nomad-2022 0.64,2,0,21,82.4,0
size 0.05 fresh 0.005 net1h 0.2 crowd 10 spike 10.0 win 600 floor 1e+06,14,14,4,0.667,0.0,6.5,0.131,0.073,0.603,0.128,0.137,1.033,across-spokepool-7d 1.75,nomad-2022 0.64,2,0,10,91.0,0
size 0.05 fresh 0.005 net1h 0.2 crowd 10 spike 10.0 win 1800 floor 250000,14,14,4,0.667,0.0,6.5,0.288,0.073,2.052,0.348,0.137,1.346,across-spokepool-7d 21.00,nomad-2022 0.64,2,0,22,81.6,0
size 0.05 fresh 0.005 net1h 0.2 crowd 10 spike 10.0 win 1800 floor 1e+06,14,14,4,0.667,0.0,6.5,0.144,0.073,0.724,0.147,0.137,1.033,across-spokepool-7d 3.50,nomad-2022 0.64,2,0,11,90.3,0
size 0.05 fresh 0.005 net1h 0.2 crowd 10 spike None win 600 floor 250000,14,13,4,0.686,44.2,6.5,0.248,0.044,1.931,0.312,0.091,1.124,across-spokepool-7d 19.25,nomad-2022 0.64,2,0,19,83.5,0
size 0.05 fresh 0.005 net1h 0.2 crowd 10 spike None win 600 floor 1e+06,14,13,4,0.686,44.2,6.5,0.078,0.044,0.362,0.073,0.091,0.81,across-spokepool-7d 1.75,nomad-2022 0.64,1,0,6,93.7,0
size 0.05 fresh 0.005 net1h 0.2 crowd 10 spike None win 1800 floor 250000,14,13,4,0.686,44.2,6.5,0.274,0.059,2.052,0.33,0.137,1.124,across-spokepool-7d 21.00,nomad-2022 0.64,2,0,21,81.9,0
size 0.05 fresh 0.005 net1h 0.2 crowd 10 spike None win 1800 floor 1e+06,14,13,4,0.686,44.2,6.5,0.118,0.059,0.603,0.11,0.137,0.81,across-spokepool-7d 3.50,nomad-2022 0.64,1,0,9,91.4,0
size 0.05 fresh 0.005 net1h 0.2 crowd None spike 6.0 win 600 floor 250000,14,14,4,0.667,0.0,4.0,0.327,0.132,1.931,0.348,0.273,1.163,across-spokepool-7d 19.25,poly-2021 1.92,4,2,25,79.3,0
size 0.05 fresh 0.005 net1h 0.2 crowd None spike 6.0 win 600 floor 1e+06,14,14,4,0.667,0.0,4.0,0.157,0.132,0.362,0.11,0.273,0.85,poly-2021 1.92,poly-2021 1.92,3,2,12,89.5,0
size 0.05 fresh 0.005 net1h 0.2 crowd None spike 6.0 win 1800 floor 250000,14,14,4,0.667,0.0,4.0,0.353,0.147,2.052,0.366,0.319,1.163,across-spokepool-7d 21.00,poly-2021 2.55,4,2,27,77.7,0
size 0.05 fresh 0.005 net1h 0.2 crowd None spike 6.0 win 1800 floor 1e+06,14,14,4,0.667,0.0,4.0,0.196,0.147,0.603,0.147,0.319,0.85,across-spokepool-7d 3.50,poly-2021 2.55,3,2,15,87.1,0
size 0.05 fresh 0.005 net1h 0.2 crowd None spike 10.0 win 600 floor 250000,14,14,4,0.667,0.0,6.5,0.261,0.073,1.81,0.312,0.137,1.163,across-spokepool-7d 19.25,nomad-2022 0.64,2,0,20,83.2,0
size 0.05 fresh 0.005 net1h 0.2 crowd None spike 10.0 win 600 floor 1e+06,14,14,4,0.667,0.0,6.5,0.105,0.073,0.362,0.092,0.137,0.85,across-spokepool-7d 1.75,nomad-2022 0.64,1,0,8,92.6,0
size 0.05 fresh 0.005 net1h 0.2 crowd None spike 10.0 win 1800 floor 250000,14,14,4,0.667,0.0,6.5,0.274,0.073,1.931,0.33,0.137,1.163,across-spokepool-7d 21.00,nomad-2022 0.64,2,0,21,82.4,0
size 0.05 fresh 0.005 net1h 0.2 crowd None spike 10.0 win 1800 floor 1e+06,14,14,4,0.667,0.0,6.5,0.131,0.073,0.603,0.128,0.137,0.85,across-spokepool-7d 3.50,nomad-2022 0.64,1,0,10,91.0,0
size 0.05 fresh 0.005 net1h 0.2 crowd None spike None win 600 floor 250000,14,13,4,0.686,44.2,6.5,0.209,0.044,1.569,0.257,0.091,0.941,across-spokepool-7d 19.25,nomad-2022 0.64,1,0,16,85.9,0
size 0.05 fresh 0.005 net1h 0.2 crowd None spike None win 600 floor 1e+06,14,13,4,0.686,44.2,6.5,0.065,0.044,0.241,0.055,0.091,0.614,across-spokepool-7d 1.75,nomad-2022 0.64,1,0,5,94.5,0
size 0.05 fresh 0.005 net1h 0.2 crowd None spike None win 1800 floor 250000,14,13,4,0.686,44.2,6.5,0.248,0.059,1.81,0.293,0.137,0.941,across-spokepool-7d 21.00,nomad-2022 0.64,1,0,19,83.5,0
size 0.05 fresh 0.005 net1h 0.2 crowd None spike None win 1800 floor 1e+06,14,13,4,0.686,44.2,6.5,0.091,0.059,0.362,0.073,0.137,0.614,across-spokepool-7d 3.50,nomad-2022 0.64,1,0,7,92.9,0
size 0.05 fresh 0.01 net1h 0.05 crowd 5 spike 6.0 win 600 floor 250000,14,14,4,0.667,0.0,4.0,0.379,0.176,2.052,0.403,0.319,1.921,across-spokepool-7d 19.25,poly-2021 2.55,4,2,29,76.1,0
size 0.05 fresh 0.01 net1h 0.05 crowd 5 spike 6.0 win 600 floor 1e+06,14,14,4,0.667,0.0,4.0,0.235,0.176,0.724,0.202,0.319,1.843,poly-2021 2.55,poly-2021 2.55,4,2,18,84.8,0
size 0.05 fresh 0.01 net1h 0.05 crowd 5 spike 6.0 win 1800 floor 250000,14,14,4,0.667,0.0,4.0,0.405,0.191,2.172,0.421,0.365,1.921,across-spokepool-7d 21.00,poly-2021 3.19,4,2,31,74.5,0
size 0.05 fresh 0.01 net1h 0.05 crowd 5 spike 6.0 win 1800 floor 1e+06,14,14,4,0.667,0.0,4.0,0.261,0.191,0.845,0.22,0.365,1.843,across-spokepool-7d 3.50,poly-2021 3.19,4,2,20,83.2,0
size 0.05 fresh 0.01 net1h 0.05 crowd 5 spike 10.0 win 600 floor 250000,14,14,4,0.667,0.0,4.0,0.34,0.147,1.931,0.385,0.228,1.921,across-spokepool-7d 19.25,nomad-2022 1.28,4,2,26,78.5,0
size 0.05 fresh 0.01 net1h 0.05 crowd 5 spike 10.0 win 600 floor 1e+06,14,14,4,0.667,0.0,4.0,0.196,0.147,0.603,0.183,0.228,1.843,across-spokepool-7d 1.75,nomad-2022 1.28,4,2,15,87.1,0
size 0.05 fresh 0.01 net1h 0.05 crowd 5 spike 10.0 win 1800 floor 250000,14,14,4,0.667,0.0,4.0,0.366,0.147,2.172,0.421,0.228,1.921,across-spokepool-7d 21.00,nomad-2022 1.28,4,2,28,76.9,0
size 0.05 fresh 0.01 net1h 0.05 crowd 5 spike 10.0 win 1800 floor 1e+06,14,14,4,0.667,0.0,4.0,0.222,0.147,0.845,0.22,0.228,1.843,across-spokepool-7d 3.50,nomad-2022 1.28,4,2,17,85.5,0
size 0.05 fresh 0.01 net1h 0.05 crowd 5 spike None win 600 floor 250000,14,14,4,0.667,0.0,4.0,0.288,0.117,1.69,0.312,0.228,1.738,across-spokepool-7d 19.25,nomad-2022 1.28,3,2,22,81.6,0
size 0.05 fresh 0.01 net1h 0.05 crowd 5 spike None win 600 floor 1e+06,14,14,4,0.667,0.0,4.0,0.144,0.117,0.362,0.11,0.228,1.66,across-spokepool-7d 1.75,nomad-2022 1.28,3,2,11,90.3,0
size 0.05 fresh 0.01 net1h 0.05 crowd 5 spike None win 1800 floor 250000,14,14,4,0.667,0.0,4.0,0.327,0.117,2.052,0.366,0.228,1.738,across-spokepool-7d 21.00,nomad-2022 1.28,4,2,25,79.3,0
size 0.05 fresh 0.01 net1h 0.05 crowd 5 spike None win 1800 floor 1e+06,14,14,4,0.667,0.0,4.0,0.183,0.117,0.724,0.165,0.228,1.66,across-spokepool-7d 3.50,nomad-2022 1.28,4,2,14,87.9,0
size 0.05 fresh 0.01 net1h 0.05 crowd 10 spike 6.0 win 600 floor 250000,14,14,4,0.667,0.0,4.0,0.34,0.147,1.931,0.366,0.273,0.98,across-spokepool-7d 19.25,poly-2021 1.92,4,2,26,78.5,0
size 0.05 fresh 0.01 net1h 0.05 crowd 10 spike 6.0 win 600 floor 1e+06,14,14,4,0.667,0.0,4.0,0.209,0.147,0.724,0.183,0.273,0.889,poly-2021 1.92,poly-2021 1.92,4,2,16,86.3,0
size 0.05 fresh 0.01 net1h 0.05 crowd 10 spike 6.0 win 1800 floor 250000,14,14,4,0.667,0.0,4.0,0.366,0.161,2.052,0.385,0.319,0.98,across-spokepool-7d 21.00,poly-2021 2.55,4,2,28,76.9,0
size 0.05 fresh 0.01 net1h 0.05 crowd 10 spike 6.0 win 1800 floor 1e+06,14,14,4,0.667,0.0,4.0,0.235,0.161,0.845,0.202,0.319,0.889,across-spokepool-7d 3.50,poly-2021 2.55,4,2,18,84.8,0
size 0.05 fresh 0.01 net1h 0.05 crowd 10 spike 10.0 win 600 floor 250000,14,14,4,0.667,0.0,4.0,0.301,0.117,1.81,0.348,0.182,0.98,across-spokepool-7d 19.25,nomad-2022 1.28,3,1,23,80.8,0
size 0.05 fresh 0.01 net1h 0.05 crowd 10 spike 10.0 win 600 floor 1e+06,14,14,4,0.667,0.0,4.0,0.17,0.117,0.603,0.165,0.182,0.889,across-spokepool-7d 1.75,nomad-2022 1.28,3,1,13,88.7,0
size 0.05 fresh 0.01 net1h 0.05 crowd 10 spike 10.0 win 1800 floor 250000,14,14,4,0.667,0.0,4.0,0.327,0.117,2.052,0.385,0.182,0.98,across-spokepool-7d 21.00,nomad-2022 1.28,3,1,25,79.3,0
size 0.05 fresh 0.01 net1h 0.05 crowd 10 spike 10.0 win 1800 floor 1e+06,14,14,4,0.667,0.0,4.0,0.196,0.117,0.845,0.202,0.182,0.889,across-spokepool-7d 3.50,nomad-2022 1.28,3,1,15,87.1,0
size 0.05 fresh 0.01 net1h 0.05 crowd 10 spike None win 600 floor 250000,14,14,4,0.667,0.0,4.0,0.261,0.103,1.569,0.293,0.182,0.758,across-spokepool-7d 19.25,nomad-2022 1.28,2,1,20,83.2,0
size 0.05 fresh 0.01 net1h 0.05 crowd 10 spike None win 600 floor 1e+06,14,14,4,0.667,0.0,4.0,0.131,0.103,0.362,0.11,0.182,0.667,across-spokepool-7d 1.75,nomad-2022 1.28,2,1,10,91.0,0
size 0.05 fresh 0.01 net1h 0.05 crowd 10 spike None win 1800 floor 250000,14,14,4,0.667,0.0,4.0,0.301,0.103,1.931,0.348,0.182,0.758,across-spokepool-7d 21.00,nomad-2022 1.28,3,1,23,80.8,0
size 0.05 fresh 0.01 net1h 0.05 crowd 10 spike None win 1800 floor 1e+06,14,14,4,0.667,0.0,4.0,0.17,0.103,0.724,0.165,0.182,0.667,across-spokepool-7d 3.50,nomad-2022 1.28,3,1,13,88.7,0
size 0.05 fresh 0.01 net1h 0.05 crowd None spike 6.0 win 600 floor 250000,14,14,4,0.667,0.0,4.0,0.301,0.147,1.569,0.312,0.273,0.797,across-spokepool-7d 19.25,poly-2021 1.92,3,2,23,80.8,0
size 0.05 fresh 0.01 net1h 0.05 crowd None spike 6.0 win 600 floor 1e+06,14,14,4,0.667,0.0,4.0,0.17,0.147,0.362,0.128,0.273,0.706,poly-2021 1.92,poly-2021 1.92,3,2,13,88.7,0
size 0.05 fresh 0.01 net1h 0.05 crowd None spike 6.0 win 1800 floor 250000,14,14,4,0.667,0.0,4.0,0.353,0.161,1.931,0.366,0.319,0.797,across-spokepool-7d 21.00,poly-2021 2.55,4,2,27,77.7,0
size 0.05 fresh 0.01 net1h 0.05 crowd None spike 6.0 win 1800 floor 1e+06,14,14,4,0.667,0.0,4.0,0.222,0.161,0.724,0.183,0.319,0.706,across-spokepool-7d 3.50,poly-2021 2.55,4,2,17,85.5,0
size 0.05 fresh 0.01 net1h 0.05 crowd None spike 10.0 win 600 floor 250000,14,14,4,0.667,0.0,4.0,0.274,0.117,1.569,0.312,0.182,0.797,across-spokepool-7d 19.25,nomad-2022 1.28,2,1,21,82.4,0
size 0.05 fresh 0.01 net1h 0.05 crowd None spike 10.0 win 600 floor 1e+06,14,14,4,0.667,0.0,4.0,0.144,0.117,0.362,0.128,0.182,0.706,across-spokepool-7d 1.75,nomad-2022 1.28,2,1,11,90.3,0
size 0.05 fresh 0.01 net1h 0.05 crowd None spike 10.0 win 1800 floor 250000,14,14,4,0.667,0.0,4.0,0.301,0.117,1.81,0.348,0.182,0.797,across-spokepool-7d 21.00,nomad-2022 1.28,2,1,23,80.8,0
size 0.05 fresh 0.01 net1h 0.05 crowd None spike 10.0 win 1800 floor 1e+06,14,14,4,0.667,0.0,4.0,0.17,0.117,0.603,0.165,0.182,0.706,across-spokepool-7d 3.50,nomad-2022 1.28,2,1,13,88.7,0
size 0.05 fresh 0.01 net1h 0.05 crowd None spike None win 600 floor 250000,14,14,4,0.667,0.0,4.0,0.248,0.103,1.448,0.275,0.182,0.562,across-spokepool-7d 19.25,nomad-2022 1.28,2,1,19,84.0,0
size 0.05 fresh 0.01 net1h 0.05 crowd None spike None win 600 floor 1e+06,14,14,4,0.667,0.0,4.0,0.118,0.103,0.241,0.092,0.182,0.471,across-spokepool-7d 1.75,nomad-2022 1.28,2,1,9,91.8,0
size 0.05 fresh 0.01 net1h 0.05 crowd None spike None win 1800 floor 250000,14,14,4,0.667,0.0,4.0,0.261,0.103,1.569,0.293,0.182,0.562,across-spokepool-7d 21.00,nomad-2022 1.28,2,1,20,83.2,0
size 0.05 fresh 0.01 net1h 0.05 crowd None spike None win 1800 floor 1e+06,14,14,4,0.667,0.0,4.0,0.131,0.103,0.362,0.11,0.182,0.471,across-spokepool-7d 3.50,nomad-2022 1.28,2,1,10,91.0,0
size 0.05 fresh 0.01 net1h 0.1 crowd 5 spike 6.0 win 600 floor 250000,14,14,4,0.667,0.0,4.0,0.366,0.161,2.052,0.385,0.319,1.921,across-spokepool-7d 19.25,poly-2021 2.55,4,2,28,76.9,0
size 0.05 fresh 0.01 net1h 0.1 crowd 5 spike 6.0 win 600 floor 1e+06,14,14,4,0.667,0.0,4.0,0.222,0.161,0.724,0.183,0.319,1.843,poly-2021 2.55,poly-2021 2.55,4,2,17,85.5,0
size 0.05 fresh 0.01 net1h 0.1 crowd 5 spike 6.0 win 1800 floor 250000,14,14,4,0.667,0.0,4.0,0.392,0.176,2.172,0.403,0.365,1.921,across-spokepool-7d 21.00,poly-2021 3.19,4,2,30,75.3,0
size 0.05 fresh 0.01 net1h 0.1 crowd 5 spike 6.0 win 1800 floor 1e+06,14,14,4,0.667,0.0,4.0,0.248,0.176,0.845,0.202,0.365,1.843,across-spokepool-7d 3.50,poly-2021 3.19,4,2,19,84.0,0
size 0.05 fresh 0.01 net1h 0.1 crowd 5 spike 10.0 win 600 floor 250000,14,14,4,0.667,0.0,6.5,0.301,0.103,1.931,0.348,0.182,1.921,across-spokepool-7d 19.25,poly-2021 1.28,3,1,23,80.8,0
size 0.05 fresh 0.01 net1h 0.1 crowd 5 spike 10.0 win 600 floor 1e+06,14,14,4,0.667,0.0,6.5,0.157,0.103,0.603,0.147,0.182,1.843,across-spokepool-7d 1.75,poly-2021 1.28,3,1,12,89.5,0
size 0.05 fresh 0.01 net1h 0.1 crowd 5 spike 10.0 win 1800 floor 250000,14,14,4,0.667,0.0,6.5,0.327,0.103,2.172,0.385,0.182,1.921,across-spokepool-7d 21.00,poly-2021 1.28,3,1,25,79.3,0
size 0.05 fresh 0.01 net1h 0.1 crowd 5 spike 10.0 win 1800 floor 1e+06,14,14,4,0.667,0.0,6.5,0.183,0.103,0.845,0.183,0.182,1.843,across-spokepool-7d 3.50,poly-2021 1.28,3,1,14,87.9,0
size 0.05 fresh 0.01 net1h 0.1 crowd 5 spike None win 600 floor 250000,14,14,4,0.667,0.0,6.5,0.248,0.073,1.69,0.275,0.182,1.738,across-spokepool-7d 19.25,poly-2021 1.28,2,1,19,84.0,0
size 0.05 fresh 0.01 net1h 0.1 crowd 5 spike None win 600 floor 1e+06,14,14,4,0.667,0.0,6.5,0.105,0.073,0.362,0.073,0.182,1.66,across-spokepool-7d 1.75,poly-2021 1.28,2,1,8,92.6,0
size 0.05 fresh 0.01 net1h 0.1 crowd 5 spike None win 1800 floor 250000,14,14,4,0.667,0.0,6.5,0.288,0.073,2.052,0.33,0.182,1.738,across-spokepool-7d 21.00,poly-2021 1.28,3,1,22,81.6,0
size 0.05 fresh 0.01 net1h 0.1 crowd 5 spike None win 1800 floor 1e+06,14,14,4,0.667,0.0,6.5,0.144,0.073,0.724,0.128,0.182,1.66,across-spokepool-7d 3.50,poly-2021 1.28,3,1,11,90.3,0
size 0.05 fresh 0.01 net1h 0.1 crowd 10 spike 6.0 win 600 floor 250000,14,14,4,0.667,0.0,4.0,0.327,0.132,1.931,0.348,0.273,0.98,across-spokepool-7d 19.25,poly-2021 1.92,4,2,25,79.3,0
size 0.05 fresh 0.01 net1h 0.1 crowd 10 spike 6.0 win 600 floor 1e+06,14,14,4,0.667,0.0,4.0,0.196,0.132,0.724,0.165,0.273,0.889,poly-2021 1.92,poly-2021 1.92,4,2,15,87.1,0
size 0.05 fresh 0.01 net1h 0.1 crowd 10 spike 6.0 win 1800 floor 250000,14,14,4,0.667,0.0,4.0,0.353,0.147,2.052,0.366,0.319,0.98,across-spokepool-7d 21.00,poly-2021 2.55,4,2,27,77.7,0
size 0.05 fresh 0.01 net1h 0.1 crowd 10 spike 6.0 win 1800 floor 1e+06,14,14,4,0.667,0.0,4.0,0.222,0.147,0.845,0.183,0.319,0.889,across-spokepool-7d 3.50,poly-2021 2.55,4,2,17,85.5,0
size 0.05 fresh 0.01 net1h 0.1 crowd 10 spike 10.0 win 600 floor 250000,14,14,4,0.667,0.0,6.5,0.261,0.073,1.81,0.312,0.137,0.98,across-spokepool-7d 19.25,nomad-2022 0.64,2,0,20,83.2,0
size 0.05 fresh 0.01 net1h 0.1 crowd 10 spike 10.0 win 600 floor 1e+06,14,14,4,0.667,0.0,6.5,0.131,0.073,0.603,0.128,0.137,0.889,across-spokepool-7d 1.75,nomad-2022 0.64,2,0,10,91.0,0
size 0.05 fresh 0.01 net1h 0.1 crowd 10 spike 10.0 win 1800 floor 250000,14,14,4,0.667,0.0,6.5,0.288,0.073,2.052,0.348,0.137,0.98,across-spokepool-7d 21.00,nomad-2022 0.64,2,0,22,81.6,0
size 0.05 fresh 0.01 net1h 0.1 crowd 10 spike 10.0 win 1800 floor 1e+06,14,14,4,0.667,0.0,6.5,0.157,0.073,0.845,0.165,0.137,0.889,across-spokepool-7d 3.50,nomad-2022 0.64,2,0,12,89.5,0
size 0.05 fresh 0.01 net1h 0.1 crowd 10 spike None win 600 floor 250000,14,13,4,0.67,7.4,6.5,0.209,0.044,1.569,0.257,0.091,0.758,across-spokepool-7d 19.25,nomad-2022 0.64,1,0,16,86.3,0
size 0.05 fresh 0.01 net1h 0.1 crowd 10 spike None win 600 floor 1e+06,14,13,4,0.67,7.4,6.5,0.078,0.044,0.362,0.073,0.091,0.667,across-spokepool-7d 1.75,nomad-2022 0.64,1,0,6,94.1,0
size 0.05 fresh 0.01 net1h 0.1 crowd 10 spike None win 1800 floor 250000,14,13,4,0.67,7.4,6.5,0.261,0.059,1.931,0.312,0.137,0.758,across-spokepool-7d 21.00,nomad-2022 0.64,2,0,20,83.1,0
size 0.05 fresh 0.01 net1h 0.1 crowd 10 spike None win 1800 floor 1e+06,14,13,4,0.67,7.4,6.5,0.131,0.059,0.724,0.128,0.137,0.667,across-spokepool-7d 3.50,nomad-2022 0.64,2,0,10,91.0,0
size 0.05 fresh 0.01 net1h 0.1 crowd None spike 6.0 win 600 floor 250000,14,14,4,0.667,0.0,4.0,0.288,0.132,1.569,0.293,0.273,0.797,across-spokepool-7d 19.25,poly-2021 1.92,3,2,22,81.6,0
size 0.05 fresh 0.01 net1h 0.1 crowd None spike 6.0 win 600 floor 1e+06,14,14,4,0.667,0.0,4.0,0.157,0.132,0.362,0.11,0.273,0.706,poly-2021 1.92,poly-2021 1.92,3,2,12,89.5,0
size 0.05 fresh 0.01 net1h 0.1 crowd None spike 6.0 win 1800 floor 250000,14,14,4,0.667,0.0,4.0,0.34,0.147,1.931,0.348,0.319,0.797,across-spokepool-7d 21.00,poly-2021 2.55,4,2,26,78.5,0
size 0.05 fresh 0.01 net1h 0.1 crowd None spike 6.0 win 1800 floor 1e+06,14,14,4,0.667,0.0,4.0,0.209,0.147,0.724,0.165,0.319,0.706,across-spokepool-7d 3.50,poly-2021 2.55,4,2,16,86.3,0
size 0.05 fresh 0.01 net1h 0.1 crowd None spike 10.0 win 600 floor 250000,14,14,4,0.667,0.0,6.5,0.235,0.073,1.569,0.275,0.137,0.797,across-spokepool-7d 19.25,nomad-2022 0.64,1,0,18,84.8,0
size 0.05 fresh 0.01 net1h 0.1 crowd None spike 10.0 win 600 floor 1e+06,14,14,4,0.667,0.0,6.5,0.105,0.073,0.362,0.092,0.137,0.706,across-spokepool-7d 1.75,nomad-2022 0.64,1,0,8,92.6,0
size 0.05 fresh 0.01 net1h 0.1 crowd None spike 10.0 win 1800 floor 250000,14,14,4,0.667,0.0,6.5,0.261,0.073,1.81,0.312,0.137,0.797,across-spokepool-7d 21.00,nomad-2022 0.64,1,0,20,83.2,0
size 0.05 fresh 0.01 net1h 0.1 crowd None spike 10.0 win 1800 floor 1e+06,14,14,4,0.667,0.0,6.5,0.131,0.073,0.603,0.128,0.137,0.706,across-spokepool-7d 3.50,nomad-2022 0.64,1,0,10,91.0,0
size 0.05 fresh 0.01 net1h 0.1 crowd None spike None win 600 floor 250000,14,13,4,0.67,7.4,6.5,0.196,0.044,1.448,0.238,0.091,0.562,across-spokepool-7d 19.25,nomad-2022 0.64,1,0,15,87.0,0
size 0.05 fresh 0.01 net1h 0.1 crowd None spike None win 600 floor 1e+06,14,13,4,0.67,7.4,6.5,0.065,0.044,0.241,0.055,0.091,0.471,across-spokepool-7d 1.75,nomad-2022 0.64,1,0,5,94.9,0
size 0.05 fresh 0.01 net1h 0.1 crowd None spike None win 1800 floor 250000,14,13,4,0.67,7.4,6.5,0.222,0.059,1.569,0.257,0.137,0.562,across-spokepool-7d 21.00,nomad-2022 0.64,1,0,17,85.5,0
size 0.05 fresh 0.01 net1h 0.1 crowd None spike None win 1800 floor 1e+06,14,13,4,0.67,7.4,6.5,0.091,0.059,0.362,0.073,0.137,0.471,across-spokepool-7d 3.50,nomad-2022 0.64,1,0,7,93.3,0
size 0.05 fresh 0.01 net1h 0.2 crowd 5 spike 6.0 win 600 floor 250000,14,14,4,0.667,0.0,4.0,0.366,0.161,2.052,0.385,0.319,1.921,across-spokepool-7d 19.25,poly-2021 2.55,4,2,28,76.9,0
size 0.05 fresh 0.01 net1h 0.2 crowd 5 spike 6.0 win 600 floor 1e+06,14,14,4,0.667,0.0,4.0,0.222,0.161,0.724,0.183,0.319,1.843,poly-2021 2.55,poly-2021 2.55,4,2,17,85.5,0
size 0.05 fresh 0.01 net1h 0.2 crowd 5 spike 6.0 win 1800 floor 250000,14,14,4,0.667,0.0,4.0,0.392,0.176,2.172,0.403,0.365,1.921,across-spokepool-7d 21.00,poly-2021 3.19,4,2,30,75.3,0
size 0.05 fresh 0.01 net1h 0.2 crowd 5 spike 6.0 win 1800 floor 1e+06,14,14,4,0.667,0.0,4.0,0.248,0.176,0.845,0.202,0.365,1.843,across-spokepool-7d 3.50,poly-2021 3.19,4,2,19,84.0,0
size 0.05 fresh 0.01 net1h 0.2 crowd 5 spike 10.0 win 600 floor 250000,14,14,4,0.667,0.0,6.5,0.301,0.103,1.931,0.348,0.182,1.921,across-spokepool-7d 19.25,poly-2021 1.28,3,1,23,80.8,0
size 0.05 fresh 0.01 net1h 0.2 crowd 5 spike 10.0 win 600 floor 1e+06,14,14,4,0.667,0.0,6.5,0.157,0.103,0.603,0.147,0.182,1.843,across-spokepool-7d 1.75,poly-2021 1.28,3,1,12,89.5,0
size 0.05 fresh 0.01 net1h 0.2 crowd 5 spike 10.0 win 1800 floor 250000,14,14,4,0.667,0.0,6.5,0.314,0.103,2.052,0.366,0.182,1.921,across-spokepool-7d 21.00,poly-2021 1.28,3,1,24,80.0,0
size 0.05 fresh 0.01 net1h 0.2 crowd 5 spike 10.0 win 1800 floor 1e+06,14,14,4,0.667,0.0,6.5,0.17,0.103,0.724,0.165,0.182,1.843,across-spokepool-7d 3.50,poly-2021 1.28,3,1,13,88.7,0
size 0.05 fresh 0.01 net1h 0.2 crowd 5 spike None win 600 floor 250000,14,14,4,0.667,0.0,6.5,0.248,0.073,1.69,0.275,0.182,1.738,across-spokepool-7d 19.25,poly-2021 1.28,2,1,19,84.0,0
size 0.05 fresh 0.01 net1h 0.2 crowd 5 spike None win 600 floor 1e+06,14,14,4,0.667,0.0,6.5,0.105,0.073,0.362,0.073,0.182,1.66,across-spokepool-7d 1.75,poly-2021 1.28,2,1,8,92.6,0
size 0.05 fresh 0.01 net1h 0.2 crowd 5 spike None win 1800 floor 250000,14,14,4,0.667,0.0,6.5,0.274,0.073,1.931,0.312,0.182,1.738,across-spokepool-7d 21.00,poly-2021 1.28,3,1,21,82.4,0
size 0.05 fresh 0.01 net1h 0.2 crowd 5 spike None win 1800 floor 1e+06,14,14,4,0.667,0.0,6.5,0.131,0.073,0.603,0.11,0.182,1.66,across-spokepool-7d 3.50,poly-2021 1.28,2,1,10,91.0,0
size 0.05 fresh 0.01 net1h 0.2 crowd 10 spike 6.0 win 600 floor 250000,14,14,4,0.667,0.0,4.0,0.327,0.132,1.931,0.348,0.273,0.98,across-spokepool-7d 19.25,poly-2021 1.92,4,2,25,79.3,0
size 0.05 fresh 0.01 net1h 0.2 crowd 10 spike 6.0 win 600 floor 1e+06,14,14,4,0.667,0.0,4.0,0.196,0.132,0.724,0.165,0.273,0.889,poly-2021 1.92,poly-2021 1.92,4,2,15,87.1,0
size 0.05 fresh 0.01 net1h 0.2 crowd 10 spike 6.0 win 1800 floor 250000,14,14,4,0.667,0.0,4.0,0.353,0.147,2.052,0.366,0.319,0.98,across-spokepool-7d 21.00,poly-2021 2.55,4,2,27,77.7,0
size 0.05 fresh 0.01 net1h 0.2 crowd 10 spike 6.0 win 1800 floor 1e+06,14,14,4,0.667,0.0,4.0,0.222,0.147,0.845,0.183,0.319,0.889,across-spokepool-7d 3.50,poly-2021 2.55,4,2,17,85.5,0
size 0.05 fresh 0.01 net1h 0.2 crowd 10 spike 10.0 win 600 floor 250000,14,14,4,0.667,0.0,6.5,0.261,0.073,1.81,0.312,0.137,0.98,across-spokepool-7d 19.25,nomad-2022 0.64,2,0,20,83.2,0
size 0.05 fresh 0.01 net1h 0.2 crowd 10 spike 10.0 win 600 floor 1e+06,14,14,4,0.667,0.0,6.5,0.131,0.073,0.603,0.128,0.137,0.889,across-spokepool-7d 1.75,nomad-2022 0.64,2,0,10,91.0,0
size 0.05 fresh 0.01 net1h 0.2 crowd 10 spike 10.0 win 1800 floor 250000,14,14,4,0.667,0.0,6.5,0.274,0.073,1.931,0.33,0.137,0.98,across-spokepool-7d 21.00,nomad-2022 0.64,2,0,21,82.4,0
size 0.05 fresh 0.01 net1h 0.2 crowd 10 spike 10.0 win 1800 floor 1e+06,14,14,4,0.667,0.0,6.5,0.144,0.073,0.724,0.147,0.137,0.889,across-spokepool-7d 3.50,nomad-2022 0.64,2,0,11,90.3,0
size 0.05 fresh 0.01 net1h 0.2 crowd 10 spike None win 600 floor 250000,14,13,4,0.686,44.2,6.5,0.209,0.044,1.569,0.257,0.091,0.758,across-spokepool-7d 19.25,nomad-2022 0.64,1,0,16,85.9,0
size 0.05 fresh 0.01 net1h 0.2 crowd 10 spike None win 600 floor 1e+06,14,13,4,0.686,44.2,6.5,0.078,0.044,0.362,0.073,0.091,0.667,across-spokepool-7d 1.75,nomad-2022 0.64,1,0,6,93.7,0
size 0.05 fresh 0.01 net1h 0.2 crowd 10 spike None win 1800 floor 250000,14,13,4,0.686,44.2,6.5,0.248,0.059,1.81,0.293,0.137,0.758,across-spokepool-7d 21.00,nomad-2022 0.64,1,0,19,83.5,0
size 0.05 fresh 0.01 net1h 0.2 crowd 10 spike None win 1800 floor 1e+06,14,13,4,0.686,44.2,6.5,0.118,0.059,0.603,0.11,0.137,0.667,across-spokepool-7d 3.50,nomad-2022 0.64,1,0,9,91.4,0
size 0.05 fresh 0.01 net1h 0.2 crowd None spike 6.0 win 600 floor 250000,14,14,4,0.667,0.0,4.0,0.288,0.132,1.569,0.293,0.273,0.797,across-spokepool-7d 19.25,poly-2021 1.92,3,2,22,81.6,0
size 0.05 fresh 0.01 net1h 0.2 crowd None spike 6.0 win 600 floor 1e+06,14,14,4,0.667,0.0,4.0,0.157,0.132,0.362,0.11,0.273,0.706,poly-2021 1.92,poly-2021 1.92,3,2,12,89.5,0
size 0.05 fresh 0.01 net1h 0.2 crowd None spike 6.0 win 1800 floor 250000,14,14,4,0.667,0.0,4.0,0.327,0.147,1.81,0.33,0.319,0.797,across-spokepool-7d 21.00,poly-2021 2.55,3,2,25,79.3,0
size 0.05 fresh 0.01 net1h 0.2 crowd None spike 6.0 win 1800 floor 1e+06,14,14,4,0.667,0.0,4.0,0.196,0.147,0.603,0.147,0.319,0.706,across-spokepool-7d 3.50,poly-2021 2.55,3,2,15,87.1,0
size 0.05 fresh 0.01 net1h 0.2 crowd None spike 10.0 win 600 floor 250000,14,14,4,0.667,0.0,6.5,0.235,0.073,1.569,0.275,0.137,0.797,across-spokepool-7d 19.25,nomad-2022 0.64,1,0,18,84.8,0
size 0.05 fresh 0.01 net1h 0.2 crowd None spike 10.0 win 600 floor 1e+06,14,14,4,0.667,0.0,6.5,0.105,0.073,0.362,0.092,0.137,0.706,across-spokepool-7d 1.75,nomad-2022 0.64,1,0,8,92.6,0
size 0.05 fresh 0.01 net1h 0.2 crowd None spike 10.0 win 1800 floor 250000,14,14,4,0.667,0.0,6.5,0.261,0.073,1.81,0.312,0.137,0.797,across-spokepool-7d 21.00,nomad-2022 0.64,1,0,20,83.2,0
size 0.05 fresh 0.01 net1h 0.2 crowd None spike 10.0 win 1800 floor 1e+06,14,14,4,0.667,0.0,6.5,0.131,0.073,0.603,0.128,0.137,0.706,across-spokepool-7d 3.50,nomad-2022 0.64,1,0,10,91.0,0
size 0.05 fresh 0.01 net1h 0.2 crowd None spike None win 600 floor 250000,14,13,4,0.686,44.2,6.5,0.196,0.044,1.448,0.238,0.091,0.562,across-spokepool-7d 19.25,nomad-2022 0.64,1,0,15,86.7,0
size 0.05 fresh 0.01 net1h 0.2 crowd None spike None win 600 floor 1e+06,14,13,4,0.686,44.2,6.5,0.065,0.044,0.241,0.055,0.091,0.471,across-spokepool-7d 1.75,nomad-2022 0.64,1,0,5,94.5,0
size 0.05 fresh 0.01 net1h 0.2 crowd None spike None win 1800 floor 250000,14,13,4,0.686,44.2,6.5,0.222,0.059,1.569,0.257,0.137,0.562,across-spokepool-7d 21.00,nomad-2022 0.64,1,0,17,85.1,0
size 0.05 fresh 0.01 net1h 0.2 crowd None spike None win 1800 floor 1e+06,14,13,4,0.686,44.2,6.5,0.091,0.059,0.362,0.073,0.137,0.471,across-spokepool-7d 3.50,nomad-2022 0.64,1,0,7,92.9,0
size 0.05 fresh 0.02 net1h 0.05 crowd 5 spike 6.0 win 600 floor 250000,14,14,4,0.667,0.0,4.0,0.327,0.132,1.931,0.366,0.228,1.856,across-spokepool-7d 19.25,nomad-2022 1.28,4,2,25,79.3,0
size 0.05 fresh 0.02 net1h 0.05 crowd 5 spike 6.0 win 600 floor 1e+06,14,14,4,0.667,0.0,4.0,0.196,0.132,0.724,0.183,0.228,1.817,across-spokepool-7d 1.75,nomad-2022 1.28,4,2,15,87.1,0
size 0.05 fresh 0.02 net1h 0.05 crowd 5 spike 6.0 win 1800 floor 250000,14,14,4,0.667,0.0,4.0,0.353,0.147,2.052,0.385,0.273,1.856,across-spokepool-7d 21.00,poly-2021 1.92,4,2,27,77.7,0
size 0.05 fresh 0.02 net1h 0.05 crowd 5 spike 6.0 win 1800 floor 1e+06,14,14,4,0.667,0.0,4.0,0.222,0.147,0.845,0.202,0.273,1.817,across-spokepool-7d 3.50,poly-2021 1.92,4,2,17,85.5,0
size 0.05 fresh 0.02 net1h 0.05 crowd 5 spike 10.0 win 600 floor 250000,14,14,4,0.667,0.0,6.5,0.301,0.117,1.81,0.348,0.182,1.843,across-spokepool-7d 19.25,nomad-2022 1.28,3,1,23,80.8,0
size 0.05 fresh 0.02 net1h 0.05 crowd 5 spike 10.0 win 600 floor 1e+06,14,14,4,0.667,0.0,6.5,0.17,0.117,0.603,0.165,0.182,1.804,across-spokepool-7d 1.75,nomad-2022 1.28,3,1,13,88.7,0
size 0.05 fresh 0.02 net1h 0.05 crowd 5 spike 10.0 win 1800 floor 250000,14,14,4,0.667,0.0,6.5,0.327,0.117,2.052,0.385,0.182,1.843,across-spokepool-7d 21.00,nomad-2022 1.28,3,1,25,79.3,0
size 0.05 fresh 0.02 net1h 0.05 crowd 5 spike 10.0 win 1800 floor 1e+06,14,14,4,0.667,0.0,6.5,0.196,0.117,0.845,0.202,0.182,1.804,across-spokepool-7d 3.50,nomad-2022 1.28,3,1,15,87.1,0
size 0.05 fresh 0.02 net1h 0.05 crowd 5 spike None win 600 floor 250000,14,14,4,0.667,0.0,6.5,0.261,0.103,1.569,0.293,0.182,1.647,across-spokepool-7d 19.25,nomad-2022 1.28,2,1,20,83.2,0
size 0.05 fresh 0.02 net1h 0.05 crowd 5 spike None win 600 floor 1e+06,14,14,4,0.667,0.0,6.5,0.131,0.103,0.362,0.11,0.182,1.608,across-spokepool-7d 1.75,nomad-2022 1.28,2,1,10,91.0,0
size 0.05 fresh 0.02 net1h 0.05 crowd 5 spike None win 1800 floor 250000,14,14,4,0.667,0.0,6.5,0.301,0.103,1.931,0.348,0.182,1.647,across-spokepool-7d 21.00,nomad-2022 1.28,3,1,23,80.8,0
size 0.05 fresh 0.02 net1h 0.05 crowd 5 spike None win 1800 floor 1e+06,14,14,4,0.667,0.0,6.5,0.17,0.103,0.724,0.165,0.182,1.608,across-spokepool-7d 3.50,nomad-2022 1.28,3,1,13,88.7,0
size 0.05 fresh 0.02 net1h 0.05 crowd 10 spike 6.0 win 600 floor 250000,14,14,4,0.667,0.0,4.0,0.314,0.117,1.931,0.348,0.228,0.889,across-spokepool-7d 19.25,nomad-2022 1.28,4,2,24,80.0,0
size 0.05 fresh 0.02 net1h 0.05 crowd 10 spike 6.0 win 600 floor 1e+06,14,14,4,0.667,0.0,4.0,0.183,0.117,0.724,0.165,0.228,0.85,across-spokepool-7d 1.75,nomad-2022 1.28,4,2,14,87.9,0
size 0.05 fresh 0.02 net1h 0.05 crowd 10 spike 6.0 win 1800 floor 250000,14,14,4,0.667,0.0,4.0,0.34,0.132,2.052,0.366,0.273,0.889,across-spokepool-7d 21.00,poly-2021 1.92,4,2,26,78.5,0
size 0.05 fresh 0.02 net1h 0.05 crowd 10 spike 6.0 win 1800 floor 1e+06,14,14,4,0.667,0.0,4.0,0.209,0.132,0.845,0.183,0.273,0.85,across-spokepool-7d 3.50,poly-2021 1.92,4,2,16,86.3,0
size 0.05 fresh 0.02 net1h 0.05 crowd 10 spike 10.0 win 600 floor 250000,14,14,4,0.667,0.0,6.5,0.288,0.103,1.81,0.33,0.182,0.876,across-spokepool-7d 19.25,nomad-2022 1.28,3,1,22,81.6,0
size 0.05 fresh 0.02 net1h 0.05 crowd 10 spike 10.0 win 600 floor 1e+06,14,14,4,0.667,0.0,6.5,0.157,0.103,0.603,0.147,0.182,0.836,across-spokepool-7d 1.75,nomad-2022 1.28,3,1,12,89.5,0
size 0.05 fresh 0.02 net1h 0.05 crowd 10 spike 10.0 win 1800 floor 250000,14,14,4,0.667,0.0,6.5,0.314,0.103,2.052,0.366,0.182,0.876,across-spokepool-7d 21.00,nomad-2022 1.28,3,1,24,80.0,0
size 0.05 fresh 0.02 net1h 0.05 crowd 10 spike 10.0 win 1800 floor 1e+06,14,14,4,0.667,0.0,6.5,0.183,0.103,0.845,0.183,0.182,0.836,across-spokepool-7d 3.50,nomad-2022 1.28,3,1,14,87.9,0
size 0.05 fresh 0.02 net1h 0.05 crowd 10 spike None win 600 floor 250000,14,13,4,0.67,7.4,6.5,0.261,0.103,1.569,0.293,0.182,0.64,across-spokepool-7d 19.25,nomad-2022 1.28,2,1,20,83.1,0
size 0.05 fresh 0.02 net1h 0.05 crowd 10 spike None win 600 floor 1e+06,14,13,4,0.67,7.4,6.5,0.131,0.103,0.362,0.11,0.182,0.601,across-spokepool-7d 1.75,nomad-2022 1.28,2,1,10,91.0,0
size 0.05 fresh 0.02 net1h 0.05 crowd 10 spike None win 1800 floor 250000,14,13,4,0.67,7.4,6.5,0.301,0.103,1.931,0.348,0.182,0.64,across-spokepool-7d 21.00,nomad-2022 1.28,3,1,23,80.8,0
size 0.05 fresh 0.02 net1h 0.05 crowd 10 spike None win 1800 floor 1e+06,14,13,4,0.67,7.4,6.5,0.17,0.103,0.724,0.165,0.182,0.601,across-spokepool-7d 3.50,nomad-2022 1.28,3,1,13,88.6,0
size 0.05 fresh 0.02 net1h 0.05 crowd None spike 6.0 win 600 floor 250000,14,14,4,0.667,0.0,4.0,0.274,0.117,1.569,0.293,0.228,0.706,across-spokepool-7d 19.25,nomad-2022 1.28,3,2,21,82.4,0
size 0.05 fresh 0.02 net1h 0.05 crowd None spike 6.0 win 600 floor 1e+06,14,14,4,0.667,0.0,4.0,0.144,0.117,0.362,0.11,0.228,0.667,across-spokepool-7d 1.75,nomad-2022 1.28,3,2,11,90.3,0
size 0.05 fresh 0.02 net1h 0.05 crowd None spike 6.0 win 1800 floor 250000,14,14,4,0.667,0.0,4.0,0.327,0.132,1.931,0.348,0.273,0.706,across-spokepool-7d 21.00,poly-2021 1.92,4,2,25,79.3,0
size 0.05 fresh 0.02 net1h 0.05 crowd None spike 6.0 win 1800 floor 1e+06,14,14,4,0.667,0.0,4.0,0.196,0.132,0.724,0.165,0.273,0.667,across-spokepool-7d 3.50,poly-2021 1.92,4,2,15,87.1,0
size 0.05 fresh 0.02 net1h 0.05 crowd None spike 10.0 win 600 floor 250000,14,14,4,0.667,0.0,6.5,0.261,0.103,1.569,0.293,0.182,0.693,across-spokepool-7d 19.25,nomad-2022 1.28,2,1,20,83.2,0
size 0.05 fresh 0.02 net1h 0.05 crowd None spike 10.0 win 600 floor 1e+06,14,14,4,0.667,0.0,6.5,0.131,0.103,0.362,0.11,0.182,0.654,across-spokepool-7d 1.75,nomad-2022 1.28,2,1,10,91.0,0
size 0.05 fresh 0.02 net1h 0.05 crowd None spike 10.0 win 1800 floor 250000,14,14,4,0.667,0.0,6.5,0.288,0.103,1.81,0.33,0.182,0.693,across-spokepool-7d 21.00,nomad-2022 1.28,2,1,22,81.6,0
size 0.05 fresh 0.02 net1h 0.05 crowd None spike 10.0 win 1800 floor 1e+06,14,14,4,0.667,0.0,6.5,0.157,0.103,0.603,0.147,0.182,0.654,across-spokepool-7d 3.50,nomad-2022 1.28,2,1,12,89.5,0
size 0.05 fresh 0.02 net1h 0.05 crowd None spike None win 600 floor 250000,14,13,4,0.67,7.4,6.5,0.248,0.103,1.448,0.275,0.182,0.444,across-spokepool-7d 19.25,nomad-2022 1.28,2,1,19,83.9,0
size 0.05 fresh 0.02 net1h 0.05 crowd None spike None win 600 floor 1e+06,14,13,4,0.67,7.4,6.5,0.118,0.103,0.241,0.092,0.182,0.405,across-spokepool-7d 1.75,nomad-2022 1.28,2,1,9,91.8,0
size 0.05 fresh 0.02 net1h 0.05 crowd None spike None win 1800 floor 250000,14,13,4,0.67,7.4,6.5,0.261,0.103,1.569,0.293,0.182,0.444,across-spokepool-7d 21.00,nomad-2022 1.28,2,1,20,83.1,0
size 0.05 fresh 0.02 net1h 0.05 crowd None spike None win 1800 floor 1e+06,14,13,4,0.67,7.4,6.5,0.131,0.103,0.362,0.11,0.182,0.405,across-spokepool-7d 3.50,nomad-2022 1.28,2,1,10,91.0,0
size 0.05 fresh 0.02 net1h 0.1 crowd 5 spike 6.0 win 600 floor 250000,14,14,4,0.667,0.0,6.5,0.314,0.117,1.931,0.348,0.228,1.856,across-spokepool-7d 19.25,nomad-2022 1.28,4,2,24,80.0,0
size 0.05 fresh 0.02 net1h 0.1 crowd 5 spike 6.0 win 600 floor 1e+06,14,14,4,0.667,0.0,6.5,0.183,0.117,0.724,0.165,0.228,1.817,across-spokepool-7d 1.75,nomad-2022 1.28,4,2,14,87.9,0
size 0.05 fresh 0.02 net1h 0.1 crowd 5 spike 6.0 win 1800 floor 250000,14,14,4,0.667,0.0,6.5,0.34,0.132,2.052,0.366,0.273,1.856,across-spokepool-7d 21.00,poly-2021 1.92,4,2,26,78.5,0
size 0.05 fresh 0.02 net1h 0.1 crowd 5 spike 6.0 win 1800 floor 1e+06,14,14,4,0.667,0.0,6.5,0.209,0.132,0.845,0.183,0.273,1.817,across-spokepool-7d 3.50,poly-2021 1.92,4,2,16,86.3,0
size 0.05 fresh 0.02 net1h 0.1 crowd 5 spike 10.0 win 600 floor 250000,14,14,4,0.667,0.0,6.5,0.261,0.073,1.81,0.312,0.137,1.843,across-spokepool-7d 19.25,nomad-2022 0.64,2,0,20,83.2,0
size 0.05 fresh 0.02 net1h 0.1 crowd 5 spike 10.0 win 600 floor 1e+06,14,14,4,0.667,0.0,6.5,0.131,0.073,0.603,0.128,0.137,1.804,across-spokepool-7d 1.75,nomad-2022 0.64,2,0,10,91.0,0
size 0.05 fresh 0.02 net1h 0.1 crowd 5 spike 10.0 win 1800 floor 250000,14,14,4,0.667,0.0,6.5,0.288,0.073,2.052,0.348,0.137,1.843,across-spokepool-7d 21.00,nomad-2022 0.64,2,0,22,81.6,0
size 0.05 fresh 0.02 net1h 0.1 crowd 5 spike 10.0 win 1800 floor 1e+06,14,14,4,0.667,0.0,6.5,0.157,0.073,0.845,0.165,0.137,1.804,across-spokepool-7d 3.50,nomad-2022 0.64,2,0,12,89.5,0
size 0.05 fresh 0.02 net1h 0.1 crowd 5 spike None win 600 floor 250000,14,13,4,0.67,7.4,6.5,0.222,0.059,1.569,0.257,0.137,1.647,across-spokepool-7d 19.25,nomad-2022 0.64,1,0,17,85.5,0
size 0.05 fresh 0.02 net1h 0.1 crowd 5 spike None win 600 floor 1e+06,14,13,4,0.67,7.4,6.5,0.091,0.059,0.362,0.073,0.137,1.608,across-spokepool-7d 1.75,nomad-2022 0.64,1,0,7,93.3,0
size 0.05 fresh 0.02 net1h 0.1 crowd 5 spike None win 1800 floor 250000,14,13,4,0.67,7.4,6.5,0.261,0.059,1.931,0.312,0.137,1.647,across-spokepool-7d 21.00,nomad-2022 0.64,2,0,20,83.1,0
size 0.05 fresh 0.02 net1h 0.1 crowd 5 spike None win 1800 floor 1e+06,14,13,4,0.67,7.4,6.5,0.131,0.059,0.724,0.128,0.137,1.608,across-spokepool-7d 3.50,nomad-2022 0.64,2,0,10,91.0,0
size 0.05 fresh 0.02 net1h 0.1 crowd 10 spike 6.0 win 600 floor 250000,14,13,4,0.67,7.4,6.5,0.301,0.103,1.931,0.33,0.228,0.889,across-spokepool-7d 19.25,nomad-2022 1.28,4,2,23,80.8,0
size 0.05 fresh 0.02 net1h 0.1 crowd 10 spike 6.0 win 600 floor 1e+06,14,13,4,0.67,7.4,6.5,0.17,0.103,0.724,0.147,0.228,0.85,across-spokepool-7d 1.75,nomad-2022 1.28,4,2,13,88.6,0
size 0.05 fresh 0.02 net1h 0.1 crowd 10 spike 6.0 win 1800 floor 250000,14,13,4,0.67,7.4,6.5,0.327,0.117,2.052,0.348,0.273,0.889,across-spokepool-7d 21.00,poly-2021 1.92,4,2,25,79.2,0
size 0.05 fresh 0.02 net1h 0.1 crowd 10 spike 6.0 win 1800 floor 1e+06,14,13,4,0.67,7.4,6.5,0.196,0.117,0.845,0.165,0.273,0.85,across-spokepool-7d 3.50,poly-2021 1.92,4,2,15,87.0,0
size 0.05 fresh 0.02 net1h 0.1 crowd 10 spike 10.0 win 600 floor 250000,14,13,4,0.67,7.4,6.5,0.248,0.059,1.81,0.293,0.137,0.876,across-spokepool-7d 19.25,nomad-2022 0.64,2,0,19,83.9,0
size 0.05 fresh 0.02 net1h 0.1 crowd 10 spike 10.0 win 600 floor 1e+06,14,13,4,0.67,7.4,6.5,0.118,0.059,0.603,0.11,0.137,0.836,across-spokepool-7d 1.75,nomad-2022 0.64,2,0,9,91.8,0
size 0.05 fresh 0.02 net1h 0.1 crowd 10 spike 10.0 win 1800 floor 250000,14,13,4,0.67,7.4,6.5,0.274,0.059,2.052,0.33,0.137,0.876,across-spokepool-7d 21.00,nomad-2022 0.64,2,0,21,82.3,0
size 0.05 fresh 0.02 net1h 0.1 crowd 10 spike 10.0 win 1800 floor 1e+06,14,13,4,0.67,7.4,6.5,0.144,0.059,0.845,0.147,0.137,0.836,across-spokepool-7d 3.50,nomad-2022 0.64,2,0,11,90.2,0
size 0.05 fresh 0.02 net1h 0.1 crowd 10 spike None win 600 floor 250000,14,13,4,0.67,7.4,6.5,0.209,0.044,1.569,0.257,0.091,0.64,across-spokepool-7d 19.25,nomad-2022 0.64,1,0,16,86.3,0
size 0.05 fresh 0.02 net1h 0.1 crowd 10 spike None win 600 floor 1e+06,14,13,4,0.67,7.4,6.5,0.078,0.044,0.362,0.073,0.091,0.601,across-spokepool-7d 1.75,nomad-2022 0.64,1,0,6,94.1,0
size 0.05 fresh 0.02 net1h 0.1 crowd 10 spike None win 1800 floor 250000,14,13,4,0.67,7.4,6.5,0.261,0.059,1.931,0.312,0.137,0.64,across-spokepool-7d 21.00,nomad-2022 0.64,2,0,20,83.1,0
size 0.05 fresh 0.02 net1h 0.1 crowd 10 spike None win 1800 floor 1e+06,14,13,4,0.67,7.4,6.5,0.131,0.059,0.724,0.128,0.137,0.601,across-spokepool-7d 3.50,nomad-2022 0.64,2,0,10,91.0,0
size 0.05 fresh 0.02 net1h 0.1 crowd None spike 6.0 win 600 floor 250000,14,13,4,0.67,7.4,6.5,0.261,0.103,1.569,0.275,0.228,0.706,across-spokepool-7d 19.25,nomad-2022 1.28,3,2,20,83.1,0
size 0.05 fresh 0.02 net1h 0.1 crowd None spike 6.0 win 600 floor 1e+06,14,13,4,0.67,7.4,6.5,0.131,0.103,0.362,0.092,0.228,0.667,across-spokepool-7d 1.75,nomad-2022 1.28,3,2,10,91.0,0
size 0.05 fresh 0.02 net1h 0.1 crowd None spike 6.0 win 1800 floor 250000,14,13,4,0.67,7.4,6.5,0.314,0.117,1.931,0.33,0.273,0.706,across-spokepool-7d 21.00,poly-2021 1.92,4,2,24,80.0,0
size 0.05 fresh 0.02 net1h 0.1 crowd None spike 6.0 win 1800 floor 1e+06,14,13,4,0.67,7.4,6.5,0.183,0.117,0.724,0.147,0.273,0.667,across-spokepool-7d 3.50,poly-2021 1.92,4,2,14,87.8,0
size 0.05 fresh 0.02 net1h 0.1 crowd None spike 10.0 win 600 floor 250000,14,13,4,0.67,7.4,6.5,0.222,0.059,1.569,0.257,0.137,0.693,across-spokepool-7d 19.25,nomad-2022 0.64,1,0,17,85.5,0
size 0.05 fresh 0.02 net1h 0.1 crowd None spike 10.0 win 600 floor 1e+06,14,13,4,0.67,7.4,6.5,0.091,0.059,0.362,0.073,0.137,0.654,across-spokepool-7d 1.75,nomad-2022 0.64,1,0,7,93.3,0
size 0.05 fresh 0.02 net1h 0.1 crowd None spike 10.0 win 1800 floor 250000,14,13,4,0.67,7.4,6.5,0.248,0.059,1.81,0.293,0.137,0.693,across-spokepool-7d 21.00,nomad-2022 0.64,1,0,19,83.9,0
size 0.05 fresh 0.02 net1h 0.1 crowd None spike 10.0 win 1800 floor 1e+06,14,13,4,0.67,7.4,6.5,0.118,0.059,0.603,0.11,0.137,0.654,across-spokepool-7d 3.50,nomad-2022 0.64,1,0,9,91.8,0
size 0.05 fresh 0.02 net1h 0.1 crowd None spike None win 600 floor 250000,14,13,4,0.67,7.4,6.5,0.196,0.044,1.448,0.238,0.091,0.444,across-spokepool-7d 19.25,nomad-2022 0.64,1,0,15,87.0,0
size 0.05 fresh 0.02 net1h 0.1 crowd None spike None win 600 floor 1e+06,14,13,4,0.67,7.4,6.5,0.065,0.044,0.241,0.055,0.091,0.405,across-spokepool-7d 1.75,nomad-2022 0.64,1,0,5,94.9,0
size 0.05 fresh 0.02 net1h 0.1 crowd None spike None win 1800 floor 250000,14,13,4,0.67,7.4,6.5,0.222,0.059,1.569,0.257,0.137,0.444,across-spokepool-7d 21.00,nomad-2022 0.64,1,0,17,85.5,0
size 0.05 fresh 0.02 net1h 0.1 crowd None spike None win 1800 floor 1e+06,14,13,4,0.67,7.4,6.5,0.091,0.059,0.362,0.073,0.137,0.405,across-spokepool-7d 3.50,nomad-2022 0.64,1,0,7,93.3,0
size 0.05 fresh 0.02 net1h 0.2 crowd 5 spike 6.0 win 600 floor 250000,14,14,4,0.667,0.0,6.5,0.314,0.117,1.931,0.348,0.228,1.856,across-spokepool-7d 19.25,nomad-2022 1.28,4,2,24,80.0,0
size 0.05 fresh 0.02 net1h 0.2 crowd 5 spike 6.0 win 600 floor 1e+06,14,14,4,0.667,0.0,6.5,0.183,0.117,0.724,0.165,0.228,1.817,across-spokepool-7d 1.75,nomad-2022 1.28,4,2,14,87.9,0
size 0.05 fresh 0.02 net1h 0.2 crowd 5 spike 6.0 win 1800 floor 250000,14,14,4,0.667,0.0,6.5,0.34,0.132,2.052,0.366,0.273,1.856,across-spokepool-7d 21.00,poly-2021 1.92,4,2,26,78.5,0
size 0.05 fresh 0.02 net1h 0.2 crowd 5 spike 6.0 win 1800 floor 1e+06,14,14,4,0.667,0.0,6.5,0.209,0.132,0.845,0.183,0.273,1.817,across-spokepool-7d 3.50,poly-2021 1.92,4,2,16,86.3,0
size 0.05 fresh 0.02 net1h 0.2 crowd 5 spike 10.0 win 600 floor 250000,14,14,4,0.667,0.0,6.5,0.261,0.073,1.81,0.312,0.137,1.843,across-spokepool-7d 19.25,nomad-2022 0.64,2,0,20,83.2,0
size 0.05 fresh 0.02 net1h 0.2 crowd 5 spike 10.0 win 600 floor 1e+06,14,14,4,0.667,0.0,6.5,0.131,0.073,0.603,0.128,0.137,1.804,across-spokepool-7d 1.75,nomad-2022 0.64,2,0,10,91.0,0
size 0.05 fresh 0.02 net1h 0.2 crowd 5 spike 10.0 win 1800 floor 250000,14,14,4,0.667,0.0,6.5,0.274,0.073,1.931,0.33,0.137,1.843,across-spokepool-7d 21.00,nomad-2022 0.64,2,0,21,82.4,0
size 0.05 fresh 0.02 net1h 0.2 crowd 5 spike 10.0 win 1800 floor 1e+06,14,14,4,0.667,0.0,6.5,0.144,0.073,0.724,0.147,0.137,1.804,across-spokepool-7d 3.50,nomad-2022 0.64,2,0,11,90.3,0
size 0.05 fresh 0.02 net1h 0.2 crowd 5 spike None win 600 floor 250000,14,13,4,0.686,44.2,6.5,0.222,0.059,1.569,0.257,0.137,1.647,across-spokepool-7d 19.25,nomad-2022 0.64,1,0,17,85.1,0
size 0.05 fresh 0.02 net1h 0.2 crowd 5 spike None win 600 floor 1e+06,14,13,4,0.686,44.2,6.5,0.091,0.059,0.362,0.073,0.137,1.608,across-spokepool-7d 1.75,nomad-2022 0.64,1,0,7,92.9,0
size 0.05 fresh 0.02 net1h 0.2 crowd 5 spike None win 1800 floor 250000,14,13,4,0.67,7.4,6.5,0.248,0.059,1.81,0.293,0.137,1.647,across-spokepool-7d 21.00,nomad-2022 0.64,1,0,19,83.9,0
size 0.05 fresh 0.02 net1h 0.2 crowd 5 spike None win 1800 floor 1e+06,14,13,4,0.67,7.4,6.5,0.118,0.059,0.603,0.11,0.137,1.608,across-spokepool-7d 3.50,nomad-2022 0.64,1,0,9,91.8,0
size 0.05 fresh 0.02 net1h 0.2 crowd 10 spike 6.0 win 600 floor 250000,14,13,4,0.67,7.4,6.5,0.301,0.103,1.931,0.33,0.228,0.889,across-spokepool-7d 19.25,nomad-2022 1.28,4,2,23,80.8,0
size 0.05 fresh 0.02 net1h 0.2 crowd 10 spike 6.0 win 600 floor 1e+06,14,13,4,0.67,7.4,6.5,0.17,0.103,0.724,0.147,0.228,0.85,across-spokepool-7d 1.75,nomad-2022 1.28,4,2,13,88.6,0
size 0.05 fresh 0.02 net1h 0.2 crowd 10 spike 6.0 win 1800 floor 250000,14,13,4,0.67,7.4,6.5,0.327,0.117,2.052,0.348,0.273,0.889,across-spokepool-7d 21.00,poly-2021 1.92,4,2,25,79.2,0
size 0.05 fresh 0.02 net1h 0.2 crowd 10 spike 6.0 win 1800 floor 1e+06,14,13,4,0.67,7.4,6.5,0.196,0.117,0.845,0.165,0.273,0.85,across-spokepool-7d 3.50,poly-2021 1.92,4,2,15,87.0,0
size 0.05 fresh 0.02 net1h 0.2 crowd 10 spike 10.0 win 600 floor 250000,14,13,4,0.686,44.2,6.5,0.248,0.059,1.81,0.293,0.137,0.876,across-spokepool-7d 19.25,nomad-2022 0.64,2,0,19,83.5,0
size 0.05 fresh 0.02 net1h 0.2 crowd 10 spike 10.0 win 600 floor 1e+06,14,13,4,0.686,44.2,6.5,0.118,0.059,0.603,0.11,0.137,0.836,across-spokepool-7d 1.75,nomad-2022 0.64,2,0,9,91.4,0
size 0.05 fresh 0.02 net1h 0.2 crowd 10 spike 10.0 win 1800 floor 250000,14,13,4,0.67,7.4,6.5,0.261,0.059,1.931,0.312,0.137,0.876,across-spokepool-7d 21.00,nomad-2022 0.64,2,0,20,83.1,0
size 0.05 fresh 0.02 net1h 0.2 crowd 10 spike 10.0 win 1800 floor 1e+06,14,13,4,0.67,7.4,6.5,0.131,0.059,0.724,0.128,0.137,0.836,across-spokepool-7d 3.50,nomad-2022 0.64,2,0,10,91.0,0
size 0.05 fresh 0.02 net1h 0.2 crowd 10 spike None win 600 floor 250000,14,13,4,0.686,44.2,6.5,0.209,0.044,1.569,0.257,0.091,0.64,across-spokepool-7d 19.25,nomad-2022 0.64,1,0,16,85.9,0
size 0.05 fresh 0.02 net1h 0.2 crowd 10 spike None win 600 floor 1e+06,14,13,4,0.686,44.2,6.5,0.078,0.044,0.362,0.073,0.091,0.601,across-spokepool-7d 1.75,nomad-2022 0.64,1,0,6,93.7,0
size 0.05 fresh 0.02 net1h 0.2 crowd 10 spike None win 1800 floor 250000,14,13,4,0.686,44.2,6.5,0.248,0.059,1.81,0.293,0.137,0.64,across-spokepool-7d 21.00,nomad-2022 0.64,1,0,19,83.5,0
size 0.05 fresh 0.02 net1h 0.2 crowd 10 spike None win 1800 floor 1e+06,14,13,4,0.686,44.2,6.5,0.118,0.059,0.603,0.11,0.137,0.601,across-spokepool-7d 3.50,nomad-2022 0.64,1,0,9,91.4,0
size 0.05 fresh 0.02 net1h 0.2 crowd None spike 6.0 win 600 floor 250000,14,13,4,0.67,7.4,6.5,0.261,0.103,1.569,0.275,0.228,0.706,across-spokepool-7d 19.25,nomad-2022 1.28,3,2,20,83.1,0
size 0.05 fresh 0.02 net1h 0.2 crowd None spike 6.0 win 600 floor 1e+06,14,13,4,0.67,7.4,6.5,0.131,0.103,0.362,0.092,0.228,0.667,across-spokepool-7d 1.75,nomad-2022 1.28,3,2,10,91.0,0
size 0.05 fresh 0.02 net1h 0.2 crowd None spike 6.0 win 1800 floor 250000,14,13,4,0.67,7.4,6.5,0.301,0.117,1.81,0.312,0.273,0.706,across-spokepool-7d 21.00,poly-2021 1.92,3,2,23,80.8,0
size 0.05 fresh 0.02 net1h 0.2 crowd None spike 6.0 win 1800 floor 1e+06,14,13,4,0.67,7.4,6.5,0.17,0.117,0.603,0.128,0.273,0.667,across-spokepool-7d 3.50,poly-2021 1.92,3,2,13,88.6,0
size 0.05 fresh 0.02 net1h 0.2 crowd None spike 10.0 win 600 floor 250000,14,13,4,0.686,44.2,6.5,0.222,0.059,1.569,0.257,0.137,0.693,across-spokepool-7d 19.25,nomad-2022 0.64,1,0,17,85.1,0
size 0.05 fresh 0.02 net1h 0.2 crowd None spike 10.0 win 600 floor 1e+06,14,13,4,0.686,44.2,6.5,0.091,0.059,0.362,0.073,0.137,0.654,across-spokepool-7d 1.75,nomad-2022 0.64,1,0,7,92.9,0
size 0.05 fresh 0.02 net1h 0.2 crowd None spike 10.0 win 1800 floor 250000,14,13,4,0.67,7.4,6.5,0.248,0.059,1.81,0.293,0.137,0.693,across-spokepool-7d 21.00,nomad-2022 0.64,1,0,19,83.9,0
size 0.05 fresh 0.02 net1h 0.2 crowd None spike 10.0 win 1800 floor 1e+06,14,13,4,0.67,7.4,6.5,0.118,0.059,0.603,0.11,0.137,0.654,across-spokepool-7d 3.50,nomad-2022 0.64,1,0,9,91.8,0
size 0.05 fresh 0.02 net1h 0.2 crowd None spike None win 600 floor 250000,14,13,4,0.686,44.2,6.5,0.196,0.044,1.448,0.238,0.091,0.444,across-spokepool-7d 19.25,nomad-2022 0.64,1,0,15,86.7,0
size 0.05 fresh 0.02 net1h 0.2 crowd None spike None win 600 floor 1e+06,14,13,4,0.686,44.2,6.5,0.065,0.044,0.241,0.055,0.091,0.405,across-spokepool-7d 1.75,nomad-2022 0.64,1,0,5,94.5,0
size 0.05 fresh 0.02 net1h 0.2 crowd None spike None win 1800 floor 250000,14,13,4,0.686,44.2,6.5,0.222,0.059,1.569,0.257,0.137,0.444,across-spokepool-7d 21.00,nomad-2022 0.64,1,0,17,85.1,0
size 0.05 fresh 0.02 net1h 0.2 crowd None spike None win 1800 floor 1e+06,14,13,4,0.686,44.2,6.5,0.091,0.059,0.362,0.073,0.137,0.405,across-spokepool-7d 3.50,nomad-2022 0.64,1,0,7,92.9,0
size 0.05 fresh None net1h 0.05 crowd 5 spike 6.0 win 600 floor 250000,14,14,4,0.667,0.0,4.0,0.314,0.117,1.931,0.366,0.182,1.843,across-spokepool-7d 19.25,nomad-2022 1.28,3,1,24,80.0,0
size 0.05 fresh None net1h 0.05 crowd 5 spike 6.0 win 600 floor 1e+06,14,14,4,0.667,0.0,4.0,0.183,0.117,0.724,0.183,0.182,1.804,across-spokepool-7d 1.75,nomad-2022 1.28,3,1,14,87.9,0
size 0.05 fresh None net1h 0.05 crowd 5 spike 6.0 win 1800 floor 250000,14,14,4,0.667,0.0,4.0,0.34,0.132,2.052,0.385,0.228,1.843,across-spokepool-7d 21.00,nomad-2022 1.28,4,2,26,78.5,0
size 0.05 fresh None net1h 0.05 crowd 5 spike 6.0 win 1800 floor 1e+06,14,14,4,0.667,0.0,4.0,0.209,0.132,0.845,0.202,0.228,1.804,across-spokepool-7d 3.50,nomad-2022 1.28,4,2,16,86.3,0
size 0.05 fresh None net1h 0.05 crowd 5 spike 10.0 win 600 floor 250000,14,14,4,0.667,0.0,6.5,0.288,0.103,1.81,0.33,0.182,1.817,across-spokepool-7d 19.25,nomad-2022 1.28,3,1,22,81.6,0
size 0.05 fresh None net1h 0.05 crowd 5 spike 10.0 win 600 floor 1e+06,14,14,4,0.667,0.0,6.5,0.157,0.103,0.603,0.147,0.182,1.778,across-spokepool-7d 1.75,nomad-2022 1.28,3,1,12,89.5,0
size 0.05 fresh None net1h 0.05 crowd 5 spike 10.0 win 1800 floor 250000,14,14,4,0.667,0.0,6.5,0.314,0.103,2.052,0.366,0.182,1.817,across-spokepool-7d 21.00,nomad-2022 1.28,3,1,24,80.0,0
size 0.05 fresh None net1h 0.05 crowd 5 spike 10.0 win 1800 floor 1e+06,14,14,4,0.667,0.0,6.5,0.183,0.103,0.845,0.183,0.182,1.778,across-spokepool-7d 3.50,nomad-2022 1.28,3,1,14,87.9,0
size 0.05 fresh None net1h 0.05 crowd 5 spike None win 600 floor 250000,14,14,4,0.667,0.0,6.5,0.248,0.088,1.569,0.275,0.182,1.621,across-spokepool-7d 19.25,nomad-2022 1.28,2,1,19,84.0,0
size 0.05 fresh None net1h 0.05 crowd 5 spike None win 600 floor 1e+06,14,14,4,0.667,0.0,6.5,0.118,0.088,0.362,0.092,0.182,1.582,across-spokepool-7d 1.75,nomad-2022 1.28,2,1,9,91.8,0
size 0.05 fresh None net1h 0.05 crowd 5 spike None win 1800 floor 250000,14,14,4,0.667,0.0,6.5,0.288,0.088,1.931,0.33,0.182,1.621,across-spokepool-7d 21.00,nomad-2022 1.28,3,1,22,81.6,0
size 0.05 fresh None net1h 0.05 crowd 5 spike None win 1800 floor 1e+06,14,14,4,0.667,0.0,6.5,0.157,0.088,0.724,0.147,0.182,1.582,across-spokepool-7d 3.50,nomad-2022 1.28,3,1,12,89.5,0
size 0.05 fresh None net1h 0.05 crowd 10 spike 6.0 win 600 floor 250000,14,14,4,0.667,0.0,4.0,0.301,0.103,1.931,0.348,0.182,0.876,across-spokepool-7d 19.25,nomad-2022 1.28,3,1,23,80.8,0
size 0.05 fresh None net1h 0.05 crowd 10 spike 6.0 win 600 floor 1e+06,14,14,4,0.667,0.0,4.0,0.17,0.103,0.724,0.165,0.182,0.836,across-spokepool-7d 1.75,nomad-2022 1.28,3,1,13,88.7,0
size 0.05 fresh None net1h 0.05 crowd 10 spike 6.0 win 1800 floor 250000,14,14,4,0.667,0.0,4.0,0.327,0.117,2.052,0.366,0.228,0.876,across-spokepool-7d 21.00,nomad-2022 1.28,4,2,25,79.3,0
size 0.05 fresh None net1h 0.05 crowd 10 spike 6.0 win 1800 floor 1e+06,14,14,4,0.667,0.0,4.0,0.196,0.117,0.845,0.183,0.228,0.836,across-spokepool-7d 3.50,nomad-2022 1.28,4,2,15,87.1,0
size 0.05 fresh None net1h 0.05 crowd 10 spike 10.0 win 600 floor 250000,14,14,4,0.667,0.0,6.5,0.261,0.073,1.81,0.293,0.182,0.85,across-spokepool-7d 19.25,nomad-2022 1.28,3,1,20,83.2,0
size 0.05 fresh None net1h 0.05 crowd 10 spike 10.0 win 600 floor 1e+06,14,14,4,0.667,0.0,6.5,0.131,0.073,0.603,0.11,0.182,0.81,across-spokepool-7d 1.75,nomad-2022 1.28,3,1,10,91.0,0
size 0.05 fresh None net1h 0.05 crowd 10 spike 10.0 win 1800 floor 250000,14,14,4,0.667,0.0,6.5,0.288,0.073,2.052,0.33,0.182,0.85,across-spokepool-7d 21.00,nomad-2022 1.28,3,1,22,81.6,0
size 0.05 fresh None net1h 0.05 crowd 10 spike 10.0 win 1800 floor 1e+06,14,14,4,0.667,0.0,6.5,0.157,0.073,0.845,0.147,0.182,0.81,across-spokepool-7d 3.50,nomad-2022 1.28,3,1,12,89.5,0
size 0.05 fresh None net1h 0.05 crowd 10 spike None win 600 floor 250000,14,13,4,0.686,44.2,6.5,0.235,0.073,1.569,0.257,0.182,0.614,across-spokepool-7d 19.25,nomad-2022 1.28,2,1,18,84.3,0
size 0.05 fresh None net1h 0.05 crowd 10 spike None win 600 floor 1e+06,14,13,4,0.686,44.2,6.5,0.105,0.073,0.362,0.073,0.182,0.575,across-spokepool-7d 1.75,nomad-2022 1.28,2,1,8,92.2,0
size 0.05 fresh None net1h 0.05 crowd 10 spike None win 1800 floor 250000,14,13,4,0.686,44.2,6.5,0.274,0.073,1.931,0.312,0.182,0.614,across-spokepool-7d 21.00,nomad-2022 1.28,3,1,21,81.9,0
size 0.05 fresh None net1h 0.05 crowd 10 spike None win 1800 floor 1e+06,14,13,4,0.686,44.2,6.5,0.144,0.073,0.724,0.128,0.182,0.575,across-spokepool-7d 3.50,nomad-2022 1.28,3,1,11,89.8,0
size 0.05 fresh None net1h 0.05 crowd None spike 6.0 win 600 floor 250000,14,14,4,0.667,0.0,4.0,0.261,0.103,1.569,0.293,0.182,0.693,across-spokepool-7d 19.25,nomad-2022 1.28,2,1,20,83.2,0
size 0.05 fresh None net1h 0.05 crowd None spike 6.0 win 600 floor 1e+06,14,14,4,0.667,0.0,4.0,0.131,0.103,0.362,0.11,0.182,0.654,across-spokepool-7d 1.75,nomad-2022 1.28,2,1,10,91.0,0
size 0.05 fresh None net1h 0.05 crowd None spike 6.0 win 1800 floor 250000,14,14,4,0.667,0.0,4.0,0.314,0.117,1.931,0.348,0.228,0.693,across-spokepool-7d 21.00,nomad-2022 1.28,4,2,24,80.0,0
size 0.05 fresh None net1h 0.05 crowd None spike 6.0 win 1800 floor 1e+06,14,14,4,0.667,0.0,4.0,0.183,0.117,0.724,0.165,0.228,0.654,across-spokepool-7d 3.50,nomad-2022 1.28,4,2,14,87.9,0
size 0.05 fresh None net1h 0.05 crowd None spike 10.0 win 600 floor 250000,14,14,4,0.667,0.0,6.5,0.235,0.073,1.569,0.257,0.182,0.667,across-spokepool-7d 19.25,nomad-2022 1.28,2,1,18,84.8,0
size 0.05 fresh None net1h 0.05 crowd None spike 10.0 win 600 floor 1e+06,14,14,4,0.667,0.0,6.5,0.105,0.073,0.362,0.073,0.182,0.627,across-spokepool-7d 1.75,nomad-2022 1.28,2,1,8,92.6,0
size 0.05 fresh None net1h 0.05 crowd None spike 10.0 win 1800 floor 250000,14,14,4,0.667,0.0,6.5,0.261,0.073,1.81,0.293,0.182,0.667,across-spokepool-7d 21.00,nomad-2022 1.28,2,1,20,83.2,0
size 0.05 fresh None net1h 0.05 crowd None spike 10.0 win 1800 floor 1e+06,14,14,4,0.667,0.0,6.5,0.131,0.073,0.603,0.11,0.182,0.627,across-spokepool-7d 3.50,nomad-2022 1.28,2,1,10,91.0,0
size 0.05 fresh None net1h 0.05 crowd None spike None win 600 floor 250000,14,13,4,0.686,44.2,6.5,0.222,0.073,1.448,0.238,0.182,0.418,across-spokepool-7d 19.25,nomad-2022 1.28,2,1,17,85.1,0
size 0.05 fresh None net1h 0.05 crowd None spike None win 600 floor 1e+06,14,13,4,0.686,44.2,6.5,0.091,0.073,0.241,0.055,0.182,0.379,across-spokepool-7d 1.75,nomad-2022 1.28,2,1,7,92.9,0
size 0.05 fresh None net1h 0.05 crowd None spike None win 1800 floor 250000,14,13,4,0.686,44.2,6.5,0.235,0.073,1.569,0.257,0.182,0.418,across-spokepool-7d 21.00,nomad-2022 1.28,2,1,18,84.3,0
size 0.05 fresh None net1h 0.05 crowd None spike None win 1800 floor 1e+06,14,13,4,0.686,44.2,6.5,0.105,0.073,0.362,0.073,0.182,0.379,across-spokepool-7d 3.50,nomad-2022 1.28,2,1,8,92.2,0
size 0.05 fresh None net1h 0.1 crowd 5 spike 6.0 win 600 floor 250000,14,14,4,0.667,0.0,6.5,0.288,0.088,1.931,0.33,0.182,1.843,across-spokepool-7d 19.25,nomad-2022 1.28,3,1,22,81.6,0
size 0.05 fresh None net1h 0.1 crowd 5 spike 6.0 win 600 floor 1e+06,14,14,4,0.667,0.0,6.5,0.157,0.088,0.724,0.147,0.182,1.804,across-spokepool-7d 1.75,nomad-2022 1.28,3,1,12,89.5,0
size 0.05 fresh None net1h 0.1 crowd 5 spike 6.0 win 1800 floor 250000,14,14,4,0.667,0.0,6.5,0.314,0.103,2.052,0.348,0.228,1.843,across-spokepool-7d 21.00,nomad-2022 1.28,4,2,24,80.0,0
size 0.05 fresh None net1h 0.1 crowd 5 spike 6.0 win 1800 floor 1e+06,14,14,4,0.667,0.0,6.5,0.183,0.103,0.845,0.165,0.228,1.804,across-spokepool-7d 3.50,nomad-2022 1.28,4,2,14,87.9,0
size 0.05 fresh None net1h 0.1 crowd 5 spike 10.0 win 600 floor 250000,14,14,4,0.667,0.0,6.5,0.261,0.073,1.81,0.312,0.137,1.804,across-spokepool-7d 19.25,nomad-2022 0.64,2,0,20,83.2,0
size 0.05 fresh None net1h 0.1 crowd 5 spike 10.0 win 600 floor 1e+06,14,14,4,0.667,0.0,6.5,0.131,0.073,0.603,0.128,0.137,1.764,across-spokepool-7d 1.75,nomad-2022 0.64,2,0,10,91.0,0
size 0.05 fresh None net1h 0.1 crowd 5 spike 10.0 win 1800 floor 250000,14,14,4,0.667,0.0,6.5,0.288,0.073,2.052,0.348,0.137,1.804,across-spokepool-7d 21.00,nomad-2022 0.64,2,0,22,81.6,0
size 0.05 fresh None net1h 0.1 crowd 5 spike 10.0 win 1800 floor 1e+06,14,14,4,0.667,0.0,6.5,0.157,0.073,0.845,0.165,0.137,1.764,across-spokepool-7d 3.50,nomad-2022 0.64,2,0,12,89.5,0
size 0.05 fresh None net1h 0.1 crowd 5 spike None win 600 floor 250000,14,13,4,0.686,44.2,6.5,0.209,0.044,1.569,0.257,0.091,1.608,across-spokepool-7d 19.25,nomad-2022 0.64,1,0,16,85.9,0
size 0.05 fresh None net1h 0.1 crowd 5 spike None win 600 floor 1e+06,14,13,4,0.686,44.2,6.5,0.078,0.044,0.362,0.073,0.091,1.568,across-spokepool-7d 1.75,nomad-2022 0.64,1,0,6,93.7,0
size 0.05 fresh None net1h 0.1 crowd 5 spike None win 1800 floor 250000,14,13,4,0.67,7.4,6.5,0.261,0.059,1.931,0.312,0.137,1.608,across-spokepool-7d 21.00,nomad-2022 0.64,2,0,20,83.1,0
size 0.05 fresh None net1h 0.1 crowd 5 spike None win 1800 floor 1e+06,14,13,4,0.67,7.4,6.5,0.131,0.059,0.724,0.128,0.137,1.568,across-spokepool-7d 3.50,nomad-2022 0.64,2,0,10,91.0,0
size 0.05 fresh None net1h 0.1 crowd 10 spike 6.0 win 600 floor 250000,14,13,4,0.67,7.4,6.5,0.274,0.073,1.931,0.312,0.182,0.876,across-spokepool-7d 19.25,nomad-2022 1.28,3,1,21,82.3,0
size 0.05 fresh None net1h 0.1 crowd 10 spike 6.0 win 600 floor 1e+06,14,13,4,0.67,7.4,6.5,0.144,0.073,0.724,0.128,0.182,0.836,across-spokepool-7d 1.75,nomad-2022 1.28,3,1,11,90.2,0
size 0.05 fresh None net1h 0.1 crowd 10 spike 6.0 win 1800 floor 250000,14,13,4,0.67,7.4,6.5,0.301,0.088,2.052,0.33,0.228,0.876,across-spokepool-7d 21.00,nomad-2022 1.28,4,2,23,80.8,0
size 0.05 fresh None net1h 0.1 crowd 10 spike 6.0 win 1800 floor 1e+06,14,13,4,0.67,7.4,6.5,0.17,0.088,0.845,0.147,0.228,0.836,across-spokepool-7d 3.50,nomad-2022 1.28,4,2,13,88.6,0
size 0.05 fresh None net1h 0.1 crowd 10 spike 10.0 win 600 floor 250000,14,13,4,0.686,44.2,6.5,0.235,0.044,1.81,0.275,0.137,0.836,across-spokepool-7d 19.25,nomad-2022 0.64,2,0,18,84.3,0
size 0.05 fresh None net1h 0.1 crowd 10 spike 10.0 win 600 floor 1e+06,14,13,4,0.686,44.2,6.5,0.105,0.044,0.603,0.092,0.137,0.797,across-spokepool-7d 1.75,nomad-2022 0.64,2,0,8,92.2,0
size 0.05 fresh None net1h 0.1 crowd 10 spike 10.0 win 1800 floor 250000,14,13,4,0.67,7.4,6.5,0.261,0.044,2.052,0.312,0.137,0.836,across-spokepool-7d 21.00,nomad-2022 0.64,2,0,20,83.1,0
size 0.05 fresh None net1h 0.1 crowd 10 spike 10.0 win 1800 floor 1e+06,14,13,4,0.67,7.4,6.5,0.131,0.044,0.845,0.128,0.137,0.797,across-spokepool-7d 3.50,nomad-2022 0.64,2,0,10,91.0,0
size 0.05 fresh None net1h 0.1 crowd 10 spike None win 600 floor 250000,14,13,4,0.686,44.2,6.5,0.196,0.029,1.569,0.238,0.091,0.601,across-spokepool-7d 19.25,nomad-2022 0.64,1,0,15,86.7,0
size 0.05 fresh None net1h 0.1 crowd 10 spike None win 600 floor 1e+06,14,13,4,0.686,44.2,6.5,0.065,0.029,0.362,0.055,0.091,0.562,across-spokepool-7d 1.75,nomad-2022 0.64,1,0,5,94.5,0
size 0.05 fresh None net1h 0.1 crowd 10 spike None win 1800 floor 250000,14,13,4,0.686,44.2,6.5,0.235,0.029,1.931,0.293,0.091,0.601,across-spokepool-7d 21.00,nomad-2022 0.64,2,0,18,84.3,0
size 0.05 fresh None net1h 0.1 crowd 10 spike None win 1800 floor 1e+06,14,13,4,0.686,44.2,6.5,0.105,0.029,0.724,0.11,0.091,0.562,across-spokepool-7d 3.50,nomad-2022 0.64,2,0,8,92.2,0
size 0.05 fresh None net1h 0.1 crowd None spike 6.0 win 600 floor 250000,14,13,4,0.67,7.4,6.5,0.235,0.073,1.569,0.257,0.182,0.693,across-spokepool-7d 19.25,nomad-2022 1.28,2,1,18,84.7,0
size 0.05 fresh None net1h 0.1 crowd None spike 6.0 win 600 floor 1e+06,14,13,4,0.67,7.4,6.5,0.105,0.073,0.362,0.073,0.182,0.654,across-spokepool-7d 1.75,nomad-2022 1.28,2,1,8,92.5,0
size 0.05 fresh None net1h 0.1 crowd None spike 6.0 win 1800 floor 250000,14,13,4,0.67,7.4,6.5,0.288,0.088,1.931,0.312,0.228,0.693,across-spokepool-7d 21.00,nomad-2022 1.28,4,2,22,81.5,0
size 0.05 fresh None net1h 0.1 crowd None spike 6.0 win 1800 floor 1e+06,14,13,4,0.67,7.4,6.5,0.157,0.088,0.724,0.128,0.228,0.654,across-spokepool-7d 3.50,nomad-2022 1.28,4,2,12,89.4,0
size 0.05 fresh None net1h 0.1 crowd None spike 10.0 win 600 floor 250000,14,13,4,0.686,44.2,6.5,0.209,0.044,1.569,0.238,0.137,0.654,across-spokepool-7d 19.25,nomad-2022 0.64,1,0,16,85.9,0
size 0.05 fresh None net1h 0.1 crowd None spike 10.0 win 600 floor 1e+06,14,13,4,0.686,44.2,6.5,0.078,0.044,0.362,0.055,0.137,0.614,across-spokepool-7d 1.75,nomad-2022 0.64,1,0,6,93.7,0
size 0.05 fresh None net1h 0.1 crowd None spike 10.0 win 1800 floor 250000,14,13,4,0.67,7.4,6.5,0.235,0.044,1.81,0.275,0.137,0.654,across-spokepool-7d 21.00,nomad-2022 0.64,1,0,18,84.7,0
size 0.05 fresh None net1h 0.1 crowd None spike 10.0 win 1800 floor 1e+06,14,13,4,0.67,7.4,6.5,0.105,0.044,0.603,0.092,0.137,0.614,across-spokepool-7d 3.50,nomad-2022 0.64,1,0,8,92.5,0
size 0.05 fresh None net1h 0.1 crowd None spike None win 600 floor 250000,14,13,4,0.686,44.2,6.5,0.183,0.029,1.448,0.22,0.091,0.405,across-spokepool-7d 19.25,nomad-2022 0.64,1,0,14,87.4,0
size 0.05 fresh None net1h 0.1 crowd None spike None win 600 floor 1e+06,14,13,4,0.686,44.2,6.5,0.052,0.029,0.241,0.037,0.091,0.366,across-spokepool-7d 1.75,nomad-2022 0.64,1,0,4,95.3,0
size 0.05 fresh None net1h 0.1 crowd None spike None win 1800 floor 250000,14,13,4,0.686,44.2,6.5,0.196,0.029,1.569,0.238,0.091,0.405,across-spokepool-7d 21.00,nomad-2022 0.64,1,0,15,86.7,0
size 0.05 fresh None net1h 0.1 crowd None spike None win 1800 floor 1e+06,14,13,4,0.686,44.2,6.5,0.065,0.029,0.362,0.055,0.091,0.366,across-spokepool-7d 3.50,nomad-2022 0.64,1,0,5,94.5,0
size 0.05 fresh None net1h 0.2 crowd 5 spike 6.0 win 600 floor 250000,14,14,4,0.667,0.0,6.5,0.288,0.088,1.931,0.33,0.182,1.843,across-spokepool-7d 19.25,nomad-2022 1.28,3,1,22,81.6,0
size 0.05 fresh None net1h 0.2 crowd 5 spike 6.0 win 600 floor 1e+06,14,14,4,0.667,0.0,6.5,0.157,0.088,0.724,0.147,0.182,1.804,across-spokepool-7d 1.75,nomad-2022 1.28,3,1,12,89.5,0
size 0.05 fresh None net1h 0.2 crowd 5 spike 6.0 win 1800 floor 250000,14,14,4,0.667,0.0,6.5,0.314,0.103,2.052,0.348,0.228,1.843,across-spokepool-7d 21.00,nomad-2022 1.28,4,2,24,80.0,0
size 0.05 fresh None net1h 0.2 crowd 5 spike 6.0 win 1800 floor 1e+06,14,14,4,0.667,0.0,6.5,0.183,0.103,0.845,0.165,0.228,1.804,across-spokepool-7d 3.50,nomad-2022 1.28,4,2,14,87.9,0
size 0.05 fresh None net1h 0.2 crowd 5 spike 10.0 win 600 floor 250000,14,14,4,0.667,0.0,6.5,0.261,0.073,1.81,0.312,0.137,1.804,across-spokepool-7d 19.25,nomad-2022 0.64,2,0,20,83.2,0
size 0.05 fresh None net1h 0.2 crowd 5 spike 10.0 win 600 floor 1e+06,14,14,4,0.667,0.0,6.5,0.131,0.073,0.603,0.128,0.137,1.764,across-spokepool-7d 1.75,nomad-2022 0.64,2,0,10,91.0,0
size 0.05 fresh None net1h 0.2 crowd 5 spike 10.0 win 1800 floor 250000,14,14,4,0.667,0.0,6.5,0.274,0.073,1.931,0.33,0.137,1.804,across-spokepool-7d 21.00,nomad-2022 0.64,2,0,21,82.4,0
size 0.05 fresh None net1h 0.2 crowd 5 spike 10.0 win 1800 floor 1e+06,14,14,4,0.667,0.0,6.5,0.144,0.073,0.724,0.147,0.137,1.764,across-spokepool-7d 3.50,nomad-2022 0.64,2,0,11,90.3,0
size 0.05 fresh None net1h 0.2 crowd 5 spike None win 600 floor 250000,14,13,4,0.686,44.2,6.5,0.209,0.044,1.569,0.257,0.091,1.608,across-spokepool-7d 19.25,nomad-2022 0.64,1,0,16,85.9,0
size 0.05 fresh None net1h 0.2 crowd 5 spike None win 600 floor 1e+06,14,13,4,0.686,44.2,6.5,0.078,0.044,0.362,0.073,0.091,1.568,across-spokepool-7d 1.75,nomad-2022 0.64,1,0,6,93.7,0
size 0.05 fresh None net1h 0.2 crowd 5 spike None win 1800 floor 250000,14,13,4,0.686,44.2,6.5,0.248,0.059,1.81,0.293,0.137,1.608,across-spokepool-7d 21.00,nomad-2022 0.64,1,0,19,83.5,0
size 0.05 fresh None net1h 0.2 crowd 5 spike None win 1800 floor 1e+06,14,13,4,0.686,44.2,6.5,0.118,0.059,0.603,0.11,0.137,1.568,across-spokepool-7d 3.50,nomad-2022 0.64,1,0,9,91.4,0
size 0.05 fresh None net1h 0.2 crowd 10 spike 6.0 win 600 floor 250000,14,13,4,0.686,44.2,6.5,0.274,0.073,1.931,0.312,0.182,0.876,across-spokepool-7d 19.25,nomad-2022 1.28,3,1,21,81.9,0
size 0.05 fresh None net1h 0.2 crowd 10 spike 6.0 win 600 floor 1e+06,14,13,4,0.686,44.2,6.5,0.144,0.073,0.724,0.128,0.182,0.836,across-spokepool-7d 1.75,nomad-2022 1.28,3,1,11,89.8,0
size 0.05 fresh None net1h 0.2 crowd 10 spike 6.0 win 1800 floor 250000,14,13,4,0.686,44.2,6.5,0.301,0.088,2.052,0.33,0.228,0.876,across-spokepool-7d 21.00,nomad-2022 1.28,4,2,23,80.4,0
size 0.05 fresh None net1h 0.2 crowd 10 spike 6.0 win 1800 floor 1e+06,14,13,4,0.686,44.2,6.5,0.17,0.088,0.845,0.147,0.228,0.836,across-spokepool-7d 3.50,nomad-2022 1.28,4,2,13,88.2,0
size 0.05 fresh None net1h 0.2 crowd 10 spike 10.0 win 600 floor 250000,14,13,4,0.686,44.2,6.5,0.235,0.044,1.81,0.275,0.137,0.836,across-spokepool-7d 19.25,nomad-2022 0.64,2,0,18,84.3,0
size 0.05 fresh None net1h 0.2 crowd 10 spike 10.0 win 600 floor 1e+06,14,13,4,0.686,44.2,6.5,0.105,0.044,0.603,0.092,0.137,0.797,across-spokepool-7d 1.75,nomad-2022 0.64,2,0,8,92.2,0
size 0.05 fresh None net1h 0.2 crowd 10 spike 10.0 win 1800 floor 250000,14,13,4,0.686,44.2,6.5,0.248,0.044,1.931,0.293,0.137,0.836,across-spokepool-7d 21.00,nomad-2022 0.64,2,0,19,83.5,0
size 0.05 fresh None net1h 0.2 crowd 10 spike 10.0 win 1800 floor 1e+06,14,13,4,0.686,44.2,6.5,0.118,0.044,0.724,0.11,0.137,0.797,across-spokepool-7d 3.50,nomad-2022 0.64,2,0,9,91.4,0
size 0.05 fresh None net1h 0.2 crowd 10 spike None win 600 floor 250000,14,13,4,0.686,44.2,6.5,0.196,0.029,1.569,0.238,0.091,0.601,across-spokepool-7d 19.25,nomad-2022 0.64,1,0,15,86.7,0
size 0.05 fresh None net1h 0.2 crowd 10 spike None win 600 floor 1e+06,14,13,4,0.686,44.2,6.5,0.065,0.029,0.362,0.055,0.091,0.562,across-spokepool-7d 1.75,nomad-2022 0.64,1,0,5,94.5,0
size 0.05 fresh None net1h 0.2 crowd 10 spike None win 1800 floor 250000,14,13,4,0.686,44.2,6.5,0.222,0.029,1.81,0.275,0.091,0.601,across-spokepool-7d 21.00,nomad-2022 0.64,1,0,17,85.1,0
size 0.05 fresh None net1h 0.2 crowd 10 spike None win 1800 floor 1e+06,14,13,4,0.686,44.2,6.5,0.091,0.029,0.603,0.092,0.091,0.562,across-spokepool-7d 3.50,nomad-2022 0.64,1,0,7,92.9,0
size 0.05 fresh None net1h 0.2 crowd None spike 6.0 win 600 floor 250000,14,13,4,0.686,44.2,6.5,0.235,0.073,1.569,0.257,0.182,0.693,across-spokepool-7d 19.25,nomad-2022 1.28,2,1,18,84.3,0
size 0.05 fresh None net1h 0.2 crowd None spike 6.0 win 600 floor 1e+06,14,13,4,0.686,44.2,6.5,0.105,0.073,0.362,0.073,0.182,0.654,across-spokepool-7d 1.75,nomad-2022 1.28,2,1,8,92.2,0
size 0.05 fresh None net1h 0.2 crowd None spike 6.0 win 1800 floor 250000,14,13,4,0.686,44.2,6.5,0.274,0.088,1.81,0.293,0.228,0.693,across-spokepool-7d 21.00,nomad-2022 1.28,3,2,21,81.9,0
size 0.05 fresh None net1h 0.2 crowd None spike 6.0 win 1800 floor 1e+06,14,13,4,0.686,44.2,6.5,0.144,0.088,0.603,0.11,0.228,0.654,across-spokepool-7d 3.50,nomad-2022 1.28,3,2,11,89.8,0
size 0.05 fresh None net1h 0.2 crowd None spike 10.0 win 600 floor 250000,14,13,4,0.686,44.2,6.5,0.209,0.044,1.569,0.238,0.137,0.654,across-spokepool-7d 19.25,nomad-2022 0.64,1,0,16,85.9,0
size 0.05 fresh None net1h 0.2 crowd None spike 10.0 win 600 floor 1e+06,14,13,4,0.686,44.2,6.5,0.078,0.044,0.362,0.055,0.137,0.614,across-spokepool-7d 1.75,nomad-2022 0.64,1,0,6,93.7,0
size 0.05 fresh None net1h 0.2 crowd None spike 10.0 win 1800 floor 250000,14,13,4,0.686,44.2,6.5,0.235,0.044,1.81,0.275,0.137,0.654,across-spokepool-7d 21.00,nomad-2022 0.64,1,0,18,84.3,0
size 0.05 fresh None net1h 0.2 crowd None spike 10.0 win 1800 floor 1e+06,14,13,4,0.686,44.2,6.5,0.105,0.044,0.603,0.092,0.137,0.614,across-spokepool-7d 3.50,nomad-2022 0.64,1,0,8,92.2,0
size 0.05 fresh None net1h 0.2 crowd None spike None win 600 floor 250000,14,13,4,0.686,44.2,6.5,0.183,0.029,1.448,0.22,0.091,0.405,across-spokepool-7d 19.25,nomad-2022 0.64,1,0,14,87.4,0
size 0.05 fresh None net1h 0.2 crowd None spike None win 600 floor 1e+06,14,13,4,0.686,44.2,6.5,0.052,0.029,0.241,0.037,0.091,0.366,across-spokepool-7d 1.75,nomad-2022 0.64,1,0,4,95.3,0
size 0.05 fresh None net1h 0.2 crowd None spike None win 1800 floor 250000,14,13,4,0.686,44.2,6.5,0.196,0.029,1.569,0.238,0.091,0.405,across-spokepool-7d 21.00,nomad-2022 0.64,1,0,15,86.7,0
size 0.05 fresh None net1h 0.2 crowd None spike None win 1800 floor 1e+06,14,13,4,0.686,44.2,6.5,0.065,0.029,0.362,0.055,0.091,0.366,across-spokepool-7d 3.50,nomad-2022 0.64,1,0,5,94.5,0
size 0.1 fresh 0.005 net1h 0.05 crowd 5 spike 6.0 win 600 floor 250000,14,14,4,0.667,0.0,4.0,0.405,0.191,2.172,0.44,0.319,2.235,across-spokepool-7d 19.25,poly-2021 2.55,4,2,31,74.5,0
size 0.1 fresh 0.005 net1h 0.05 crowd 5 spike 6.0 win 600 floor 1e+06,14,14,4,0.667,0.0,4.0,0.248,0.191,0.724,0.22,0.319,1.974,poly-2021 2.55,poly-2021 2.55,4,2,19,84.0,0
size 0.1 fresh 0.005 net1h 0.05 crowd 5 spike 6.0 win 1800 floor 250000,14,14,4,0.667,0.0,4.0,0.444,0.22,2.293,0.476,0.365,2.235,across-spokepool-7d 21.00,poly-2021 3.19,4,2,34,72.2,0
size 0.1 fresh 0.005 net1h 0.05 crowd 5 spike 6.0 win 1800 floor 1e+06,14,14,4,0.667,0.0,4.0,0.274,0.205,0.845,0.238,0.365,1.974,across-spokepool-7d 3.50,poly-2021 3.19,4,2,21,82.4,0
size 0.1 fresh 0.005 net1h 0.05 crowd 5 spike 10.0 win 600 floor 250000,14,14,4,0.667,0.0,4.0,0.379,0.161,2.172,0.44,0.228,2.235,across-spokepool-7d 19.25,nomad-2022 1.28,4,2,29,76.1,0
size 0.1 fresh 0.005 net1h 0.05 crowd 5 spike 10.0 win 600 floor 1e+06,14,14,4,0.667,0.0,4.0,0.209,0.161,0.603,0.202,0.228,1.974,across-spokepool-7d 1.75,nomad-2022 1.28,4,2,16,86.3,0
size 0.1 fresh 0.005 net1h 0.05 crowd 5 spike 10.0 win 1800 floor 250000,14,14,4,0.667,0.0,4.0,0.405,0.176,2.293,0.476,0.228,2.235,across-spokepool-7d 21.00,nomad-2022 1.28,4,2,31,74.5,0
size 0.1 fresh 0.005 net1h 0.05 crowd 5 spike 10.0 win 1800 floor 1e+06,14,14,4,0.667,0.0,4.0,0.235,0.161,0.845,0.238,0.228,1.974,across-spokepool-7d 3.50,nomad-2022 1.28,4,2,18,84.8,0
size 0.1 fresh 0.005 net1h 0.05 crowd 5 spike None win 600 floor 250000,14,14,4,0.667,0.0,4.0,0.353,0.132,2.172,0.403,0.228,2.052,across-spokepool-7d 19.25,nomad-2022 1.28,4,2,27,77.7,0
size 0.1 fresh 0.005 net1h 0.05 crowd 5 spike None win 600 floor 1e+06,14,14,4,0.667,0.0,4.0,0.157,0.132,0.362,0.128,0.228,1.791,across-spokepool-7d 1.75,nomad-2022 1.28,3,2,12,89.5,0
size 0.1 fresh 0.005 net1h 0.05 crowd 5 spike None win 1800 floor 250000,14,14,4,0.667,0.0,4.0,0.379,0.147,2.293,0.44,0.228,2.052,across-spokepool-7d 21.00,nomad-2022 1.28,4,2,29,76.1,0
size 0.1 fresh 0.005 net1h 0.05 crowd 5 spike None win 1800 floor 1e+06,14,14,4,0.667,0.0,4.0,0.196,0.132,0.724,0.183,0.228,1.791,across-spokepool-7d 3.50,nomad-2022 1.28,4,2,15,87.1,0
size 0.1 fresh 0.005 net1h 0.05 crowd 10 spike 6.0 win 600 floor 250000,14,14,4,0.667,0.0,4.0,0.34,0.147,1.931,0.366,0.273,1.346,across-spokepool-7d 19.25,poly-2021 1.92,4,2,26,78.5,0
size 0.1 fresh 0.005 net1h 0.05 crowd 10 spike 6.0 win 600 floor 1e+06,14,14,4,0.667,0.0,4.0,0.209,0.147,0.724,0.183,0.273,1.033,poly-2021 1.92,poly-2021 1.92,4,2,16,86.3,0
size 0.1 fresh 0.005 net1h 0.05 crowd 10 spike 6.0 win 1800 floor 250000,14,14,4,0.667,0.0,4.0,0.366,0.161,2.052,0.385,0.319,1.346,across-spokepool-7d 21.00,poly-2021 2.55,4,2,28,76.9,0
size 0.1 fresh 0.005 net1h 0.05 crowd 10 spike 6.0 win 1800 floor 1e+06,14,14,4,0.667,0.0,4.0,0.235,0.161,0.845,0.202,0.319,1.033,across-spokepool-7d 3.50,poly-2021 2.55,4,2,18,84.8,0
size 0.1 fresh 0.005 net1h 0.05 crowd 10 spike 10.0 win 600 floor 250000,14,14,4,0.667,0.0,4.0,0.314,0.117,1.931,0.366,0.182,1.346,across-spokepool-7d 19.25,nomad-2022 1.28,3,1,24,80.0,0
size 0.1 fresh 0.005 net1h 0.05 crowd 10 spike 10.0 win 600 floor 1e+06,14,14,4,0.667,0.0,4.0,0.17,0.117,0.603,0.165,0.182,1.033,across-spokepool-7d 1.75,nomad-2022 1.28,3,1,13,88.7,0
size 0.1 fresh 0.005 net1h 0.05 crowd 10 spike 10.0 win 1800 floor 250000,14,14,4,0.667,0.0,4.0,0.327,0.117,2.052,0.385,0.182,1.346,across-spokepool-7d 21.00,nomad-2022 1.28,3,1,25,79.3,0
size 0.1 fresh 0.005 net1h 0.05 crowd 10 spike 10.0 win 1800 floor 1e+06,14,14,4,0.667,0.0,4.0,0.196,0.117,0.845,0.202,0.182,1.033,across-spokepool-7d 3.50,nomad-2022 1.28,3,1,15,87.1,0
size 0.1 fresh 0.005 net1h 0.05 crowd 10 spike None win 600 floor 250000,14,14,4,0.667,0.0,4.0,0.301,0.103,1.931,0.348,0.182,1.124,across-spokepool-7d 19.25,nomad-2022 1.28,3,1,23,80.8,0
size 0.1 fresh 0.005 net1h 0.05 crowd 10 spike None win 600 floor 1e+06,14,14,4,0.667,0.0,4.0,0.131,0.103,0.362,0.11,0.182,0.81,across-spokepool-7d 1.75,nomad-2022 1.28,2,1,10,91.0,0
size 0.1 fresh 0.005 net1h 0.05 crowd 10 spike None win 1800 floor 250000,14,14,4,0.667,0.0,4.0,0.314,0.103,2.052,0.366,0.182,1.124,across-spokepool-7d 21.00,nomad-2022 1.28,3,1,24,80.0,0
size 0.1 fresh 0.005 net1h 0.05 crowd 10 spike None win 1800 floor 1e+06,14,14,4,0.667,0.0,4.0,0.17,0.103,0.724,0.165,0.182,0.81,across-spokepool-7d 3.50,nomad-2022 1.28,3,1,13,88.7,0
size 0.1 fresh 0.005 net1h 0.05 crowd None spike 6.0 win 600 floor 250000,14,14,4,0.667,0.0,4.0,0.34,0.147,1.931,0.366,0.273,1.163,across-spokepool-7d 19.25,poly-2021 1.92,4,2,26,78.5,0
size 0.1 fresh 0.005 net1h 0.05 crowd None spike 6.0 win 600 floor 1e+06,14,14,4,0.667,0.0,4.0,0.17,0.147,0.362,0.128,0.273,0.85,poly-2021 1.92,poly-2021 1.92,3,2,13,88.7,0
size 0.1 fresh 0.005 net1h 0.05 crowd None spike 6.0 win 1800 floor 250000,14,14,4,0.667,0.0,4.0,0.366,0.161,2.052,0.385,0.319,1.163,across-spokepool-7d 21.00,poly-2021 2.55,4,2,28,76.9,0
size 0.1 fresh 0.005 net1h 0.05 crowd None spike 6.0 win 1800 floor 1e+06,14,14,4,0.667,0.0,4.0,0.222,0.161,0.724,0.183,0.319,0.85,across-spokepool-7d 3.50,poly-2021 2.55,4,2,17,85.5,0
size 0.1 fresh 0.005 net1h 0.05 crowd None spike 10.0 win 600 floor 250000,14,14,4,0.667,0.0,4.0,0.301,0.117,1.81,0.348,0.182,1.163,across-spokepool-7d 19.25,nomad-2022 1.28,3,1,23,80.8,0
size 0.1 fresh 0.005 net1h 0.05 crowd None spike 10.0 win 600 floor 1e+06,14,14,4,0.667,0.0,4.0,0.144,0.117,0.362,0.128,0.182,0.85,across-spokepool-7d 1.75,nomad-2022 1.28,2,1,11,90.3,0
size 0.1 fresh 0.005 net1h 0.05 crowd None spike 10.0 win 1800 floor 250000,14,14,4,0.667,0.0,4.0,0.327,0.117,2.052,0.385,0.182,1.163,across-spokepool-7d 21.00,nomad-2022 1.28,3,1,25,79.3,0
size 0.1 fresh 0.005 net1h 0.05 crowd None spike 10.0 win 1800 floor 1e+06,14,14,4,0.667,0.0,4.0,0.17,0.117,0.603,0.165,0.182,0.85,across-spokepool-7d 3.50,nomad-2022 1.28,2,1,13,88.7,0
size 0.1 fresh 0.005 net1h 0.05 crowd None spike None win 600 floor 250000,14,14,4,0.667,0.0,4.0,0.261,0.103,1.569,0.293,0.182,0.941,across-spokepool-7d 19.25,nomad-2022 1.28,2,1,20,83.2,0
size 0.1 fresh 0.005 net1h 0.05 crowd None spike None win 600 floor 1e+06,14,14,4,0.667,0.0,4.0,0.118,0.103,0.241,0.092,0.182,0.614,across-spokepool-7d 1.75,nomad-2022 1.28,2,1,9,91.8,0
size 0.1 fresh 0.005 net1h 0.05 crowd None spike None win 1800 floor 250000,14,14,4,0.667,0.0,4.0,0.301,0.103,1.931,0.348,0.182,0.941,across-spokepool-7d 21.00,nomad-2022 1.28,3,1,23,80.8,0
size 0.1 fresh 0.005 net1h 0.05 crowd None spike None win 1800 floor 1e+06,14,14,4,0.667,0.0,4.0,0.131,0.103,0.362,0.11,0.182,0.614,across-spokepool-7d 3.50,nomad-2022 1.28,2,1,10,91.0,0
size 0.1 fresh 0.005 net1h 0.1 crowd 5 spike 6.0 win 600 floor 250000,14,14,4,0.667,0.0,4.0,0.392,0.176,2.172,0.421,0.319,2.235,across-spokepool-7d 19.25,poly-2021 2.55,4,2,30,75.3,0
size 0.1 fresh 0.005 net1h 0.1 crowd 5 spike 6.0 win 600 floor 1e+06,14,14,4,0.667,0.0,4.0,0.235,0.176,0.724,0.202,0.319,1.974,poly-2021 2.55,poly-2021 2.55,4,2,18,84.8,0
size 0.1 fresh 0.005 net1h 0.1 crowd 5 spike 6.0 win 1800 floor 250000,14,14,4,0.667,0.0,4.0,0.431,0.205,2.293,0.458,0.365,2.235,across-spokepool-7d 21.00,poly-2021 3.19,4,2,33,73.0,0
size 0.1 fresh 0.005 net1h 0.1 crowd 5 spike 6.0 win 1800 floor 1e+06,14,14,4,0.667,0.0,4.0,0.261,0.191,0.845,0.22,0.365,1.974,across-spokepool-7d 3.50,poly-2021 3.19,4,2,20,83.2,0
size 0.1 fresh 0.005 net1h 0.1 crowd 5 spike 10.0 win 600 floor 250000,14,14,4,0.667,0.0,6.5,0.34,0.117,2.172,0.403,0.182,2.235,across-spokepool-7d 19.25,poly-2021 1.28,3,1,26,78.5,0
size 0.1 fresh 0.005 net1h 0.1 crowd 5 spike 10.0 win 600 floor 1e+06,14,14,4,0.667,0.0,6.5,0.17,0.117,0.603,0.165,0.182,1.974,across-spokepool-7d 1.75,poly-2021 1.28,3,1,13,88.7,0
size 0.1 fresh 0.005 net1h 0.1 crowd 5 spike 10.0 win 1800 floor 250000,14,14,4,0.667,0.0,6.5,0.366,0.132,2.293,0.44,0.182,2.235,across-spokepool-7d 21.00,poly-2021 1.28,3,1,28,76.9,0
size 0.1 fresh 0.005 net1h 0.1 crowd 5 spike 10.0 win 1800 floor 1e+06,14,14,4,0.667,0.0,6.5,0.196,0.117,0.845,0.202,0.182,1.974,across-spokepool-7d 3.50,poly-2021 1.28,3,1,15,87.1,0
size 0.1 fresh 0.005 net1h 0.1 crowd 5 spike None win 600 floor 250000,14,14,4,0.667,0.0,6.5,0.314,0.088,2.172,0.366,0.182,2.052,across-spokepool-7d 19.25,poly-2021 1.28,3,1,24,80.0,0
size 0.1 fresh 0.005 net1h 0.1 crowd 5 spike None win 600 floor 1e+06,14,14,4,0.667,0.0,6.5,0.118,0.088,0.362,0.092,0.182,1.791,across-spokepool-7d 1.75,poly-2021 1.28,2,1,9,91.8,0
size 0.1 fresh 0.005 net1h 0.1 crowd 5 spike None win 1800 floor 250000,14,14,4,0.667,0.0,6.5,0.34,0.103,2.293,0.403,0.182,2.052,across-spokepool-7d 21.00,poly-2021 1.28,3,1,26,78.5,0
size 0.1 fresh 0.005 net1h 0.1 crowd 5 spike None win 1800 floor 1e+06,14,14,4,0.667,0.0,6.5,0.157,0.088,0.724,0.147,0.182,1.791,across-spokepool-7d 3.50,poly-2021 1.28,3,1,12,89.5,0
size 0.1 fresh 0.005 net1h 0.1 crowd 10 spike 6.0 win 600 floor 250000,14,14,4,0.667,0.0,4.0,0.327,0.132,1.931,0.348,0.273,1.346,across-spokepool-7d 19.25,poly-2021 1.92,4,2,25,79.3,0
size 0.1 fresh 0.005 net1h 0.1 crowd 10 spike 6.0 win 600 floor 1e+06,14,14,4,0.667,0.0,4.0,0.196,0.132,0.724,0.165,0.273,1.033,poly-2021 1.92,poly-2021 1.92,4,2,15,87.1,0
size 0.1 fresh 0.005 net1h 0.1 crowd 10 spike 6.0 win 1800 floor 250000,14,14,4,0.667,0.0,4.0,0.353,0.147,2.052,0.366,0.319,1.346,across-spokepool-7d 21.00,poly-2021 2.55,4,2,27,77.7,0
size 0.1 fresh 0.005 net1h 0.1 crowd 10 spike 6.0 win 1800 floor 1e+06,14,14,4,0.667,0.0,4.0,0.222,0.147,0.845,0.183,0.319,1.033,across-spokepool-7d 3.50,poly-2021 2.55,4,2,17,85.5,0
size 0.1 fresh 0.005 net1h 0.1 crowd 10 spike 10.0 win 600 floor 250000,14,14,4,0.667,0.0,6.5,0.274,0.073,1.931,0.33,0.137,1.346,across-spokepool-7d 19.25,nomad-2022 0.64,2,0,21,82.4,0
size 0.1 fresh 0.005 net1h 0.1 crowd 10 spike 10.0 win 600 floor 1e+06,14,14,4,0.667,0.0,6.5,0.131,0.073,0.603,0.128,0.137,1.033,across-spokepool-7d 1.75,nomad-2022 0.64,2,0,10,91.0,0
size 0.1 fresh 0.005 net1h 0.1 crowd 10 spike 10.0 win 1800 floor 250000,14,14,4,0.667,0.0,6.5,0.288,0.073,2.052,0.348,0.137,1.346,across-spokepool-7d 21.00,nomad-2022 0.64,2,0,22,81.6,0
size 0.1 fresh 0.005 net1h 0.1 crowd 10 spike 10.0 win 1800 floor 1e+06,14,14,4,0.667,0.0,6.5,0.157,0.073,0.845,0.165,0.137,1.033,across-spokepool-7d 3.50,nomad-2022 0.64,2,0,12,89.5,0
size 0.1 fresh 0.005 net1h 0.1 crowd 10 spike None win 600 floor 250000,14,13,4,0.67,7.4,6.5,0.248,0.044,1.931,0.312,0.091,1.124,across-spokepool-7d 19.25,nomad-2022 0.64,2,0,19,83.9,0
size 0.1 fresh 0.005 net1h 0.1 crowd 10 spike None win 600 floor 1e+06,14,13,4,0.67,7.4,6.5,0.078,0.044,0.362,0.073,0.091,0.81,across-spokepool-7d 1.75,nomad-2022 0.64,1,0,6,94.1,0
size 0.1 fresh 0.005 net1h 0.1 crowd 10 spike None win 1800 floor 250000,14,13,4,0.67,7.4,6.5,0.274,0.059,2.052,0.33,0.137,1.124,across-spokepool-7d 21.00,nomad-2022 0.64,2,0,21,82.3,0
size 0.1 fresh 0.005 net1h 0.1 crowd 10 spike None win 1800 floor 1e+06,14,13,4,0.67,7.4,6.5,0.131,0.059,0.724,0.128,0.137,0.81,across-spokepool-7d 3.50,nomad-2022 0.64,2,0,10,91.0,0
size 0.1 fresh 0.005 net1h 0.1 crowd None spike 6.0 win 600 floor 250000,14,14,4,0.667,0.0,4.0,0.327,0.132,1.931,0.348,0.273,1.163,across-spokepool-7d 19.25,poly-2021 1.92,4,2,25,79.3,0
size 0.1 fresh 0.005 net1h 0.1 crowd None spike 6.0 win 600 floor 1e+06,14,14,4,0.667,0.0,4.0,0.157,0.132,0.362,0.11,0.273,0.85,poly-2021 1.92,poly-2021 1.92,3,2,12,89.5,0
size 0.1 fresh 0.005 net1h 0.1 crowd None spike 6.0 win 1800 floor 250000,14,14,4,0.667,0.0,4.0,0.353,0.147,2.052,0.366,0.319,1.163,across-spokepool-7d 21.00,poly-2021 2.55,4,2,27,77.7,0
size 0.1 fresh 0.005 net1h 0.1 crowd None spike 6.0 win 1800 floor 1e+06,14,14,4,0.667,0.0,4.0,0.209,0.147,0.724,0.165,0.319,0.85,across-spokepool-7d 3.50,poly-2021 2.55,4,2,16,86.3,0
size 0.1 fresh 0.005 net1h 0.1 crowd None spike 10.0 win 600 floor 250000,14,14,4,0.667,0.0,6.5,0.261,0.073,1.81,0.312,0.137,1.163,across-spokepool-7d 19.25,nomad-2022 0.64,2,0,20,83.2,0
size 0.1 fresh 0.005 net1h 0.1 crowd None spike 10.0 win 600 floor 1e+06,14,14,4,0.667,0.0,6.5,0.105,0.073,0.362,0.092,0.137,0.85,across-spokepool-7d 1.75,nomad-2022 0.64,1,0,8,92.6,0
size 0.1 fresh 0.005 net1h 0.1 crowd None spike 10.0 win 1800 floor 250000,14,14,4,0.667,0.0,6.5,0.288,0.073,2.052,0.348,0.137,1.163,across-spokepool-7d 21.00,nomad-2022 0.64,2,0,22,81.6,0
size 0.1 fresh 0.005 net1h 0.1 crowd None spike 10.0 win 1800 floor 1e+06,14,14,4,0.667,0.0,6.5,0.131,0.073,0.603,0.128,0.137,0.85,across-spokepool-7d 3.50,nomad-2022 0.64,1,0,10,91.0,0
size 0.1 fresh 0.005 net1h 0.1 crowd None spike None win 600 floor 250000,14,13,4,0.67,7.4,6.5,0.209,0.044,1.569,0.257,0.091,0.941,across-spokepool-7d 19.25,nomad-2022 0.64,1,0,16,86.3,0
size 0.1 fresh 0.005 net1h 0.1 crowd None spike None win 600 floor 1e+06,14,13,4,0.67,7.4,6.5,0.065,0.044,0.241,0.055,0.091,0.614,across-spokepool-7d 1.75,nomad-2022 0.64,1,0,5,94.9,0
size 0.1 fresh 0.005 net1h 0.1 crowd None spike None win 1800 floor 250000,14,13,4,0.67,7.4,6.5,0.261,0.059,1.931,0.312,0.137,0.941,across-spokepool-7d 21.00,nomad-2022 0.64,2,0,20,83.1,0
size 0.1 fresh 0.005 net1h 0.1 crowd None spike None win 1800 floor 1e+06,14,13,4,0.67,7.4,6.5,0.091,0.059,0.362,0.073,0.137,0.614,across-spokepool-7d 3.50,nomad-2022 0.64,1,0,7,93.3,0
size 0.1 fresh 0.005 net1h 0.2 crowd 5 spike 6.0 win 600 floor 250000,14,14,4,0.667,0.0,4.0,0.392,0.176,2.172,0.421,0.319,2.235,across-spokepool-7d 19.25,poly-2021 2.55,4,2,30,75.3,0
size 0.1 fresh 0.005 net1h 0.2 crowd 5 spike 6.0 win 600 floor 1e+06,14,14,4,0.667,0.0,4.0,0.235,0.176,0.724,0.202,0.319,1.974,poly-2021 2.55,poly-2021 2.55,4,2,18,84.8,0
size 0.1 fresh 0.005 net1h 0.2 crowd 5 spike 6.0 win 1800 floor 250000,14,14,4,0.667,0.0,4.0,0.431,0.205,2.293,0.458,0.365,2.235,across-spokepool-7d 21.00,poly-2021 3.19,4,2,33,73.0,0
size 0.1 fresh 0.005 net1h 0.2 crowd 5 spike 6.0 win 1800 floor 1e+06,14,14,4,0.667,0.0,4.0,0.261,0.191,0.845,0.22,0.365,1.974,across-spokepool-7d 3.50,poly-2021 3.19,4,2,20,83.2,0
size 0.1 fresh 0.005 net1h 0.2 crowd 5 spike 10.0 win 600 floor 250000,14,14,4,0.667,0.0,6.5,0.34,0.117,2.172,0.403,0.182,2.235,across-spokepool-7d 19.25,poly-2021 1.28,3,1,26,78.5,0
size 0.1 fresh 0.005 net1h 0.2 crowd 5 spike 10.0 win 600 floor 1e+06,14,14,4,0.667,0.0,6.5,0.17,0.117,0.603,0.165,0.182,1.974,across-spokepool-7d 1.75,poly-2021 1.28,3,1,13,88.7,0
size 0.1 fresh 0.005 net1h 0.2 crowd 5 spike 10.0 win 1800 floor 250000,14,14,4,0.667,0.0,6.5,0.366,0.132,2.293,0.44,0.182,2.235,across-spokepool-7d 21.00,poly-2021 1.28,3,1,28,76.9,0
size 0.1 fresh 0.005 net1h 0.2 crowd 5 spike 10.0 win 1800 floor 1e+06,14,14,4,0.667,0.0,6.5,0.183,0.117,0.724,0.183,0.182,1.974,across-spokepool-7d 3.50,poly-2021 1.28,3,1,14,87.9,0
size 0.1 fresh 0.005 net1h 0.2 crowd 5 spike None win 600 floor 250000,14,14,4,0.667,0.0,6.5,0.314,0.088,2.172,0.366,0.182,2.052,across-spokepool-7d 19.25,poly-2021 1.28,3,1,24,80.0,0
size 0.1 fresh 0.005 net1h 0.2 crowd 5 spike None win 600 floor 1e+06,14,14,4,0.667,0.0,6.5,0.118,0.088,0.362,0.092,0.182,1.791,across-spokepool-7d 1.75,poly-2021 1.28,2,1,9,91.8,0
size 0.1 fresh 0.005 net1h 0.2 crowd 5 spike None win 1800 floor 250000,14,14,4,0.667,0.0,6.5,0.34,0.103,2.293,0.403,0.182,2.052,across-spokepool-7d 21.00,poly-2021 1.28,3,1,26,78.5,0
size 0.1 fresh 0.005 net1h 0.2 crowd 5 spike None win 1800 floor 1e+06,14,14,4,0.667,0.0,6.5,0.144,0.088,0.603,0.128,0.182,1.791,across-spokepool-7d 3.50,poly-2021 1.28,2,1,11,90.3,0
size 0.1 fresh 0.005 net1h 0.2 crowd 10 spike 6.0 win 600 floor 250000,14,14,4,0.667,0.0,4.0,0.327,0.132,1.931,0.348,0.273,1.346,across-spokepool-7d 19.25,poly-2021 1.92,4,2,25,79.3,0
size 0.1 fresh 0.005 net1h 0.2 crowd 10 spike 6.0 win 600 floor 1e+06,14,14,4,0.667,0.0,4.0,0.196,0.132,0.724,0.165,0.273,1.033,poly-2021 1.92,poly-2021 1.92,4,2,15,87.1,0
size 0.1 fresh 0.005 net1h 0.2 crowd 10 spike 6.0 win 1800 floor 250000,14,14,4,0.667,0.0,4.0,0.353,0.147,2.052,0.366,0.319,1.346,across-spokepool-7d 21.00,poly-2021 2.55,4,2,27,77.7,0
size 0.1 fresh 0.005 net1h 0.2 crowd 10 spike 6.0 win 1800 floor 1e+06,14,14,4,0.667,0.0,4.0,0.222,0.147,0.845,0.183,0.319,1.033,across-spokepool-7d 3.50,poly-2021 2.55,4,2,17,85.5,0
size 0.1 fresh 0.005 net1h 0.2 crowd 10 spike 10.0 win 600 floor 250000,14,14,4,0.667,0.0,6.5,0.274,0.073,1.931,0.33,0.137,1.346,across-spokepool-7d 19.25,nomad-2022 0.64,2,0,21,82.4,0
size 0.1 fresh 0.005 net1h 0.2 crowd 10 spike 10.0 win 600 floor 1e+06,14,14,4,0.667,0.0,6.5,0.131,0.073,0.603,0.128,0.137,1.033,across-spokepool-7d 1.75,nomad-2022 0.64,2,0,10,91.0,0
size 0.1 fresh 0.005 net1h 0.2 crowd 10 spike 10.0 win 1800 floor 250000,14,14,4,0.667,0.0,6.5,0.288,0.073,2.052,0.348,0.137,1.346,across-spokepool-7d 21.00,nomad-2022 0.64,2,0,22,81.6,0
size 0.1 fresh 0.005 net1h 0.2 crowd 10 spike 10.0 win 1800 floor 1e+06,14,14,4,0.667,0.0,6.5,0.144,0.073,0.724,0.147,0.137,1.033,across-spokepool-7d 3.50,nomad-2022 0.64,2,0,11,90.3,0
size 0.1 fresh 0.005 net1h 0.2 crowd 10 spike None win 600 floor 250000,14,13,4,0.686,44.2,6.5,0.248,0.044,1.931,0.312,0.091,1.124,across-spokepool-7d 19.25,nomad-2022 0.64,2,0,19,83.5,0
size 0.1 fresh 0.005 net1h 0.2 crowd 10 spike None win 600 floor 1e+06,14,13,4,0.686,44.2,6.5,0.078,0.044,0.362,0.073,0.091,0.81,across-spokepool-7d 1.75,nomad-2022 0.64,1,0,6,93.7,0
size 0.1 fresh 0.005 net1h 0.2 crowd 10 spike None win 1800 floor 250000,14,13,4,0.686,44.2,6.5,0.274,0.059,2.052,0.33,0.137,1.124,across-spokepool-7d 21.00,nomad-2022 0.64,2,0,21,81.9,0
size 0.1 fresh 0.005 net1h 0.2 crowd 10 spike None win 1800 floor 1e+06,14,13,4,0.686,44.2,6.5,0.118,0.059,0.603,0.11,0.137,0.81,across-spokepool-7d 3.50,nomad-2022 0.64,1,0,9,91.4,0
size 0.1 fresh 0.005 net1h 0.2 crowd None spike 6.0 win 600 floor 250000,14,14,4,0.667,0.0,4.0,0.327,0.132,1.931,0.348,0.273,1.163,across-spokepool-7d 19.25,poly-2021 1.92,4,2,25,79.3,0
size 0.1 fresh 0.005 net1h 0.2 crowd None spike 6.0 win 600 floor 1e+06,14,14,4,0.667,0.0,4.0,0.157,0.132,0.362,0.11,0.273,0.85,poly-2021 1.92,poly-2021 1.92,3,2,12,89.5,0
size 0.1 fresh 0.005 net1h 0.2 crowd None spike 6.0 win 1800 floor 250000,14,14,4,0.667,0.0,4.0,0.353,0.147,2.052,0.366,0.319,1.163,across-spokepool-7d 21.00,poly-2021 2.55,4,2,27,77.7,0
size 0.1 fresh 0.005 net1h 0.2 crowd None spike 6.0 win 1800 floor 1e+06,14,14,4,0.667,0.0,4.0,0.196,0.147,0.603,0.147,0.319,0.85,across-spokepool-7d 3.50,poly-2021 2.55,3,2,15,87.1,0
size 0.1 fresh 0.005 net1h 0.2 crowd None spike 10.0 win 600 floor 250000,14,14,4,0.667,0.0,6.5,0.261,0.073,1.81,0.312,0.137,1.163,across-spokepool-7d 19.25,nomad-2022 0.64,2,0,20,83.2,0
size 0.1 fresh 0.005 net1h 0.2 crowd None spike 10.0 win 600 floor 1e+06,14,14,4,0.667,0.0,6.5,0.105,0.073,0.362,0.092,0.137,0.85,across-spokepool-7d 1.75,nomad-2022 0.64,1,0,8,92.6,0
size 0.1 fresh 0.005 net1h 0.2 crowd None spike 10.0 win 1800 floor 250000,14,14,4,0.667,0.0,6.5,0.274,0.073,1.931,0.33,0.137,1.163,across-spokepool-7d 21.00,nomad-2022 0.64,2,0,21,82.4,0
size 0.1 fresh 0.005 net1h 0.2 crowd None spike 10.0 win 1800 floor 1e+06,14,14,4,0.667,0.0,6.5,0.131,0.073,0.603,0.128,0.137,0.85,across-spokepool-7d 3.50,nomad-2022 0.64,1,0,10,91.0,0
size 0.1 fresh 0.005 net1h 0.2 crowd None spike None win 600 floor 250000,14,13,4,0.686,44.2,6.5,0.209,0.044,1.569,0.257,0.091,0.941,across-spokepool-7d 19.25,nomad-2022 0.64,1,0,16,85.9,0
size 0.1 fresh 0.005 net1h 0.2 crowd None spike None win 600 floor 1e+06,14,13,4,0.686,44.2,6.5,0.065,0.044,0.241,0.055,0.091,0.614,across-spokepool-7d 1.75,nomad-2022 0.64,1,0,5,94.5,0
size 0.1 fresh 0.005 net1h 0.2 crowd None spike None win 1800 floor 250000,14,13,4,0.686,44.2,6.5,0.248,0.059,1.81,0.293,0.137,0.941,across-spokepool-7d 21.00,nomad-2022 0.64,1,0,19,83.5,0
size 0.1 fresh 0.005 net1h 0.2 crowd None spike None win 1800 floor 1e+06,14,13,4,0.686,44.2,6.5,0.091,0.059,0.362,0.073,0.137,0.614,across-spokepool-7d 3.50,nomad-2022 0.64,1,0,7,92.9,0
size 0.1 fresh 0.01 net1h 0.05 crowd 5 spike 6.0 win 600 floor 250000,14,14,4,0.667,0.0,4.0,0.379,0.176,2.052,0.403,0.319,1.921,across-spokepool-7d 19.25,poly-2021 2.55,4,2,29,76.1,0
size 0.1 fresh 0.01 net1h 0.05 crowd 5 spike 6.0 win 600 floor 1e+06,14,14,4,0.667,0.0,4.0,0.235,0.176,0.724,0.202,0.319,1.843,poly-2021 2.55,poly-2021 2.55,4,2,18,84.8,0
size 0.1 fresh 0.01 net1h 0.05 crowd 5 spike 6.0 win 1800 floor 250000,14,14,4,0.667,0.0,4.0,0.405,0.191,2.172,0.421,0.365,1.921,across-spokepool-7d 21.00,poly-2021 3.19,4,2,31,74.5,0
size 0.1 fresh 0.01 net1h 0.05 crowd 5 spike 6.0 win 1800 floor 1e+06,14,14,4,0.667,0.0,4.0,0.261,0.191,0.845,0.22,0.365,1.843,across-spokepool-7d 3.50,poly-2021 3.19,4,2,20,83.2,0
size 0.1 fresh 0.01 net1h 0.05 crowd 5 spike 10.0 win 600 floor 250000,14,14,4,0.667,0.0,4.0,0.34,0.147,1.931,0.385,0.228,1.921,across-spokepool-7d 19.25,nomad-2022 1.28,4,2,26,78.5,0
size 0.1 fresh 0.01 net1h 0.05 crowd 5 spike 10.0 win 600 floor 1e+06,14,14,4,0.667,0.0,4.0,0.196,0.147,0.603,0.183,0.228,1.843,across-spokepool-7d 1.75,nomad-2022 1.28,4,2,15,87.1,0
size 0.1 fresh 0.01 net1h 0.05 crowd 5 spike 10.0 win 1800 floor 250000,14,14,4,0.667,0.0,4.0,0.366,0.147,2.172,0.421,0.228,1.921,across-spokepool-7d 21.00,nomad-2022 1.28,4,2,28,76.9,0
size 0.1 fresh 0.01 net1h 0.05 crowd 5 spike 10.0 win 1800 floor 1e+06,14,14,4,0.667,0.0,4.0,0.222,0.147,0.845,0.22,0.228,1.843,across-spokepool-7d 3.50,nomad-2022 1.28,4,2,17,85.5,0
size 0.1 fresh 0.01 net1h 0.05 crowd 5 spike None win 600 floor 250000,14,14,4,0.667,0.0,4.0,0.288,0.117,1.69,0.312,0.228,1.738,across-spokepool-7d 19.25,nomad-2022 1.28,3,2,22,81.6,0
size 0.1 fresh 0.01 net1h 0.05 crowd 5 spike None win 600 floor 1e+06,14,14,4,0.667,0.0,4.0,0.144,0.117,0.362,0.11,0.228,1.66,across-spokepool-7d 1.75,nomad-2022 1.28,3,2,11,90.3,0
size 0.1 fresh 0.01 net1h 0.05 crowd 5 spike None win 1800 floor 250000,14,14,4,0.667,0.0,4.0,0.327,0.117,2.052,0.366,0.228,1.738,across-spokepool-7d 21.00,nomad-2022 1.28,4,2,25,79.3,0
size 0.1 fresh 0.01 net1h 0.05 crowd 5 spike None win 1800 floor 1e+06,14,14,4,0.667,0.0,4.0,0.183,0.117,0.724,0.165,0.228,1.66,across-spokepool-7d 3.50,nomad-2022 1.28,4,2,14,87.9,0
size 0.1 fresh 0.01 net1h 0.05 crowd 10 spike 6.0 win 600 floor 250000,14,14,4,0.667,0.0,4.0,0.34,0.147,1.931,0.366,0.273,0.98,across-spokepool-7d 19.25,poly-2021 1.92,4,2,26,78.5,0
size 0.1 fresh 0.01 net1h 0.05 crowd 10 spike 6.0 win 600 floor 1e+06,14,14,4,0.667,0.0,4.0,0.209,0.147,0.724,0.183,0.273,0.889,poly-2021 1.92,poly-2021 1.92,4,2,16,86.3,0
size 0.1 fresh 0.01 net1h 0.05 crowd 10 spike 6.0 win 1800 floor 250000,14,14,4,0.667,0.0,4.0,0.366,0.161,2.052,0.385,0.319,0.98,across-spokepool-7d 21.00,poly-2021 2.55,4,2,28,76.9,0
size 0.1 fresh 0.01 net1h 0.05 crowd 10 spike 6.0 win 1800 floor 1e+06,14,14,4,0.667,0.0,4.0,0.235,0.161,0.845,0.202,0.319,0.889,across-spokepool-7d 3.50,poly-2021 2.55,4,2,18,84.8,0
size 0.1 fresh 0.01 net1h 0.05 crowd 10 spike 10.0 win 600 floor 250000,14,14,4,0.667,0.0,4.0,0.301,0.117,1.81,0.348,0.182,0.98,across-spokepool-7d 19.25,nomad-2022 1.28,3,1,23,80.8,0
size 0.1 fresh 0.01 net1h 0.05 crowd 10 spike 10.0 win 600 floor 1e+06,14,14,4,0.667,0.0,4.0,0.17,0.117,0.603,0.165,0.182,0.889,across-spokepool-7d 1.75,nomad-2022 1.28,3,1,13,88.7,0
size 0.1 fresh 0.01 net1h 0.05 crowd 10 spike 10.0 win 1800 floor 250000,14,14,4,0.667,0.0,4.0,0.327,0.117,2.052,0.385,0.182,0.98,across-spokepool-7d 21.00,nomad-2022 1.28,3,1,25,79.3,0
size 0.1 fresh 0.01 net1h 0.05 crowd 10 spike 10.0 win 1800 floor 1e+06,14,14,4,0.667,0.0,4.0,0.196,0.117,0.845,0.202,0.182,0.889,across-spokepool-7d 3.50,nomad-2022 1.28,3,1,15,87.1,0
size 0.1 fresh 0.01 net1h 0.05 crowd 10 spike None win 600 floor 250000,14,14,4,0.667,0.0,4.0,0.261,0.103,1.569,0.293,0.182,0.758,across-spokepool-7d 19.25,nomad-2022 1.28,2,1,20,83.2,0
size 0.1 fresh 0.01 net1h 0.05 crowd 10 spike None win 600 floor 1e+06,14,14,4,0.667,0.0,4.0,0.131,0.103,0.362,0.11,0.182,0.667,across-spokepool-7d 1.75,nomad-2022 1.28,2,1,10,91.0,0
size 0.1 fresh 0.01 net1h 0.05 crowd 10 spike None win 1800 floor 250000,14,14,4,0.667,0.0,4.0,0.301,0.103,1.931,0.348,0.182,0.758,across-spokepool-7d 21.00,nomad-2022 1.28,3,1,23,80.8,0
size 0.1 fresh 0.01 net1h 0.05 crowd 10 spike None win 1800 floor 1e+06,14,14,4,0.667,0.0,4.0,0.17,0.103,0.724,0.165,0.182,0.667,across-spokepool-7d 3.50,nomad-2022 1.28,3,1,13,88.7,0
size 0.1 fresh 0.01 net1h 0.05 crowd None spike 6.0 win 600 floor 250000,14,14,4,0.667,0.0,4.0,0.301,0.147,1.569,0.312,0.273,0.797,across-spokepool-7d 19.25,poly-2021 1.92,3,2,23,80.8,0
size 0.1 fresh 0.01 net1h 0.05 crowd None spike 6.0 win 600 floor 1e+06,14,14,4,0.667,0.0,4.0,0.17,0.147,0.362,0.128,0.273,0.706,poly-2021 1.92,poly-2021 1.92,3,2,13,88.7,0
size 0.1 fresh 0.01 net1h 0.05 crowd None spike 6.0 win 1800 floor 250000,14,14,4,0.667,0.0,4.0,0.353,0.161,1.931,0.366,0.319,0.797,across-spokepool-7d 21.00,poly-2021 2.55,4,2,27,77.7,0
size 0.1 fresh 0.01 net1h 0.05 crowd None spike 6.0 win 1800 floor 1e+06,14,14,4,0.667,0.0,4.0,0.222,0.161,0.724,0.183,0.319,0.706,across-spokepool-7d 3.50,poly-2021 2.55,4,2,17,85.5,0
size 0.1 fresh 0.01 net1h 0.05 crowd None spike 10.0 win 600 floor 250000,14,14,4,0.667,0.0,4.0,0.274,0.117,1.569,0.312,0.182,0.797,across-spokepool-7d 19.25,nomad-2022 1.28,2,1,21,82.4,0
size 0.1 fresh 0.01 net1h 0.05 crowd None spike 10.0 win 600 floor 1e+06,14,14,4,0.667,0.0,4.0,0.144,0.117,0.362,0.128,0.182,0.706,across-spokepool-7d 1.75,nomad-2022 1.28,2,1,11,90.3,0
size 0.1 fresh 0.01 net1h 0.05 crowd None spike 10.0 win 1800 floor 250000,14,14,4,0.667,0.0,4.0,0.301,0.117,1.81,0.348,0.182,0.797,across-spokepool-7d 21.00,nomad-2022 1.28,2,1,23,80.8,0
size 0.1 fresh 0.01 net1h 0.05 crowd None spike 10.0 win 1800 floor 1e+06,14,14,4,0.667,0.0,4.0,0.17,0.117,0.603,0.165,0.182,0.706,across-spokepool-7d 3.50,nomad-2022 1.28,2,1,13,88.7,0
size 0.1 fresh 0.01 net1h 0.05 crowd None spike None win 600 floor 250000,14,14,4,0.667,0.0,4.0,0.248,0.103,1.448,0.275,0.182,0.562,across-spokepool-7d 19.25,nomad-2022 1.28,2,1,19,84.0,0
size 0.1 fresh 0.01 net1h 0.05 crowd None spike None win 600 floor 1e+06,14,14,4,0.667,0.0,4.0,0.118,0.103,0.241,0.092,0.182,0.471,across-spokepool-7d 1.75,nomad-2022 1.28,2,1,9,91.8,0
size 0.1 fresh 0.01 net1h 0.05 crowd None spike None win 1800 floor 250000,14,14,4,0.667,0.0,4.0,0.261,0.103,1.569,0.293,0.182,0.562,across-spokepool-7d 21.00,nomad-2022 1.28,2,1,20,83.2,0
size 0.1 fresh 0.01 net1h 0.05 crowd None spike None win 1800 floor 1e+06,14,14,4,0.667,0.0,4.0,0.131,0.103,0.362,0.11,0.182,0.471,across-spokepool-7d 3.50,nomad-2022 1.28,2,1,10,91.0,0
size 0.1 fresh 0.01 net1h 0.1 crowd 5 spike 6.0 win 600 floor 250000,14,14,4,0.667,0.0,4.0,0.366,0.161,2.052,0.385,0.319,1.921,across-spokepool-7d 19.25,poly-2021 2.55,4,2,28,76.9,0
size 0.1 fresh 0.01 net1h 0.1 crowd 5 spike 6.0 win 600 floor 1e+06,14,14,4,0.667,0.0,4.0,0.222,0.161,0.724,0.183,0.319,1.843,poly-2021 2.55,poly-2021 2.55,4,2,17,85.5,0
size 0.1 fresh 0.01 net1h 0.1 crowd 5 spike 6.0 win 1800 floor 250000,14,14,4,0.667,0.0,4.0,0.392,0.176,2.172,0.403,0.365,1.921,across-spokepool-7d 21.00,poly-2021 3.19,4,2,30,75.3,0
size 0.1 fresh 0.01 net1h 0.1 crowd 5 spike 6.0 win 1800 floor 1e+06,14,14,4,0.667,0.0,4.0,0.248,0.176,0.845,0.202,0.365,1.843,across-spokepool-7d 3.50,poly-2021 3.19,4,2,19,84.0,0
size 0.1 fresh 0.01 net1h 0.1 crowd 5 spike 10.0 win 600 floor 250000,14,14,4,0.667,0.0,6.5,0.301,0.103,1.931,0.348,0.182,1.921,across-spokepool-7d 19.25,poly-2021 1.28,3,1,23,80.8,0
size 0.1 fresh 0.01 net1h 0.1 crowd 5 spike 10.0 win 600 floor 1e+06,14,14,4,0.667,0.0,6.5,0.157,0.103,0.603,0.147,0.182,1.843,across-spokepool-7d 1.75,poly-2021 1.28,3,1,12,89.5,0
size 0.1 fresh 0.01 net1h 0.1 crowd 5 spike 10.0 win 1800 floor 250000,14,14,4,0.667,0.0,6.5,0.327,0.103,2.172,0.385,0.182,1.921,across-spokepool-7d 21.00,poly-2021 1.28,3,1,25,79.3,0
size 0.1 fresh 0.01 net1h 0.1 crowd 5 spike 10.0 win 1800 floor 1e+06,14,14,4,0.667,0.0,6.5,0.183,0.103,0.845,0.183,0.182,1.843,across-spokepool-7d 3.50,poly-2021 1.28,3,1,14,87.9,0
size 0.1 fresh 0.01 net1h 0.1 crowd 5 spike None win 600 floor 250000,14,14,4,0.667,0.0,6.5,0.248,0.073,1.69,0.275,0.182,1.738,across-spokepool-7d 19.25,poly-2021 1.28,2,1,19,84.0,0
size 0.1 fresh 0.01 net1h 0.1 crowd 5 spike None win 600 floor 1e+06,14,14,4,0.667,0.0,6.5,0.105,0.073,0.362,0.073,0.182,1.66,across-spokepool-7d 1.75,poly-2021 1.28,2,1,8,92.6,0
size 0.1 fresh 0.01 net1h 0.1 crowd 5 spike None win 1800 floor 250000,14,14,4,0.667,0.0,6.5,0.288,0.073,2.052,0.33,0.182,1.738,across-spokepool-7d 21.00,poly-2021 1.28,3,1,22,81.6,0
size 0.1 fresh 0.01 net1h 0.1 crowd 5 spike None win 1800 floor 1e+06,14,14,4,0.667,0.0,6.5,0.144,0.073,0.724,0.128,0.182,1.66,across-spokepool-7d 3.50,poly-2021 1.28,3,1,11,90.3,0
size 0.1 fresh 0.01 net1h 0.1 crowd 10 spike 6.0 win 600 floor 250000,14,14,4,0.667,0.0,4.0,0.327,0.132,1.931,0.348,0.273,0.98,across-spokepool-7d 19.25,poly-2021 1.92,4,2,25,79.3,0
size 0.1 fresh 0.01 net1h 0.1 crowd 10 spike 6.0 win 600 floor 1e+06,14,14,4,0.667,0.0,4.0,0.196,0.132,0.724,0.165,0.273,0.889,poly-2021 1.92,poly-2021 1.92,4,2,15,87.1,0
size 0.1 fresh 0.01 net1h 0.1 crowd 10 spike 6.0 win 1800 floor 250000,14,14,4,0.667,0.0,4.0,0.353,0.147,2.052,0.366,0.319,0.98,across-spokepool-7d 21.00,poly-2021 2.55,4,2,27,77.7,0
size 0.1 fresh 0.01 net1h 0.1 crowd 10 spike 6.0 win 1800 floor 1e+06,14,14,4,0.667,0.0,4.0,0.222,0.147,0.845,0.183,0.319,0.889,across-spokepool-7d 3.50,poly-2021 2.55,4,2,17,85.5,0
size 0.1 fresh 0.01 net1h 0.1 crowd 10 spike 10.0 win 600 floor 250000,14,14,4,0.667,0.0,6.5,0.261,0.073,1.81,0.312,0.137,0.98,across-spokepool-7d 19.25,nomad-2022 0.64,2,0,20,83.2,0
size 0.1 fresh 0.01 net1h 0.1 crowd 10 spike 10.0 win 600 floor 1e+06,14,14,4,0.667,0.0,6.5,0.131,0.073,0.603,0.128,0.137,0.889,across-spokepool-7d 1.75,nomad-2022 0.64,2,0,10,91.0,0
size 0.1 fresh 0.01 net1h 0.1 crowd 10 spike 10.0 win 1800 floor 250000,14,14,4,0.667,0.0,6.5,0.288,0.073,2.052,0.348,0.137,0.98,across-spokepool-7d 21.00,nomad-2022 0.64,2,0,22,81.6,0
size 0.1 fresh 0.01 net1h 0.1 crowd 10 spike 10.0 win 1800 floor 1e+06,14,14,4,0.667,0.0,6.5,0.157,0.073,0.845,0.165,0.137,0.889,across-spokepool-7d 3.50,nomad-2022 0.64,2,0,12,89.5,0
size 0.1 fresh 0.01 net1h 0.1 crowd 10 spike None win 600 floor 250000,14,13,4,0.67,7.4,6.5,0.209,0.044,1.569,0.257,0.091,0.758,across-spokepool-7d 19.25,nomad-2022 0.64,1,0,16,86.3,0
size 0.1 fresh 0.01 net1h 0.1 crowd 10 spike None win 600 floor 1e+06,14,13,4,0.67,7.4,6.5,0.078,0.044,0.362,0.073,0.091,0.667,across-spokepool-7d 1.75,nomad-2022 0.64,1,0,6,94.1,0
size 0.1 fresh 0.01 net1h 0.1 crowd 10 spike None win 1800 floor 250000,14,13,4,0.67,7.4,6.5,0.261,0.059,1.931,0.312,0.137,0.758,across-spokepool-7d 21.00,nomad-2022 0.64,2,0,20,83.1,0
size 0.1 fresh 0.01 net1h 0.1 crowd 10 spike None win 1800 floor 1e+06,14,13,4,0.67,7.4,6.5,0.131,0.059,0.724,0.128,0.137,0.667,across-spokepool-7d 3.50,nomad-2022 0.64,2,0,10,91.0,0
size 0.1 fresh 0.01 net1h 0.1 crowd None spike 6.0 win 600 floor 250000,14,14,4,0.667,0.0,4.0,0.288,0.132,1.569,0.293,0.273,0.797,across-spokepool-7d 19.25,poly-2021 1.92,3,2,22,81.6,0
size 0.1 fresh 0.01 net1h 0.1 crowd None spike 6.0 win 600 floor 1e+06,14,14,4,0.667,0.0,4.0,0.157,0.132,0.362,0.11,0.273,0.706,poly-2021 1.92,poly-2021 1.92,3,2,12,89.5,0
size 0.1 fresh 0.01 net1h 0.1 crowd None spike 6.0 win 1800 floor 250000,14,14,4,0.667,0.0,4.0,0.34,0.147,1.931,0.348,0.319,0.797,across-spokepool-7d 21.00,poly-2021 2.55,4,2,26,78.5,0
size 0.1 fresh 0.01 net1h 0.1 crowd None spike 6.0 win 1800 floor 1e+06,14,14,4,0.667,0.0,4.0,0.209,0.147,0.724,0.165,0.319,0.706,across-spokepool-7d 3.50,poly-2021 2.55,4,2,16,86.3,0
size 0.1 fresh 0.01 net1h 0.1 crowd None spike 10.0 win 600 floor 250000,14,14,4,0.667,0.0,6.5,0.235,0.073,1.569,0.275,0.137,0.797,across-spokepool-7d 19.25,nomad-2022 0.64,1,0,18,84.8,0
size 0.1 fresh 0.01 net1h 0.1 crowd None spike 10.0 win 600 floor 1e+06,14,14,4,0.667,0.0,6.5,0.105,0.073,0.362,0.092,0.137,0.706,across-spokepool-7d 1.75,nomad-2022 0.64,1,0,8,92.6,0
size 0.1 fresh 0.01 net1h 0.1 crowd None spike 10.0 win 1800 floor 250000,14,14,4,0.667,0.0,6.5,0.261,0.073,1.81,0.312,0.137,0.797,across-spokepool-7d 21.00,nomad-2022 0.64,1,0,20,83.2,0
size 0.1 fresh 0.01 net1h 0.1 crowd None spike 10.0 win 1800 floor 1e+06,14,14,4,0.667,0.0,6.5,0.131,0.073,0.603,0.128,0.137,0.706,across-spokepool-7d 3.50,nomad-2022 0.64,1,0,10,91.0,0
size 0.1 fresh 0.01 net1h 0.1 crowd None spike None win 600 floor 250000,14,13,4,0.67,7.4,6.5,0.196,0.044,1.448,0.238,0.091,0.562,across-spokepool-7d 19.25,nomad-2022 0.64,1,0,15,87.0,0
size 0.1 fresh 0.01 net1h 0.1 crowd None spike None win 600 floor 1e+06,14,13,4,0.67,7.4,6.5,0.065,0.044,0.241,0.055,0.091,0.471,across-spokepool-7d 1.75,nomad-2022 0.64,1,0,5,94.9,0
size 0.1 fresh 0.01 net1h 0.1 crowd None spike None win 1800 floor 250000,14,13,4,0.67,7.4,6.5,0.222,0.059,1.569,0.257,0.137,0.562,across-spokepool-7d 21.00,nomad-2022 0.64,1,0,17,85.5,0
size 0.1 fresh 0.01 net1h 0.1 crowd None spike None win 1800 floor 1e+06,14,13,4,0.67,7.4,6.5,0.091,0.059,0.362,0.073,0.137,0.471,across-spokepool-7d 3.50,nomad-2022 0.64,1,0,7,93.3,0
size 0.1 fresh 0.01 net1h 0.2 crowd 5 spike 6.0 win 600 floor 250000,14,14,4,0.667,0.0,4.0,0.366,0.161,2.052,0.385,0.319,1.921,across-spokepool-7d 19.25,poly-2021 2.55,4,2,28,76.9,0
size 0.1 fresh 0.01 net1h 0.2 crowd 5 spike 6.0 win 600 floor 1e+06,14,14,4,0.667,0.0,4.0,0.222,0.161,0.724,0.183,0.319,1.843,poly-2021 2.55,poly-2021 2.55,4,2,17,85.5,0
size 0.1 fresh 0.01 net1h 0.2 crowd 5 spike 6.0 win 1800 floor 250000,14,14,4,0.667,0.0,4.0,0.392,0.176,2.172,0.403,0.365,1.921,across-spokepool-7d 21.00,poly-2021 3.19,4,2,30,75.3,0
size 0.1 fresh 0.01 net1h 0.2 crowd 5 spike 6.0 win 1800 floor 1e+06,14,14,4,0.667,0.0,4.0,0.248,0.176,0.845,0.202,0.365,1.843,across-spokepool-7d 3.50,poly-2021 3.19,4,2,19,84.0,0
size 0.1 fresh 0.01 net1h 0.2 crowd 5 spike 10.0 win 600 floor 250000,14,14,4,0.667,0.0,6.5,0.301,0.103,1.931,0.348,0.182,1.921,across-spokepool-7d 19.25,poly-2021 1.28,3,1,23,80.8,0
size 0.1 fresh 0.01 net1h 0.2 crowd 5 spike 10.0 win 600 floor 1e+06,14,14,4,0.667,0.0,6.5,0.157,0.103,0.603,0.147,0.182,1.843,across-spokepool-7d 1.75,poly-2021 1.28,3,1,12,89.5,0
size 0.1 fresh 0.01 net1h 0.2 crowd 5 spike 10.0 win 1800 floor 250000,14,14,4,0.667,0.0,6.5,0.314,0.103,2.052,0.366,0.182,1.921,across-spokepool-7d 21.00,poly-2021 1.28,3,1,24,80.0,0
size 0.1 fresh 0.01 net1h 0.2 crowd 5 spike 10.0 win 1800 floor 1e+06,14,14,4,0.667,0.0,6.5,0.17,0.103,0.724,0.165,0.182,1.843,across-spokepool-7d 3.50,poly-2021 1.28,3,1,13,88.7,0
size 0.1 fresh 0.01 net1h 0.2 crowd 5 spike None win 600 floor 250000,14,14,4,0.667,0.0,6.5,0.248,0.073,1.69,0.275,0.182,1.738,across-spokepool-7d 19.25,poly-2021 1.28,2,1,19,84.0,0
size 0.1 fresh 0.01 net1h 0.2 crowd 5 spike None win 600 floor 1e+06,14,14,4,0.667,0.0,6.5,0.105,0.073,0.362,0.073,0.182,1.66,across-spokepool-7d 1.75,poly-2021 1.28,2,1,8,92.6,0
size 0.1 fresh 0.01 net1h 0.2 crowd 5 spike None win 1800 floor 250000,14,14,4,0.667,0.0,6.5,0.274,0.073,1.931,0.312,0.182,1.738,across-spokepool-7d 21.00,poly-2021 1.28,3,1,21,82.4,0
size 0.1 fresh 0.01 net1h 0.2 crowd 5 spike None win 1800 floor 1e+06,14,14,4,0.667,0.0,6.5,0.131,0.073,0.603,0.11,0.182,1.66,across-spokepool-7d 3.50,poly-2021 1.28,2,1,10,91.0,0
size 0.1 fresh 0.01 net1h 0.2 crowd 10 spike 6.0 win 600 floor 250000,14,14,4,0.667,0.0,4.0,0.327,0.132,1.931,0.348,0.273,0.98,across-spokepool-7d 19.25,poly-2021 1.92,4,2,25,79.3,0
size 0.1 fresh 0.01 net1h 0.2 crowd 10 spike 6.0 win 600 floor 1e+06,14,14,4,0.667,0.0,4.0,0.196,0.132,0.724,0.165,0.273,0.889,poly-2021 1.92,poly-2021 1.92,4,2,15,87.1,0
size 0.1 fresh 0.01 net1h 0.2 crowd 10 spike 6.0 win 1800 floor 250000,14,14,4,0.667,0.0,4.0,0.353,0.147,2.052,0.366,0.319,0.98,across-spokepool-7d 21.00,poly-2021 2.55,4,2,27,77.7,0
size 0.1 fresh 0.01 net1h 0.2 crowd 10 spike 6.0 win 1800 floor 1e+06,14,14,4,0.667,0.0,4.0,0.222,0.147,0.845,0.183,0.319,0.889,across-spokepool-7d 3.50,poly-2021 2.55,4,2,17,85.5,0
size 0.1 fresh 0.01 net1h 0.2 crowd 10 spike 10.0 win 600 floor 250000,14,14,4,0.667,0.0,6.5,0.261,0.073,1.81,0.312,0.137,0.98,across-spokepool-7d 19.25,nomad-2022 0.64,2,0,20,83.2,0
size 0.1 fresh 0.01 net1h 0.2 crowd 10 spike 10.0 win 600 floor 1e+06,14,14,4,0.667,0.0,6.5,0.131,0.073,0.603,0.128,0.137,0.889,across-spokepool-7d 1.75,nomad-2022 0.64,2,0,10,91.0,0
size 0.1 fresh 0.01 net1h 0.2 crowd 10 spike 10.0 win 1800 floor 250000,14,14,4,0.667,0.0,6.5,0.274,0.073,1.931,0.33,0.137,0.98,across-spokepool-7d 21.00,nomad-2022 0.64,2,0,21,82.4,0
size 0.1 fresh 0.01 net1h 0.2 crowd 10 spike 10.0 win 1800 floor 1e+06,14,14,4,0.667,0.0,6.5,0.144,0.073,0.724,0.147,0.137,0.889,across-spokepool-7d 3.50,nomad-2022 0.64,2,0,11,90.3,0
size 0.1 fresh 0.01 net1h 0.2 crowd 10 spike None win 600 floor 250000,14,13,4,0.686,44.2,6.5,0.209,0.044,1.569,0.257,0.091,0.758,across-spokepool-7d 19.25,nomad-2022 0.64,1,0,16,85.9,0
size 0.1 fresh 0.01 net1h 0.2 crowd 10 spike None win 600 floor 1e+06,14,13,4,0.686,44.2,6.5,0.078,0.044,0.362,0.073,0.091,0.667,across-spokepool-7d 1.75,nomad-2022 0.64,1,0,6,93.7,0
size 0.1 fresh 0.01 net1h 0.2 crowd 10 spike None win 1800 floor 250000,14,13,4,0.686,44.2,6.5,0.248,0.059,1.81,0.293,0.137,0.758,across-spokepool-7d 21.00,nomad-2022 0.64,1,0,19,83.5,0
size 0.1 fresh 0.01 net1h 0.2 crowd 10 spike None win 1800 floor 1e+06,14,13,4,0.686,44.2,6.5,0.118,0.059,0.603,0.11,0.137,0.667,across-spokepool-7d 3.50,nomad-2022 0.64,1,0,9,91.4,0
size 0.1 fresh 0.01 net1h 0.2 crowd None spike 6.0 win 600 floor 250000,14,14,4,0.667,0.0,4.0,0.288,0.132,1.569,0.293,0.273,0.797,across-spokepool-7d 19.25,poly-2021 1.92,3,2,22,81.6,0
size 0.1 fresh 0.01 net1h 0.2 crowd None spike 6.0 win 600 floor 1e+06,14,14,4,0.667,0.0,4.0,0.157,0.132,0.362,0.11,0.273,0.706,poly-2021 1.92,poly-2021 1.92,3,2,12,89.5,0
size 0.1 fresh 0.01 net1h 0.2 crowd None spike 6.0 win 1800 floor 250000,14,14,4,0.667,0.0,4.0,0.327,0.147,1.81,0.33,0.319,0.797,across-spokepool-7d 21.00,poly-2021 2.55,3,2,25,79.3,0
size 0.1 fresh 0.01 net1h 0.2 crowd None spike 6.0 win 1800 floor 1e+06,14,14,4,0.667,0.0,4.0,0.196,0.147,0.603,0.147,0.319,0.706,across-spokepool-7d 3.50,poly-2021 2.55,3,2,15,87.1,0
size 0.1 fresh 0.01 net1h 0.2 crowd None spike 10.0 win 600 floor 250000,14,14,4,0.667,0.0,6.5,0.235,0.073,1.569,0.275,0.137,0.797,across-spokepool-7d 19.25,nomad-2022 0.64,1,0,18,84.8,0
size 0.1 fresh 0.01 net1h 0.2 crowd None spike 10.0 win 600 floor 1e+06,14,14,4,0.667,0.0,6.5,0.105,0.073,0.362,0.092,0.137,0.706,across-spokepool-7d 1.75,nomad-2022 0.64,1,0,8,92.6,0
size 0.1 fresh 0.01 net1h 0.2 crowd None spike 10.0 win 1800 floor 250000,14,14,4,0.667,0.0,6.5,0.261,0.073,1.81,0.312,0.137,0.797,across-spokepool-7d 21.00,nomad-2022 0.64,1,0,20,83.2,0
size 0.1 fresh 0.01 net1h 0.2 crowd None spike 10.0 win 1800 floor 1e+06,14,14,4,0.667,0.0,6.5,0.131,0.073,0.603,0.128,0.137,0.706,across-spokepool-7d 3.50,nomad-2022 0.64,1,0,10,91.0,0
size 0.1 fresh 0.01 net1h 0.2 crowd None spike None win 600 floor 250000,14,13,4,0.686,44.2,6.5,0.196,0.044,1.448,0.238,0.091,0.562,across-spokepool-7d 19.25,nomad-2022 0.64,1,0,15,86.7,0
size 0.1 fresh 0.01 net1h 0.2 crowd None spike None win 600 floor 1e+06,14,13,4,0.686,44.2,6.5,0.065,0.044,0.241,0.055,0.091,0.471,across-spokepool-7d 1.75,nomad-2022 0.64,1,0,5,94.5,0
size 0.1 fresh 0.01 net1h 0.2 crowd None spike None win 1800 floor 250000,14,13,4,0.686,44.2,6.5,0.222,0.059,1.569,0.257,0.137,0.562,across-spokepool-7d 21.00,nomad-2022 0.64,1,0,17,85.1,0
size 0.1 fresh 0.01 net1h 0.2 crowd None spike None win 1800 floor 1e+06,14,13,4,0.686,44.2,6.5,0.091,0.059,0.362,0.073,0.137,0.471,across-spokepool-7d 3.50,nomad-2022 0.64,1,0,7,92.9,0
size 0.1 fresh 0.02 net1h 0.05 crowd 5 spike 6.0 win 600 floor 250000,14,14,4,0.667,0.0,4.0,0.327,0.132,1.931,0.366,0.228,1.856,across-spokepool-7d 19.25,nomad-2022 1.28,4,2,25,79.3,0
size 0.1 fresh 0.02 net1h 0.05 crowd 5 spike 6.0 win 600 floor 1e+06,14,14,4,0.667,0.0,4.0,0.196,0.132,0.724,0.183,0.228,1.817,across-spokepool-7d 1.75,nomad-2022 1.28,4,2,15,87.1,0
size 0.1 fresh 0.02 net1h 0.05 crowd 5 spike 6.0 win 1800 floor 250000,14,14,4,0.667,0.0,4.0,0.353,0.147,2.052,0.385,0.273,1.856,across-spokepool-7d 21.00,poly-2021 1.92,4,2,27,77.7,0
size 0.1 fresh 0.02 net1h 0.05 crowd 5 spike 6.0 win 1800 floor 1e+06,14,14,4,0.667,0.0,4.0,0.222,0.147,0.845,0.202,0.273,1.817,across-spokepool-7d 3.50,poly-2021 1.92,4,2,17,85.5,0
size 0.1 fresh 0.02 net1h 0.05 crowd 5 spike 10.0 win 600 floor 250000,14,14,4,0.667,0.0,6.5,0.301,0.117,1.81,0.348,0.182,1.843,across-spokepool-7d 19.25,nomad-2022 1.28,3,1,23,80.8,0
size 0.1 fresh 0.02 net1h 0.05 crowd 5 spike 10.0 win 600 floor 1e+06,14,14,4,0.667,0.0,6.5,0.17,0.117,0.603,0.165,0.182,1.804,across-spokepool-7d 1.75,nomad-2022 1.28,3,1,13,88.7,0
size 0.1 fresh 0.02 net1h 0.05 crowd 5 spike 10.0 win 1800 floor 250000,14,14,4,0.667,0.0,6.5,0.327,0.117,2.052,0.385,0.182,1.843,across-spokepool-7d 21.00,nomad-2022 1.28,3,1,25,79.3,0
size 0.1 fresh 0.02 net1h 0.05 crowd 5 spike 10.0 win 1800 floor 1e+06,14,14,4,0.667,0.0,6.5,0.196,0.117,0.845,0.202,0.182,1.804,across-spokepool-7d 3.50,nomad-2022 1.28,3,1,15,87.1,0
size 0.1 fresh 0.02 net1h 0.05 crowd 5 spike None win 600 floor 250000,14,14,4,0.667,0.0,6.5,0.261,0.103,1.569,0.293,0.182,1.647,across-spokepool-7d 19.25,nomad-2022 1.28,2,1,20,83.2,0
size 0.1 fresh 0.02 net1h 0.05 crowd 5 spike None win 600 floor 1e+06,14,14,4,0.667,0.0,6.5,0.131,0.103,0.362,0.11,0.182,1.608,across-spokepool-7d 1.75,nomad-2022 1.28,2,1,10,91.0,0
size 0.1 fresh 0.02 net1h 0.05 crowd 5 spike None win 1800 floor 250000,14,14,4,0.667,0.0,6.5,0.301,0.103,1.931,0.348,0.182,1.647,across-spokepool-7d 21.00,nomad-2022 1.28,3,1,23,80.8,0
size 0.1 fresh 0.02 net1h 0.05 crowd 5 spike None win 1800 floor 1e+06,14,14,4,0.667,0.0,6.5,0.17,0.103,0.724,0.165,0.182,1.608,across-spokepool-7d 3.50,nomad-2022 1.28,3,1,13,88.7,0
size 0.1 fresh 0.02 net1h 0.05 crowd 10 spike 6.0 win 600 floor 250000,14,14,4,0.667,0.0,4.0,0.314,0.117,1.931,0.348,0.228,0.889,across-spokepool-7d 19.25,nomad-2022 1.28,4,2,24,80.0,0
size 0.1 fresh 0.02 net1h 0.05 crowd 10 spike 6.0 win 600 floor 1e+06,14,14,4,0.667,0.0,4.0,0.183,0.117,0.724,0.165,0.228,0.85,across-spokepool-7d 1.75,nomad-2022 1.28,4,2,14,87.9,0
size 0.1 fresh 0.02 net1h 0.05 crowd 10 spike 6.0 win 1800 floor 250000,14,14,4,0.667,0.0,4.0,0.34,0.132,2.052,0.366,0.273,0.889,across-spokepool-7d 21.00,poly-2021 1.92,4,2,26,78.5,0
size 0.1 fresh 0.02 net1h 0.05 crowd 10 spike 6.0 win 1800 floor 1e+06,14,14,4,0.667,0.0,4.0,0.209,0.132,0.845,0.183,0.273,0.85,across-spokepool-7d 3.50,poly-2021 1.92,4,2,16,86.3,0
size 0.1 fresh 0.02 net1h 0.05 crowd 10 spike 10.0 win 600 floor 250000,14,14,4,0.667,0.0,6.5,0.288,0.103,1.81,0.33,0.182,0.876,across-spokepool-7d 19.25,nomad-2022 1.28,3,1,22,81.6,0
size 0.1 fresh 0.02 net1h 0.05 crowd 10 spike 10.0 win 600 floor 1e+06,14,14,4,0.667,0.0,6.5,0.157,0.103,0.603,0.147,0.182,0.836,across-spokepool-7d 1.75,nomad-2022 1.28,3,1,12,89.5,0
size 0.1 fresh 0.02 net1h 0.05 crowd 10 spike 10.0 win 1800 floor 250000,14,14,4,0.667,0.0,6.5,0.314,0.103,2.052,0.366,0.182,0.876,across-spokepool-7d 21.00,nomad-2022 1.28,3,1,24,80.0,0
size 0.1 fresh 0.02 net1h 0.05 crowd 10 spike 10.0 win 1800 floor 1e+06,14,14,4,0.667,0.0,6.5,0.183,0.103,0.845,0.183,0.182,0.836,across-spokepool-7d 3.50,nomad-2022 1.28,3,1,14,87.9,0
size 0.1 fresh 0.02 net1h 0.05 crowd 10 spike None win 600 floor 250000,14,13,4,0.67,7.4,6.5,0.261,0.103,1.569,0.293,0.182,0.64,across-spokepool-7d 19.25,nomad-2022 1.28,2,1,20,83.1,0
size 0.1 fresh 0.02 net1h 0.05 crowd 10 spike None win 600 floor 1e+06,14,13,4,0.67,7.4,6.5,0.131,0.103,0.362,0.11,0.182,0.601,across-spokepool-7d 1.75,nomad-2022 1.28,2,1,10,91.0,0
size 0.1 fresh 0.02 net1h 0.05 crowd 10 spike None win 1800 floor 250000,14,13,4,0.67,7.4,6.5,0.301,0.103,1.931,0.348,0.182,0.64,across-spokepool-7d 21.00,nomad-2022 1.28,3,1,23,80.8,0
size 0.1 fresh 0.02 net1h 0.05 crowd 10 spike None win 1800 floor 1e+06,14,13,4,0.67,7.4,6.5,0.17,0.103,0.724,0.165,0.182,0.601,across-spokepool-7d 3.50,nomad-2022 1.28,3,1,13,88.6,0
size 0.1 fresh 0.02 net1h 0.05 crowd None spike 6.0 win 600 floor 250000,14,14,4,0.667,0.0,4.0,0.274,0.117,1.569,0.293,0.228,0.706,across-spokepool-7d 19.25,nomad-2022 1.28,3,2,21,82.4,0
size 0.1 fresh 0.02 net1h 0.05 crowd None spike 6.0 win 600 floor 1e+06,14,14,4,0.667,0.0,4.0,0.144,0.117,0.362,0.11,0.228,0.667,across-spokepool-7d 1.75,nomad-2022 1.28,3,2,11,90.3,0
size 0.1 fresh 0.02 net1h 0.05 crowd None spike 6.0 win 1800 floor 250000,14,14,4,0.667,0.0,4.0,0.327,0.132,1.931,0.348,0.273,0.706,across-spokepool-7d 21.00,poly-2021 1.92,4,2,25,79.3,0
size 0.1 fresh 0.02 net1h 0.05 crowd None spike 6.0 win 1800 floor 1e+06,14,14,4,0.667,0.0,4.0,0.196,0.132,0.724,0.165,0.273,0.667,across-spokepool-7d 3.50,poly-2021 1.92,4,2,15,87.1,0
size 0.1 fresh 0.02 net1h 0.05 crowd None spike 10.0 win 600 floor 250000,14,14,4,0.667,0.0,6.5,0.261,0.103,1.569,0.293,0.182,0.693,across-spokepool-7d 19.25,nomad-2022 1.28,2,1,20,83.2,0
size 0.1 fresh 0.02 net1h 0.05 crowd None spike 10.0 win 600 floor 1e+06,14,14,4,0.667,0.0,6.5,0.131,0.103,0.362,0.11,0.182,0.654,across-spokepool-7d 1.75,nomad-2022 1.28,2,1,10,91.0,0
size 0.1 fresh 0.02 net1h 0.05 crowd None spike 10.0 win 1800 floor 250000,14,14,4,0.667,0.0,6.5,0.288,0.103,1.81,0.33,0.182,0.693,across-spokepool-7d 21.00,nomad-2022 1.28,2,1,22,81.6,0
size 0.1 fresh 0.02 net1h 0.05 crowd None spike 10.0 win 1800 floor 1e+06,14,14,4,0.667,0.0,6.5,0.157,0.103,0.603,0.147,0.182,0.654,across-spokepool-7d 3.50,nomad-2022 1.28,2,1,12,89.5,0
size 0.1 fresh 0.02 net1h 0.05 crowd None spike None win 600 floor 250000,14,13,4,0.67,7.4,6.5,0.248,0.103,1.448,0.275,0.182,0.444,across-spokepool-7d 19.25,nomad-2022 1.28,2,1,19,83.9,0
size 0.1 fresh 0.02 net1h 0.05 crowd None spike None win 600 floor 1e+06,14,13,4,0.67,7.4,6.5,0.118,0.103,0.241,0.092,0.182,0.405,across-spokepool-7d 1.75,nomad-2022 1.28,2,1,9,91.8,0
size 0.1 fresh 0.02 net1h 0.05 crowd None spike None win 1800 floor 250000,14,13,4,0.67,7.4,6.5,0.261,0.103,1.569,0.293,0.182,0.444,across-spokepool-7d 21.00,nomad-2022 1.28,2,1,20,83.1,0
size 0.1 fresh 0.02 net1h 0.05 crowd None spike None win 1800 floor 1e+06,14,13,4,0.67,7.4,6.5,0.131,0.103,0.362,0.11,0.182,0.405,across-spokepool-7d 3.50,nomad-2022 1.28,2,1,10,91.0,0
size 0.1 fresh 0.02 net1h 0.1 crowd 5 spike 6.0 win 600 floor 250000,14,14,4,0.667,0.0,6.5,0.314,0.117,1.931,0.348,0.228,1.856,across-spokepool-7d 19.25,nomad-2022 1.28,4,2,24,80.0,0
size 0.1 fresh 0.02 net1h 0.1 crowd 5 spike 6.0 win 600 floor 1e+06,14,14,4,0.667,0.0,6.5,0.183,0.117,0.724,0.165,0.228,1.817,across-spokepool-7d 1.75,nomad-2022 1.28,4,2,14,87.9,0
size 0.1 fresh 0.02 net1h 0.1 crowd 5 spike 6.0 win 1800 floor 250000,14,14,4,0.667,0.0,6.5,0.34,0.132,2.052,0.366,0.273,1.856,across-spokepool-7d 21.00,poly-2021 1.92,4,2,26,78.5,0
size 0.1 fresh 0.02 net1h 0.1 crowd 5 spike 6.0 win 1800 floor 1e+06,14,14,4,0.667,0.0,6.5,0.209,0.132,0.845,0.183,0.273,1.817,across-spokepool-7d 3.50,poly-2021 1.92,4,2,16,86.3,0
size 0.1 fresh 0.02 net1h 0.1 crowd 5 spike 10.0 win 600 floor 250000,14,14,4,0.667,0.0,6.5,0.261,0.073,1.81,0.312,0.137,1.843,across-spokepool-7d 19.25,nomad-2022 0.64,2,0,20,83.2,0
size 0.1 fresh 0.02 net1h 0.1 crowd 5 spike 10.0 win 600 floor 1e+06,14,14,4,0.667,0.0,6.5,0.131,0.073,0.603,0.128,0.137,1.804,across-spokepool-7d 1.75,nomad-2022 0.64,2,0,10,91.0,0
size 0.1 fresh 0.02 net1h 0.1 crowd 5 spike 10.0 win 1800 floor 250000,14,14,4,0.667,0.0,6.5,0.288,0.073,2.052,0.348,0.137,1.843,across-spokepool-7d 21.00,nomad-2022 0.64,2,0,22,81.6,0
size 0.1 fresh 0.02 net1h 0.1 crowd 5 spike 10.0 win 1800 floor 1e+06,14,14,4,0.667,0.0,6.5,0.157,0.073,0.845,0.165,0.137,1.804,across-spokepool-7d 3.50,nomad-2022 0.64,2,0,12,89.5,0
size 0.1 fresh 0.02 net1h 0.1 crowd 5 spike None win 600 floor 250000,14,13,4,0.67,7.4,6.5,0.222,0.059,1.569,0.257,0.137,1.647,across-spokepool-7d 19.25,nomad-2022 0.64,1,0,17,85.5,0
size 0.1 fresh 0.02 net1h 0.1 crowd 5 spike None win 600 floor 1e+06,14,13,4,0.67,7.4,6.5,0.091,0.059,0.362,0.073,0.137,1.608,across-spokepool-7d 1.75,nomad-2022 0.64,1,0,7,93.3,0
size 0.1 fresh 0.02 net1h 0.1 crowd 5 spike None win 1800 floor 250000,14,13,4,0.67,7.4,6.5,0.261,0.059,1.931,0.312,0.137,1.647,across-spokepool-7d 21.00,nomad-2022 0.64,2,0,20,83.1,0
size 0.1 fresh 0.02 net1h 0.1 crowd 5 spike None win 1800 floor 1e+06,14,13,4,0.67,7.4,6.5,0.131,0.059,0.724,0.128,0.137,1.608,across-spokepool-7d 3.50,nomad-2022 0.64,2,0,10,91.0,0
size 0.1 fresh 0.02 net1h 0.1 crowd 10 spike 6.0 win 600 floor 250000,14,13,4,0.67,7.4,6.5,0.301,0.103,1.931,0.33,0.228,0.889,across-spokepool-7d 19.25,nomad-2022 1.28,4,2,23,80.8,0
size 0.1 fresh 0.02 net1h 0.1 crowd 10 spike 6.0 win 600 floor 1e+06,14,13,4,0.67,7.4,6.5,0.17,0.103,0.724,0.147,0.228,0.85,across-spokepool-7d 1.75,nomad-2022 1.28,4,2,13,88.6,0
size 0.1 fresh 0.02 net1h 0.1 crowd 10 spike 6.0 win 1800 floor 250000,14,13,4,0.67,7.4,6.5,0.327,0.117,2.052,0.348,0.273,0.889,across-spokepool-7d 21.00,poly-2021 1.92,4,2,25,79.2,0
size 0.1 fresh 0.02 net1h 0.1 crowd 10 spike 6.0 win 1800 floor 1e+06,14,13,4,0.67,7.4,6.5,0.196,0.117,0.845,0.165,0.273,0.85,across-spokepool-7d 3.50,poly-2021 1.92,4,2,15,87.0,0
size 0.1 fresh 0.02 net1h 0.1 crowd 10 spike 10.0 win 600 floor 250000,14,13,4,0.67,7.4,6.5,0.248,0.059,1.81,0.293,0.137,0.876,across-spokepool-7d 19.25,nomad-2022 0.64,2,0,19,83.9,0
size 0.1 fresh 0.02 net1h 0.1 crowd 10 spike 10.0 win 600 floor 1e+06,14,13,4,0.67,7.4,6.5,0.118,0.059,0.603,0.11,0.137,0.836,across-spokepool-7d 1.75,nomad-2022 0.64,2,0,9,91.8,0
size 0.1 fresh 0.02 net1h 0.1 crowd 10 spike 10.0 win 1800 floor 250000,14,13,4,0.67,7.4,6.5,0.274,0.059,2.052,0.33,0.137,0.876,across-spokepool-7d 21.00,nomad-2022 0.64,2,0,21,82.3,0
size 0.1 fresh 0.02 net1h 0.1 crowd 10 spike 10.0 win 1800 floor 1e+06,14,13,4,0.67,7.4,6.5,0.144,0.059,0.845,0.147,0.137,0.836,across-spokepool-7d 3.50,nomad-2022 0.64,2,0,11,90.2,0
size 0.1 fresh 0.02 net1h 0.1 crowd 10 spike None win 600 floor 250000,14,13,4,0.67,7.4,6.5,0.209,0.044,1.569,0.257,0.091,0.64,across-spokepool-7d 19.25,nomad-2022 0.64,1,0,16,86.3,0
size 0.1 fresh 0.02 net1h 0.1 crowd 10 spike None win 600 floor 1e+06,14,13,4,0.67,7.4,6.5,0.078,0.044,0.362,0.073,0.091,0.601,across-spokepool-7d 1.75,nomad-2022 0.64,1,0,6,94.1,0
size 0.1 fresh 0.02 net1h 0.1 crowd 10 spike None win 1800 floor 250000,14,13,4,0.67,7.4,6.5,0.261,0.059,1.931,0.312,0.137,0.64,across-spokepool-7d 21.00,nomad-2022 0.64,2,0,20,83.1,0
size 0.1 fresh 0.02 net1h 0.1 crowd 10 spike None win 1800 floor 1e+06,14,13,4,0.67,7.4,6.5,0.131,0.059,0.724,0.128,0.137,0.601,across-spokepool-7d 3.50,nomad-2022 0.64,2,0,10,91.0,0
size 0.1 fresh 0.02 net1h 0.1 crowd None spike 6.0 win 600 floor 250000,14,13,4,0.67,7.4,6.5,0.261,0.103,1.569,0.275,0.228,0.706,across-spokepool-7d 19.25,nomad-2022 1.28,3,2,20,83.1,0
size 0.1 fresh 0.02 net1h 0.1 crowd None spike 6.0 win 600 floor 1e+06,14,13,4,0.67,7.4,6.5,0.131,0.103,0.362,0.092,0.228,0.667,across-spokepool-7d 1.75,nomad-2022 1.28,3,2,10,91.0,0
size 0.1 fresh 0.02 net1h 0.1 crowd None spike 6.0 win 1800 floor 250000,14,13,4,0.67,7.4,6.5,0.314,0.117,1.931,0.33,0.273,0.706,across-spokepool-7d 21.00,poly-2021 1.92,4,2,24,80.0,0
size 0.1 fresh 0.02 net1h 0.1 crowd None spike 6.0 win 1800 floor 1e+06,14,13,4,0.67,7.4,6.5,0.183,0.117,0.724,0.147,0.273,0.667,across-spokepool-7d 3.50,poly-2021 1.92,4,2,14,87.8,0
size 0.1 fresh 0.02 net1h 0.1 crowd None spike 10.0 win 600 floor 250000,14,13,4,0.67,7.4,6.5,0.222,0.059,1.569,0.257,0.137,0.693,across-spokepool-7d 19.25,nomad-2022 0.64,1,0,17,85.5,0
size 0.1 fresh 0.02 net1h 0.1 crowd None spike 10.0 win 600 floor 1e+06,14,13,4,0.67,7.4,6.5,0.091,0.059,0.362,0.073,0.137,0.654,across-spokepool-7d 1.75,nomad-2022 0.64,1,0,7,93.3,0
size 0.1 fresh 0.02 net1h 0.1 crowd None spike 10.0 win 1800 floor 250000,14,13,4,0.67,7.4,6.5,0.248,0.059,1.81,0.293,0.137,0.693,across-spokepool-7d 21.00,nomad-2022 0.64,1,0,19,83.9,0
size 0.1 fresh 0.02 net1h 0.1 crowd None spike 10.0 win 1800 floor 1e+06,14,13,4,0.67,7.4,6.5,0.118,0.059,0.603,0.11,0.137,0.654,across-spokepool-7d 3.50,nomad-2022 0.64,1,0,9,91.8,0
size 0.1 fresh 0.02 net1h 0.1 crowd None spike None win 600 floor 250000,14,13,4,0.67,7.4,6.5,0.196,0.044,1.448,0.238,0.091,0.444,across-spokepool-7d 19.25,nomad-2022 0.64,1,0,15,87.0,0
size 0.1 fresh 0.02 net1h 0.1 crowd None spike None win 600 floor 1e+06,14,13,4,0.67,7.4,6.5,0.065,0.044,0.241,0.055,0.091,0.405,across-spokepool-7d 1.75,nomad-2022 0.64,1,0,5,94.9,0
size 0.1 fresh 0.02 net1h 0.1 crowd None spike None win 1800 floor 250000,14,13,4,0.67,7.4,6.5,0.222,0.059,1.569,0.257,0.137,0.444,across-spokepool-7d 21.00,nomad-2022 0.64,1,0,17,85.5,0
size 0.1 fresh 0.02 net1h 0.1 crowd None spike None win 1800 floor 1e+06,14,13,4,0.67,7.4,6.5,0.091,0.059,0.362,0.073,0.137,0.405,across-spokepool-7d 3.50,nomad-2022 0.64,1,0,7,93.3,0
size 0.1 fresh 0.02 net1h 0.2 crowd 5 spike 6.0 win 600 floor 250000,14,14,4,0.667,0.0,6.5,0.314,0.117,1.931,0.348,0.228,1.856,across-spokepool-7d 19.25,nomad-2022 1.28,4,2,24,80.0,0
size 0.1 fresh 0.02 net1h 0.2 crowd 5 spike 6.0 win 600 floor 1e+06,14,14,4,0.667,0.0,6.5,0.183,0.117,0.724,0.165,0.228,1.817,across-spokepool-7d 1.75,nomad-2022 1.28,4,2,14,87.9,0
size 0.1 fresh 0.02 net1h 0.2 crowd 5 spike 6.0 win 1800 floor 250000,14,14,4,0.667,0.0,6.5,0.34,0.132,2.052,0.366,0.273,1.856,across-spokepool-7d 21.00,poly-2021 1.92,4,2,26,78.5,0
size 0.1 fresh 0.02 net1h 0.2 crowd 5 spike 6.0 win 1800 floor 1e+06,14,14,4,0.667,0.0,6.5,0.209,0.132,0.845,0.183,0.273,1.817,across-spokepool-7d 3.50,poly-2021 1.92,4,2,16,86.3,0
size 0.1 fresh 0.02 net1h 0.2 crowd 5 spike 10.0 win 600 floor 250000,14,14,4,0.667,0.0,6.5,0.261,0.073,1.81,0.312,0.137,1.843,across-spokepool-7d 19.25,nomad-2022 0.64,2,0,20,83.2,0
size 0.1 fresh 0.02 net1h 0.2 crowd 5 spike 10.0 win 600 floor 1e+06,14,14,4,0.667,0.0,6.5,0.131,0.073,0.603,0.128,0.137,1.804,across-spokepool-7d 1.75,nomad-2022 0.64,2,0,10,91.0,0
size 0.1 fresh 0.02 net1h 0.2 crowd 5 spike 10.0 win 1800 floor 250000,14,14,4,0.667,0.0,6.5,0.274,0.073,1.931,0.33,0.137,1.843,across-spokepool-7d 21.00,nomad-2022 0.64,2,0,21,82.4,0
size 0.1 fresh 0.02 net1h 0.2 crowd 5 spike 10.0 win 1800 floor 1e+06,14,14,4,0.667,0.0,6.5,0.144,0.073,0.724,0.147,0.137,1.804,across-spokepool-7d 3.50,nomad-2022 0.64,2,0,11,90.3,0
size 0.1 fresh 0.02 net1h 0.2 crowd 5 spike None win 600 floor 250000,14,13,4,0.686,44.2,6.5,0.222,0.059,1.569,0.257,0.137,1.647,across-spokepool-7d 19.25,nomad-2022 0.64,1,0,17,85.1,0
size 0.1 fresh 0.02 net1h 0.2 crowd 5 spike None win 600 floor 1e+06,14,13,4,0.686,44.2,6.5,0.091,0.059,0.362,0.073,0.137,1.608,across-spokepool-7d 1.75,nomad-2022 0.64,1,0,7,92.9,0
size 0.1 fresh 0.02 net1h 0.2 crowd 5 spike None win 1800 floor 250000,14,13,4,0.67,7.4,6.5,0.248,0.059,1.81,0.293,0.137,1.647,across-spokepool-7d 21.00,nomad-2022 0.64,1,0,19,83.9,0
size 0.1 fresh 0.02 net1h 0.2 crowd 5 spike None win 1800 floor 1e+06,14,13,4,0.67,7.4,6.5,0.118,0.059,0.603,0.11,0.137,1.608,across-spokepool-7d 3.50,nomad-2022 0.64,1,0,9,91.8,0
size 0.1 fresh 0.02 net1h 0.2 crowd 10 spike 6.0 win 600 floor 250000,14,13,4,0.67,7.4,6.5,0.301,0.103,1.931,0.33,0.228,0.889,across-spokepool-7d 19.25,nomad-2022 1.28,4,2,23,80.8,0
size 0.1 fresh 0.02 net1h 0.2 crowd 10 spike 6.0 win 600 floor 1e+06,14,13,4,0.67,7.4,6.5,0.17,0.103,0.724,0.147,0.228,0.85,across-spokepool-7d 1.75,nomad-2022 1.28,4,2,13,88.6,0
size 0.1 fresh 0.02 net1h 0.2 crowd 10 spike 6.0 win 1800 floor 250000,14,13,4,0.67,7.4,6.5,0.327,0.117,2.052,0.348,0.273,0.889,across-spokepool-7d 21.00,poly-2021 1.92,4,2,25,79.2,0
size 0.1 fresh 0.02 net1h 0.2 crowd 10 spike 6.0 win 1800 floor 1e+06,14,13,4,0.67,7.4,6.5,0.196,0.117,0.845,0.165,0.273,0.85,across-spokepool-7d 3.50,poly-2021 1.92,4,2,15,87.0,0
size 0.1 fresh 0.02 net1h 0.2 crowd 10 spike 10.0 win 600 floor 250000,14,13,4,0.686,44.2,6.5,0.248,0.059,1.81,0.293,0.137,0.876,across-spokepool-7d 19.25,nomad-2022 0.64,2,0,19,83.5,0
size 0.1 fresh 0.02 net1h 0.2 crowd 10 spike 10.0 win 600 floor 1e+06,14,13,4,0.686,44.2,6.5,0.118,0.059,0.603,0.11,0.137,0.836,across-spokepool-7d 1.75,nomad-2022 0.64,2,0,9,91.4,0
size 0.1 fresh 0.02 net1h 0.2 crowd 10 spike 10.0 win 1800 floor 250000,14,13,4,0.67,7.4,6.5,0.261,0.059,1.931,0.312,0.137,0.876,across-spokepool-7d 21.00,nomad-2022 0.64,2,0,20,83.1,0
size 0.1 fresh 0.02 net1h 0.2 crowd 10 spike 10.0 win 1800 floor 1e+06,14,13,4,0.67,7.4,6.5,0.131,0.059,0.724,0.128,0.137,0.836,across-spokepool-7d 3.50,nomad-2022 0.64,2,0,10,91.0,0
size 0.1 fresh 0.02 net1h 0.2 crowd 10 spike None win 600 floor 250000,14,13,4,0.686,44.2,6.5,0.209,0.044,1.569,0.257,0.091,0.64,across-spokepool-7d 19.25,nomad-2022 0.64,1,0,16,85.9,0
size 0.1 fresh 0.02 net1h 0.2 crowd 10 spike None win 600 floor 1e+06,14,13,4,0.686,44.2,6.5,0.078,0.044,0.362,0.073,0.091,0.601,across-spokepool-7d 1.75,nomad-2022 0.64,1,0,6,93.7,0
size 0.1 fresh 0.02 net1h 0.2 crowd 10 spike None win 1800 floor 250000,14,13,4,0.686,44.2,6.5,0.248,0.059,1.81,0.293,0.137,0.64,across-spokepool-7d 21.00,nomad-2022 0.64,1,0,19,83.5,0
size 0.1 fresh 0.02 net1h 0.2 crowd 10 spike None win 1800 floor 1e+06,14,13,4,0.686,44.2,6.5,0.118,0.059,0.603,0.11,0.137,0.601,across-spokepool-7d 3.50,nomad-2022 0.64,1,0,9,91.4,0
size 0.1 fresh 0.02 net1h 0.2 crowd None spike 6.0 win 600 floor 250000,14,13,4,0.67,7.4,6.5,0.261,0.103,1.569,0.275,0.228,0.706,across-spokepool-7d 19.25,nomad-2022 1.28,3,2,20,83.1,0
size 0.1 fresh 0.02 net1h 0.2 crowd None spike 6.0 win 600 floor 1e+06,14,13,4,0.67,7.4,6.5,0.131,0.103,0.362,0.092,0.228,0.667,across-spokepool-7d 1.75,nomad-2022 1.28,3,2,10,91.0,0
size 0.1 fresh 0.02 net1h 0.2 crowd None spike 6.0 win 1800 floor 250000,14,13,4,0.67,7.4,6.5,0.301,0.117,1.81,0.312,0.273,0.706,across-spokepool-7d 21.00,poly-2021 1.92,3,2,23,80.8,0
size 0.1 fresh 0.02 net1h 0.2 crowd None spike 6.0 win 1800 floor 1e+06,14,13,4,0.67,7.4,6.5,0.17,0.117,0.603,0.128,0.273,0.667,across-spokepool-7d 3.50,poly-2021 1.92,3,2,13,88.6,0
size 0.1 fresh 0.02 net1h 0.2 crowd None spike 10.0 win 600 floor 250000,14,13,4,0.686,44.2,6.5,0.222,0.059,1.569,0.257,0.137,0.693,across-spokepool-7d 19.25,nomad-2022 0.64,1,0,17,85.1,0
size 0.1 fresh 0.02 net1h 0.2 crowd None spike 10.0 win 600 floor 1e+06,14,13,4,0.686,44.2,6.5,0.091,0.059,0.362,0.073,0.137,0.654,across-spokepool-7d 1.75,nomad-2022 0.64,1,0,7,92.9,0
size 0.1 fresh 0.02 net1h 0.2 crowd None spike 10.0 win 1800 floor 250000,14,13,4,0.67,7.4,6.5,0.248,0.059,1.81,0.293,0.137,0.693,across-spokepool-7d 21.00,nomad-2022 0.64,1,0,19,83.9,0
size 0.1 fresh 0.02 net1h 0.2 crowd None spike 10.0 win 1800 floor 1e+06,14,13,4,0.67,7.4,6.5,0.118,0.059,0.603,0.11,0.137,0.654,across-spokepool-7d 3.50,nomad-2022 0.64,1,0,9,91.8,0
size 0.1 fresh 0.02 net1h 0.2 crowd None spike None win 600 floor 250000,14,13,4,0.686,44.2,6.5,0.196,0.044,1.448,0.238,0.091,0.444,across-spokepool-7d 19.25,nomad-2022 0.64,1,0,15,86.7,0
size 0.1 fresh 0.02 net1h 0.2 crowd None spike None win 600 floor 1e+06,14,13,4,0.686,44.2,6.5,0.065,0.044,0.241,0.055,0.091,0.405,across-spokepool-7d 1.75,nomad-2022 0.64,1,0,5,94.5,0
size 0.1 fresh 0.02 net1h 0.2 crowd None spike None win 1800 floor 250000,14,13,4,0.686,44.2,6.5,0.222,0.059,1.569,0.257,0.137,0.444,across-spokepool-7d 21.00,nomad-2022 0.64,1,0,17,85.1,0
size 0.1 fresh 0.02 net1h 0.2 crowd None spike None win 1800 floor 1e+06,14,13,4,0.686,44.2,6.5,0.091,0.059,0.362,0.073,0.137,0.405,across-spokepool-7d 3.50,nomad-2022 0.64,1,0,7,92.9,0
size 0.1 fresh None net1h 0.05 crowd 5 spike 6.0 win 600 floor 250000,14,14,4,0.667,0.0,4.0,0.314,0.117,1.931,0.366,0.182,1.843,across-spokepool-7d 19.25,nomad-2022 1.28,3,1,24,80.0,0
size 0.1 fresh None net1h 0.05 crowd 5 spike 6.0 win 600 floor 1e+06,14,14,4,0.667,0.0,4.0,0.183,0.117,0.724,0.183,0.182,1.804,across-spokepool-7d 1.75,nomad-2022 1.28,3,1,14,87.9,0
size 0.1 fresh None net1h 0.05 crowd 5 spike 6.0 win 1800 floor 250000,14,14,4,0.667,0.0,4.0,0.34,0.132,2.052,0.385,0.228,1.843,across-spokepool-7d 21.00,nomad-2022 1.28,4,2,26,78.5,0
size 0.1 fresh None net1h 0.05 crowd 5 spike 6.0 win 1800 floor 1e+06,14,14,4,0.667,0.0,4.0,0.209,0.132,0.845,0.202,0.228,1.804,across-spokepool-7d 3.50,nomad-2022 1.28,4,2,16,86.3,0
size 0.1 fresh None net1h 0.05 crowd 5 spike 10.0 win 600 floor 250000,14,14,4,0.667,0.0,6.5,0.288,0.103,1.81,0.33,0.182,1.817,across-spokepool-7d 19.25,nomad-2022 1.28,3,1,22,81.6,0
size 0.1 fresh None net1h 0.05 crowd 5 spike 10.0 win 600 floor 1e+06,14,14,4,0.667,0.0,6.5,0.157,0.103,0.603,0.147,0.182,1.778,across-spokepool-7d 1.75,nomad-2022 1.28,3,1,12,89.5,0
size 0.1 fresh None net1h 0.05 crowd 5 spike 10.0 win 1800 floor 250000,14,14,4,0.667,0.0,6.5,0.314,0.103,2.052,0.366,0.182,1.817,across-spokepool-7d 21.00,nomad-2022 1.28,3,1,24,80.0,0
size 0.1 fresh None net1h 0.05 crowd 5 spike 10.0 win 1800 floor 1e+06,14,14,4,0.667,0.0,6.5,0.183,0.103,0.845,0.183,0.182,1.778,across-spokepool-7d 3.50,nomad-2022 1.28,3,1,14,87.9,0
size 0.1 fresh None net1h 0.05 crowd 5 spike None win 600 floor 250000,14,14,4,0.667,0.0,6.5,0.248,0.088,1.569,0.275,0.182,1.621,across-spokepool-7d 19.25,nomad-2022 1.28,2,1,19,84.0,0
size 0.1 fresh None net1h 0.05 crowd 5 spike None win 600 floor 1e+06,14,14,4,0.667,0.0,6.5,0.118,0.088,0.362,0.092,0.182,1.582,across-spokepool-7d 1.75,nomad-2022 1.28,2,1,9,91.8,0
size 0.1 fresh None net1h 0.05 crowd 5 spike None win 1800 floor 250000,14,14,4,0.667,0.0,6.5,0.288,0.088,1.931,0.33,0.182,1.621,across-spokepool-7d 21.00,nomad-2022 1.28,3,1,22,81.6,0
size 0.1 fresh None net1h 0.05 crowd 5 spike None win 1800 floor 1e+06,14,14,4,0.667,0.0,6.5,0.157,0.088,0.724,0.147,0.182,1.582,across-spokepool-7d 3.50,nomad-2022 1.28,3,1,12,89.5,0
size 0.1 fresh None net1h 0.05 crowd 10 spike 6.0 win 600 floor 250000,14,14,4,0.667,0.0,4.0,0.301,0.103,1.931,0.348,0.182,0.876,across-spokepool-7d 19.25,nomad-2022 1.28,3,1,23,80.8,0
size 0.1 fresh None net1h 0.05 crowd 10 spike 6.0 win 600 floor 1e+06,14,14,4,0.667,0.0,4.0,0.17,0.103,0.724,0.165,0.182,0.836,across-spokepool-7d 1.75,nomad-2022 1.28,3,1,13,88.7,0
size 0.1 fresh None net1h 0.05 crowd 10 spike 6.0 win 1800 floor 250000,14,14,4,0.667,0.0,4.0,0.327,0.117,2.052,0.366,0.228,0.876,across-spokepool-7d 21.00,nomad-2022 1.28,4,2,25,79.3,0
size 0.1 fresh None net1h 0.05 crowd 10 spike 6.0 win 1800 floor 1e+06,14,14,4,0.667,0.0,4.0,0.196,0.117,0.845,0.183,0.228,0.836,across-spokepool-7d 3.50,nomad-2022 1.28,4,2,15,87.1,0
size 0.1 fresh None net1h 0.05 crowd 10 spike 10.0 win 600 floor 250000,14,14,4,0.667,0.0,6.5,0.261,0.073,1.81,0.293,0.182,0.85,across-spokepool-7d 19.25,nomad-2022 1.28,3,1,20,83.2,0
size 0.1 fresh None net1h 0.05 crowd 10 spike 10.0 win 600 floor 1e+06,14,14,4,0.667,0.0,6.5,0.131,0.073,0.603,0.11,0.182,0.81,across-spokepool-7d 1.75,nomad-2022 1.28,3,1,10,91.0,0
size 0.1 fresh None net1h 0.05 crowd 10 spike 10.0 win 1800 floor 250000,14,14,4,0.667,0.0,6.5,0.288,0.073,2.052,0.33,0.182,0.85,across-spokepool-7d 21.00,nomad-2022 1.28,3,1,22,81.6,0
size 0.1 fresh None net1h 0.05 crowd 10 spike 10.0 win 1800 floor 1e+06,14,14,4,0.667,0.0,6.5,0.157,0.073,0.845,0.147,0.182,0.81,across-spokepool-7d 3.50,nomad-2022 1.28,3,1,12,89.5,0
size 0.1 fresh None net1h 0.05 crowd 10 spike None win 600 floor 250000,14,13,4,0.686,44.2,6.5,0.235,0.073,1.569,0.257,0.182,0.614,across-spokepool-7d 19.25,nomad-2022 1.28,2,1,18,84.3,0
size 0.1 fresh None net1h 0.05 crowd 10 spike None win 600 floor 1e+06,14,13,4,0.686,44.2,6.5,0.105,0.073,0.362,0.073,0.182,0.575,across-spokepool-7d 1.75,nomad-2022 1.28,2,1,8,92.2,0
size 0.1 fresh None net1h 0.05 crowd 10 spike None win 1800 floor 250000,14,13,4,0.686,44.2,6.5,0.274,0.073,1.931,0.312,0.182,0.614,across-spokepool-7d 21.00,nomad-2022 1.28,3,1,21,81.9,0
size 0.1 fresh None net1h 0.05 crowd 10 spike None win 1800 floor 1e+06,14,13,4,0.686,44.2,6.5,0.144,0.073,0.724,0.128,0.182,0.575,across-spokepool-7d 3.50,nomad-2022 1.28,3,1,11,89.8,0
size 0.1 fresh None net1h 0.05 crowd None spike 6.0 win 600 floor 250000,14,14,4,0.667,0.0,4.0,0.261,0.103,1.569,0.293,0.182,0.693,across-spokepool-7d 19.25,nomad-2022 1.28,2,1,20,83.2,0
size 0.1 fresh None net1h 0.05 crowd None spike 6.0 win 600 floor 1e+06,14,14,4,0.667,0.0,4.0,0.131,0.103,0.362,0.11,0.182,0.654,across-spokepool-7d 1.75,nomad-2022 1.28,2,1,10,91.0,0
size 0.1 fresh None net1h 0.05 crowd None spike 6.0 win 1800 floor 250000,14,14,4,0.667,0.0,4.0,0.314,0.117,1.931,0.348,0.228,0.693,across-spokepool-7d 21.00,nomad-2022 1.28,4,2,24,80.0,0
size 0.1 fresh None net1h 0.05 crowd None spike 6.0 win 1800 floor 1e+06,14,14,4,0.667,0.0,4.0,0.183,0.117,0.724,0.165,0.228,0.654,across-spokepool-7d 3.50,nomad-2022 1.28,4,2,14,87.9,0
size 0.1 fresh None net1h 0.05 crowd None spike 10.0 win 600 floor 250000,14,14,4,0.667,0.0,6.5,0.235,0.073,1.569,0.257,0.182,0.667,across-spokepool-7d 19.25,nomad-2022 1.28,2,1,18,84.8,0
size 0.1 fresh None net1h 0.05 crowd None spike 10.0 win 600 floor 1e+06,14,14,4,0.667,0.0,6.5,0.105,0.073,0.362,0.073,0.182,0.627,across-spokepool-7d 1.75,nomad-2022 1.28,2,1,8,92.6,0
size 0.1 fresh None net1h 0.05 crowd None spike 10.0 win 1800 floor 250000,14,14,4,0.667,0.0,6.5,0.261,0.073,1.81,0.293,0.182,0.667,across-spokepool-7d 21.00,nomad-2022 1.28,2,1,20,83.2,0
size 0.1 fresh None net1h 0.05 crowd None spike 10.0 win 1800 floor 1e+06,14,14,4,0.667,0.0,6.5,0.131,0.073,0.603,0.11,0.182,0.627,across-spokepool-7d 3.50,nomad-2022 1.28,2,1,10,91.0,0
size 0.1 fresh None net1h 0.05 crowd None spike None win 600 floor 250000,14,13,4,0.686,44.2,6.5,0.222,0.073,1.448,0.238,0.182,0.418,across-spokepool-7d 19.25,nomad-2022 1.28,2,1,17,85.1,0
size 0.1 fresh None net1h 0.05 crowd None spike None win 600 floor 1e+06,14,13,4,0.686,44.2,6.5,0.091,0.073,0.241,0.055,0.182,0.379,across-spokepool-7d 1.75,nomad-2022 1.28,2,1,7,92.9,0
size 0.1 fresh None net1h 0.05 crowd None spike None win 1800 floor 250000,14,13,4,0.686,44.2,6.5,0.235,0.073,1.569,0.257,0.182,0.418,across-spokepool-7d 21.00,nomad-2022 1.28,2,1,18,84.3,0
size 0.1 fresh None net1h 0.05 crowd None spike None win 1800 floor 1e+06,14,13,4,0.686,44.2,6.5,0.105,0.073,0.362,0.073,0.182,0.379,across-spokepool-7d 3.50,nomad-2022 1.28,2,1,8,92.2,0
size 0.1 fresh None net1h 0.1 crowd 5 spike 6.0 win 600 floor 250000,13,13,4,0.667,0.0,9.0,0.288,0.088,1.931,0.33,0.182,1.843,across-spokepool-7d 19.25,nomad-2022 1.28,3,1,22,74.6,1
size 0.1 fresh None net1h 0.1 crowd 5 spike 6.0 win 600 floor 1e+06,13,13,4,0.667,0.0,9.0,0.157,0.088,0.724,0.147,0.182,1.804,across-spokepool-7d 1.75,nomad-2022 1.28,3,1,12,82.4,1
size 0.1 fresh None net1h 0.1 crowd 5 spike 6.0 win 1800 floor 250000,13,13,4,0.667,0.0,9.0,0.314,0.103,2.052,0.348,0.228,1.843,across-spokepool-7d 21.00,nomad-2022 1.28,4,2,24,73.0,1
size 0.1 fresh None net1h 0.1 crowd 5 spike 6.0 win 1800 floor 1e+06,13,13,4,0.667,0.0,9.0,0.183,0.103,0.845,0.165,0.228,1.804,across-spokepool-7d 3.50,nomad-2022 1.28,4,2,14,80.8,1
size 0.1 fresh None net1h 0.1 crowd 5 spike 10.0 win 600 floor 250000,13,13,4,0.667,0.0,9.0,0.248,0.059,1.81,0.312,0.091,1.804,across-spokepool-7d 19.25,nomad-2022 0.64,2,0,19,76.9,1
size 0.1 fresh None net1h 0.1 crowd 5 spike 10.0 win 600 floor 1e+06,13,13,4,0.667,0.0,9.0,0.118,0.059,0.603,0.128,0.091,1.764,across-spokepool-7d 1.75,nomad-2022 0.64,2,0,9,84.8,1
size 0.1 fresh None net1h 0.1 crowd 5 spike 10.0 win 1800 floor 250000,13,13,4,0.667,0.0,9.0,0.274,0.059,2.052,0.348,0.091,1.804,across-spokepool-7d 21.00,nomad-2022 0.64,2,0,21,75.3,1
size 0.1 fresh None net1h 0.1 crowd 5 spike 10.0 win 1800 floor 1e+06,13,13,4,0.667,0.0,9.0,0.144,0.059,0.845,0.165,0.091,1.764,across-spokepool-7d 3.50,nomad-2022 0.64,2,0,11,83.2,1
size 0.1 fresh None net1h 0.1 crowd 5 spike None win 600 floor 250000,13,12,4,0.686,44.2,9.0,0.196,0.029,1.569,0.257,0.046,1.608,across-spokepool-7d 19.25,nomad-2022 0.64,1,0,15,79.6,1
size 0.1 fresh None net1h 0.1 crowd 5 spike None win 600 floor 1e+06,13,12,4,0.686,44.2,9.0,0.065,0.029,0.362,0.073,0.046,1.568,across-spokepool-7d 1.75,nomad-2022 0.64,1,0,5,87.5,1
size 0.1 fresh None net1h 0.1 crowd 5 spike None win 1800 floor 250000,13,12,4,0.67,7.4,9.0,0.248,0.044,1.931,0.312,0.091,1.608,across-spokepool-7d 21.00,nomad-2022 0.64,2,0,19,76.8,1
size 0.1 fresh None net1h 0.1 crowd 5 spike None win 1800 floor 1e+06,13,12,4,0.67,7.4,9.0,0.118,0.044,0.724,0.128,0.091,1.568,across-spokepool-7d 3.50,nomad-2022 0.64,2,0,9,84.7,1
size 0.1 fresh None net1h 0.1 crowd 10 spike 6.0 win 600 floor 250000,13,12,4,0.67,7.4,9.0,0.274,0.073,1.931,0.312,0.182,0.876,across-spokepool-7d 19.25,nomad-2022 1.28,3,1,21,75.3,1
size 0.1 fresh None net1h 0.1 crowd 10 spike 6.0 win 600 floor 1e+06,13,12,4,0.67,7.4,9.0,0.144,0.073,0.724,0.128,0.182,0.836,across-spokepool-7d 1.75,nomad-2022 1.28,3,1,11,83.1,1
size 0.1 fresh None net1h 0.1 crowd 10 spike 6.0 win 1800 floor 250000,13,12,4,0.67,7.4,9.0,0.301,0.088,2.052,0.33,0.228,0.876,across-spokepool-7d 21.00,nomad-2022 1.28,4,2,23,73.7,1
size 0.1 fresh None net1h 0.1 crowd 10 spike 6.0 win 1800 floor 1e+06,13,12,4,0.67,7.4,9.0,0.17,0.088,0.845,0.147,0.228,0.836,across-spokepool-7d 3.50,nomad-2022 1.28,4,2,13,81.6,1
size 0.1 fresh None net1h 0.1 crowd 10 spike 10.0 win 600 floor 250000,13,12,4,0.686,44.2,9.0,0.222,0.029,1.81,0.275,0.091,0.836,across-spokepool-7d 19.25,nomad-2022 0.64,2,0,17,78.0,1
size 0.1 fresh None net1h 0.1 crowd 10 spike 10.0 win 600 floor 1e+06,13,12,4,0.686,44.2,9.0,0.091,0.029,0.603,0.092,0.091,0.797,across-spokepool-7d 1.75,nomad-2022 0.64,2,0,7,85.9,1
size 0.1 fresh None net1h 0.1 crowd 10 spike 10.0 win 1800 floor 250000,13,12,4,0.67,7.4,9.0,0.248,0.029,2.052,0.312,0.091,0.836,across-spokepool-7d 21.00,nomad-2022 0.64,2,0,19,76.8,1
size 0.1 fresh None net1h 0.1 crowd 10 spike 10.0 win 1800 floor 1e+06,13,12,4,0.67,7.4,9.0,0.118,0.029,0.845,0.128,0.091,0.797,across-spokepool-7d 3.50,nomad-2022 0.64,2,0,9,84.7,1
size 0.1 fresh None net1h 0.1 crowd 10 spike None win 600 floor 250000,13,12,4,0.686,44.2,9.0,0.183,0.015,1.569,0.238,0.046,0.601,across-spokepool-7d 19.25,nomad-2022 0.64,1,0,14,80.4,1
size 0.1 fresh None net1h 0.1 crowd 10 spike None win 600 floor 1e+06,13,12,4,0.686,44.2,9.0,0.052,0.015,0.362,0.055,0.046,0.562,across-spokepool-7d 1.75,nomad-2022 0.64,1,0,4,88.2,1
size 0.1 fresh None net1h 0.1 crowd 10 spike None win 1800 floor 250000,13,12,4,0.686,44.2,9.0,0.222,0.015,1.931,0.293,0.046,0.601,across-spokepool-7d 21.00,nomad-2022 0.64,2,0,17,78.0,1
size 0.1 fresh None net1h 0.1 crowd 10 spike None win 1800 floor 1e+06,13,12,4,0.686,44.2,9.0,0.091,0.015,0.724,0.11,0.046,0.562,across-spokepool-7d 3.50,nomad-2022 0.64,2,0,7,85.9,1
size 0.1 fresh None net1h 0.1 crowd None spike 6.0 win 600 floor 250000,13,12,4,0.67,7.4,9.0,0.235,0.073,1.569,0.257,0.182,0.693,across-spokepool-7d 19.25,nomad-2022 1.28,2,1,18,77.6,1
size 0.1 fresh None net1h 0.1 crowd None spike 6.0 win 600 floor 1e+06,13,12,4,0.67,7.4,9.0,0.105,0.073,0.362,0.073,0.182,0.654,across-spokepool-7d 1.75,nomad-2022 1.28,2,1,8,85.5,1
size 0.1 fresh None net1h 0.1 crowd None spike 6.0 win 1800 floor 250000,13,12,4,0.67,7.4,9.0,0.288,0.088,1.931,0.312,0.228,0.693,across-spokepool-7d 21.00,nomad-2022 1.28,4,2,22,74.5,1
size 0.1 fresh None net1h 0.1 crowd None spike 6.0 win 1800 floor 1e+06,13,12,4,0.67,7.4,9.0,0.157,0.088,0.724,0.128,0.228,0.654,across-spokepool-7d 3.50,nomad-2022 1.28,4,2,12,82.3,1
size 0.1 fresh None net1h 0.1 crowd None spike 10.0 win 600 floor 250000,13,12,4,0.686,44.2,9.0,0.196,0.029,1.569,0.238,0.091,0.654,across-spokepool-7d 19.25,nomad-2022 0.64,1,0,15,79.6,1
size 0.1 fresh None net1h 0.1 crowd None spike 10.0 win 600 floor 1e+06,13,12,4,0.686,44.2,9.0,0.065,0.029,0.362,0.055,0.091,0.614,across-spokepool-7d 1.75,nomad-2022 0.64,1,0,5,87.5,1
size 0.1 fresh None net1h 0.1 crowd None spike 10.0 win 1800 floor 250000,13,12,4,0.67,7.4,9.0,0.222,0.029,1.81,0.275,0.091,0.654,across-spokepool-7d 21.00,nomad-2022 0.64,1,0,17,78.4,1
size 0.1 fresh None net1h 0.1 crowd None spike 10.0 win 1800 floor 1e+06,13,12,4,0.67,7.4,9.0,0.091,0.029,0.603,0.092,0.091,0.614,across-spokepool-7d 3.50,nomad-2022 0.64,1,0,7,86.3,1
size 0.1 fresh None net1h 0.1 crowd None spike None win 600 floor 250000,13,12,4,0.686,44.2,9.0,0.17,0.015,1.448,0.22,0.046,0.405,across-spokepool-7d 19.25,nomad-2022 0.64,1,0,13,81.2,1
size 0.1 fresh None net1h 0.1 crowd None spike None win 600 floor 1e+06,13,12,4,0.686,44.2,9.0,0.039,0.015,0.241,0.037,0.046,0.366,across-spokepool-7d 1.75,nomad-2022 0.64,1,0,3,89.0,1
size 0.1 fresh None net1h 0.1 crowd None spike None win 1800 floor 250000,13,12,4,0.686,44.2,9.0,0.183,0.015,1.569,0.238,0.046,0.405,across-spokepool-7d 21.00,nomad-2022 0.64,1,0,14,80.4,1
size 0.1 fresh None net1h 0.1 crowd None spike None win 1800 floor 1e+06,13,12,4,0.686,44.2,9.0,0.052,0.015,0.362,0.055,0.046,0.366,across-spokepool-7d 3.50,nomad-2022 0.64,1,0,4,88.2,1
size 0.1 fresh None net1h 0.2 crowd 5 spike 6.0 win 600 floor 250000,13,13,4,0.667,0.0,9.0,0.288,0.088,1.931,0.33,0.182,1.843,across-spokepool-7d 19.25,nomad-2022 1.28,3,1,22,74.6,1
size 0.1 fresh None net1h 0.2 crowd 5 spike 6.0 win 600 floor 1e+06,13,13,4,0.667,0.0,9.0,0.157,0.088,0.724,0.147,0.182,1.804,across-spokepool-7d 1.75,nomad-2022 1.28,3,1,12,82.4,1
size 0.1 fresh None net1h 0.2 crowd 5 spike 6.0 win 1800 floor 250000,13,13,4,0.667,0.0,9.0,0.314,0.103,2.052,0.348,0.228,1.843,across-spokepool-7d 21.00,nomad-2022 1.28,4,2,24,73.0,1
size 0.1 fresh None net1h 0.2 crowd 5 spike 6.0 win 1800 floor 1e+06,13,13,4,0.667,0.0,9.0,0.183,0.103,0.845,0.165,0.228,1.804,across-spokepool-7d 3.50,nomad-2022 1.28,4,2,14,80.8,1
size 0.1 fresh None net1h 0.2 crowd 5 spike 10.0 win 600 floor 250000,13,13,4,0.667,0.0,9.0,0.248,0.059,1.81,0.312,0.091,1.804,across-spokepool-7d 19.25,nomad-2022 0.64,2,0,19,76.9,1
size 0.1 fresh None net1h 0.2 crowd 5 spike 10.0 win 600 floor 1e+06,13,13,4,0.667,0.0,9.0,0.118,0.059,0.603,0.128,0.091,1.764,across-spokepool-7d 1.75,nomad-2022 0.64,2,0,9,84.8,1
size 0.1 fresh None net1h 0.2 crowd 5 spike 10.0 win 1800 floor 250000,13,13,4,0.667,0.0,9.0,0.261,0.059,1.931,0.33,0.091,1.804,across-spokepool-7d 21.00,nomad-2022 0.64,2,0,20,76.1,1
size 0.1 fresh None net1h 0.2 crowd 5 spike 10.0 win 1800 floor 1e+06,13,13,4,0.667,0.0,9.0,0.131,0.059,0.724,0.147,0.091,1.764,across-spokepool-7d 3.50,nomad-2022 0.64,2,0,10,84.0,1
size 0.1 fresh None net1h 0.2 crowd 5 spike None win 600 floor 250000,13,12,4,0.686,44.2,9.0,0.196,0.029,1.569,0.257,0.046,1.608,across-spokepool-7d 19.25,nomad-2022 0.64,1,0,15,79.6,1
size 0.1 fresh None net1h 0.2 crowd 5 spike None win 600 floor 1e+06,13,12,4,0.686,44.2,9.0,0.065,0.029,0.362,0.073,0.046,1.568,across-spokepool-7d 1.75,nomad-2022 0.64,1,0,5,87.5,1
size 0.1 fresh None net1h 0.2 crowd 5 spike None win 1800 floor 250000,13,12,4,0.686,44.2,9.0,0.235,0.044,1.81,0.293,0.091,1.608,across-spokepool-7d 21.00,nomad-2022 0.64,1,0,18,77.2,1
size 0.1 fresh None net1h 0.2 crowd 5 spike None win 1800 floor 1e+06,13,12,4,0.686,44.2,9.0,0.105,0.044,0.603,0.11,0.091,1.568,across-spokepool-7d 3.50,nomad-2022 0.64,1,0,8,85.1,1
size 0.1 fresh None net1h 0.2 crowd 10 spike 6.0 win 600 floor 250000,13,12,4,0.686,44.2,9.0,0.274,0.073,1.931,0.312,0.182,0.876,across-spokepool-7d 19.25,nomad-2022 1.28,3,1,21,74.9,1
size 0.1 fresh None net1h 0.2 crowd 10 spike 6.0 win 600 floor 1e+06,13,12,4,0.686,44.2,9.0,0.144,0.073,0.724,0.128,0.182,0.836,across-spokepool-7d 1.75,nomad-2022 1.28,3,1,11,82.7,1
size 0.1 fresh None net1h 0.2 crowd 10 spike 6.0 win 1800 floor 250000,13,12,4,0.686,44.2,9.0,0.301,0.088,2.052,0.33,0.228,0.876,across-spokepool-7d 21.00,nomad-2022 1.28,4,2,23,73.3,1
size 0.1 fresh None net1h 0.2 crowd 10 spike 6.0 win 1800 floor 1e+06,13,12,4,0.686,44.2,9.0,0.17,0.088,0.845,0.147,0.228,0.836,across-spokepool-7d 3.50,nomad-2022 1.28,4,2,13,81.2,1
size 0.1 fresh None net1h 0.2 crowd 10 spike 10.0 win 600 floor 250000,13,12,4,0.686,44.2,9.0,0.222,0.029,1.81,0.275,0.091,0.836,across-spokepool-7d 19.25,nomad-2022 0.64,2,0,17,78.0,1
size 0.1 fresh None net1h 0.2 crowd 10 spike 10.0 win 600 floor 1e+06,13,12,4,0.686,44.2,9.0,0.091,0.029,0.603,0.092,0.091,0.797,across-spokepool-7d 1.75,nomad-2022 0.64,2,0,7,85.9,1
size 0.1 fresh None net1h 0.2 crowd 10 spike 10.0 win 1800 floor 250000,13,12,4,0.686,44.2,9.0,0.235,0.029,1.931,0.293,0.091,0.836,across-spokepool-7d 21.00,nomad-2022 0.64,2,0,18,77.2,1
size 0.1 fresh None net1h 0.2 crowd 10 spike 10.0 win 1800 floor 1e+06,13,12,4,0.686,44.2,9.0,0.105,0.029,0.724,0.11,0.091,0.797,across-spokepool-7d 3.50,nomad-2022 0.64,2,0,8,85.1,1
size 0.1 fresh None net1h 0.2 crowd 10 spike None win 600 floor 250000,13,12,4,0.686,44.2,9.0,0.17,0.0,1.569,0.238,0.0,0.601,across-spokepool-7d 19.25,force-bridge-2025 0.00,1,0,13,81.2,1
size 0.1 fresh None net1h 0.2 crowd 10 spike None win 600 floor 1e+06,13,12,4,0.686,44.2,9.0,0.039,0.0,0.362,0.055,0.0,0.562,across-spokepool-7d 1.75,force-bridge-2025 0.00,1,0,3,89.0,1
size 0.1 fresh None net1h 0.2 crowd 10 spike None win 1800 floor 250000,13,12,4,0.686,44.2,9.0,0.196,0.0,1.81,0.275,0.0,0.601,across-spokepool-7d 21.00,force-bridge-2025 0.00,1,0,15,79.6,1
size 0.1 fresh None net1h 0.2 crowd 10 spike None win 1800 floor 1e+06,13,12,4,0.686,44.2,9.0,0.065,0.0,0.603,0.092,0.0,0.562,across-spokepool-7d 3.50,force-bridge-2025 0.00,1,0,5,87.5,1
size 0.1 fresh None net1h 0.2 crowd None spike 6.0 win 600 floor 250000,13,12,4,0.686,44.2,9.0,0.235,0.073,1.569,0.257,0.182,0.693,across-spokepool-7d 19.25,nomad-2022 1.28,2,1,18,77.2,1
size 0.1 fresh None net1h 0.2 crowd None spike 6.0 win 600 floor 1e+06,13,12,4,0.686,44.2,9.0,0.105,0.073,0.362,0.073,0.182,0.654,across-spokepool-7d 1.75,nomad-2022 1.28,2,1,8,85.1,1
size 0.1 fresh None net1h 0.2 crowd None spike 6.0 win 1800 floor 250000,13,12,4,0.686,44.2,9.0,0.274,0.088,1.81,0.293,0.228,0.693,across-spokepool-7d 21.00,nomad-2022 1.28,3,2,21,74.9,1
size 0.1 fresh None net1h 0.2 crowd None spike 6.0 win 1800 floor 1e+06,13,12,4,0.686,44.2,9.0,0.144,0.088,0.603,0.11,0.228,0.654,across-spokepool-7d 3.50,nomad-2022 1.28,3,2,11,82.7,1
size 0.1 fresh None net1h 0.2 crowd None spike 10.0 win 600 floor 250000,13,12,4,0.686,44.2,9.0,0.196,0.029,1.569,0.238,0.091,0.654,across-spokepool-7d 19.25,nomad-2022 0.64,1,0,15,79.6,1
size 0.1 fresh None net1h 0.2 crowd None spike 10.0 win 600 floor 1e+06,13,12,4,0.686,44.2,9.0,0.065,0.029,0.362,0.055,0.091,0.614,across-spokepool-7d 1.75,nomad-2022 0.64,1,0,5,87.5,1
size 0.1 fresh None net1h 0.2 crowd None spike 10.0 win 1800 floor 250000,13,12,4,0.686,44.2,9.0,0.222,0.029,1.81,0.275,0.091,0.654,across-spokepool-7d 21.00,nomad-2022 0.64,1,0,17,78.0,1
size 0.1 fresh None net1h 0.2 crowd None spike 10.0 win 1800 floor 1e+06,13,12,4,0.686,44.2,9.0,0.091,0.029,0.603,0.092,0.091,0.614,across-spokepool-7d 3.50,nomad-2022 0.64,1,0,7,85.9,1
size 0.1 fresh None net1h 0.2 crowd None spike None win 600 floor 250000,13,12,4,0.686,44.2,9.0,0.157,0.0,1.448,0.22,0.0,0.405,across-spokepool-7d 19.25,force-bridge-2025 0.00,1,0,12,82.0,1
size 0.1 fresh None net1h 0.2 crowd None spike None win 600 floor 1e+06,13,12,4,0.686,44.2,9.0,0.026,0.0,0.241,0.037,0.0,0.366,across-spokepool-7d 1.75,force-bridge-2025 0.00,1,0,2,89.8,1
size 0.1 fresh None net1h 0.2 crowd None spike None win 1800 floor 250000,13,12,4,0.686,44.2,9.0,0.17,0.0,1.569,0.238,0.0,0.405,across-spokepool-7d 21.00,force-bridge-2025 0.00,1,0,13,81.2,1
size 0.1 fresh None net1h 0.2 crowd None spike None win 1800 floor 1e+06,13,12,4,0.686,44.2,9.0,0.039,0.0,0.362,0.055,0.0,0.366,across-spokepool-7d 3.50,force-bridge-2025 0.00,1,0,3,89.0,1
size 0.2 fresh 0.005 net1h 0.05 crowd 5 spike 6.0 win 600 floor 250000,14,14,4,0.667,0.0,4.0,0.405,0.191,2.172,0.44,0.319,2.235,across-spokepool-7d 19.25,poly-2021 2.55,4,2,31,74.5,0
size 0.2 fresh 0.005 net1h 0.05 crowd 5 spike 6.0 win 600 floor 1e+06,14,14,4,0.667,0.0,4.0,0.248,0.191,0.724,0.22,0.319,1.974,poly-2021 2.55,poly-2021 2.55,4,2,19,84.0,0
size 0.2 fresh 0.005 net1h 0.05 crowd 5 spike 6.0 win 1800 floor 250000,14,14,4,0.667,0.0,4.0,0.444,0.22,2.293,0.476,0.365,2.235,across-spokepool-7d 21.00,poly-2021 3.19,4,2,34,72.2,0
size 0.2 fresh 0.005 net1h 0.05 crowd 5 spike 6.0 win 1800 floor 1e+06,14,14,4,0.667,0.0,4.0,0.274,0.205,0.845,0.238,0.365,1.974,across-spokepool-7d 3.50,poly-2021 3.19,4,2,21,82.4,0
size 0.2 fresh 0.005 net1h 0.05 crowd 5 spike 10.0 win 600 floor 250000,14,14,4,0.667,0.0,4.0,0.379,0.161,2.172,0.44,0.228,2.235,across-spokepool-7d 19.25,nomad-2022 1.28,4,2,29,76.1,0
size 0.2 fresh 0.005 net1h 0.05 crowd 5 spike 10.0 win 600 floor 1e+06,14,14,4,0.667,0.0,4.0,0.209,0.161,0.603,0.202,0.228,1.974,across-spokepool-7d 1.75,nomad-2022 1.28,4,2,16,86.3,0
size 0.2 fresh 0.005 net1h 0.05 crowd 5 spike 10.0 win 1800 floor 250000,14,14,4,0.667,0.0,4.0,0.405,0.176,2.293,0.476,0.228,2.235,across-spokepool-7d 21.00,nomad-2022 1.28,4,2,31,74.5,0
size 0.2 fresh 0.005 net1h 0.05 crowd 5 spike 10.0 win 1800 floor 1e+06,14,14,4,0.667,0.0,4.0,0.235,0.161,0.845,0.238,0.228,1.974,across-spokepool-7d 3.50,nomad-2022 1.28,4,2,18,84.8,0
size 0.2 fresh 0.005 net1h 0.05 crowd 5 spike None win 600 floor 250000,14,14,4,0.667,0.0,4.0,0.353,0.132,2.172,0.403,0.228,2.052,across-spokepool-7d 19.25,nomad-2022 1.28,4,2,27,77.7,0
size 0.2 fresh 0.005 net1h 0.05 crowd 5 spike None win 600 floor 1e+06,14,14,4,0.667,0.0,4.0,0.157,0.132,0.362,0.128,0.228,1.791,across-spokepool-7d 1.75,nomad-2022 1.28,3,2,12,89.5,0
size 0.2 fresh 0.005 net1h 0.05 crowd 5 spike None win 1800 floor 250000,14,14,4,0.667,0.0,4.0,0.379,0.147,2.293,0.44,0.228,2.052,across-spokepool-7d 21.00,nomad-2022 1.28,4,2,29,76.1,0
size 0.2 fresh 0.005 net1h 0.05 crowd 5 spike None win 1800 floor 1e+06,14,14,4,0.667,0.0,4.0,0.196,0.132,0.724,0.183,0.228,1.791,across-spokepool-7d 3.50,nomad-2022 1.28,4,2,15,87.1,0
size 0.2 fresh 0.005 net1h 0.05 crowd 10 spike 6.0 win 600 floor 250000,14,14,4,0.667,0.0,4.0,0.34,0.147,1.931,0.366,0.273,1.346,across-spokepool-7d 19.25,poly-2021 1.92,4,2,26,78.5,0
size 0.2 fresh 0.005 net1h 0.05 crowd 10 spike 6.0 win 600 floor 1e+06,14,14,4,0.667,0.0,4.0,0.209,0.147,0.724,0.183,0.273,1.033,poly-2021 1.92,poly-2021 1.92,4,2,16,86.3,0
size 0.2 fresh 0.005 net1h 0.05 crowd 10 spike 6.0 win 1800 floor 250000,14,14,4,0.667,0.0,4.0,0.366,0.161,2.052,0.385,0.319,1.346,across-spokepool-7d 21.00,poly-2021 2.55,4,2,28,76.9,0
size 0.2 fresh 0.005 net1h 0.05 crowd 10 spike 6.0 win 1800 floor 1e+06,14,14,4,0.667,0.0,4.0,0.235,0.161,0.845,0.202,0.319,1.033,across-spokepool-7d 3.50,poly-2021 2.55,4,2,18,84.8,0
size 0.2 fresh 0.005 net1h 0.05 crowd 10 spike 10.0 win 600 floor 250000,14,14,4,0.667,0.0,4.0,0.314,0.117,1.931,0.366,0.182,1.346,across-spokepool-7d 19.25,nomad-2022 1.28,3,1,24,80.0,0
size 0.2 fresh 0.005 net1h 0.05 crowd 10 spike 10.0 win 600 floor 1e+06,14,14,4,0.667,0.0,4.0,0.17,0.117,0.603,0.165,0.182,1.033,across-spokepool-7d 1.75,nomad-2022 1.28,3,1,13,88.7,0
size 0.2 fresh 0.005 net1h 0.05 crowd 10 spike 10.0 win 1800 floor 250000,14,14,4,0.667,0.0,4.0,0.327,0.117,2.052,0.385,0.182,1.346,across-spokepool-7d 21.00,nomad-2022 1.28,3,1,25,79.3,0
size 0.2 fresh 0.005 net1h 0.05 crowd 10 spike 10.0 win 1800 floor 1e+06,14,14,4,0.667,0.0,4.0,0.196,0.117,0.845,0.202,0.182,1.033,across-spokepool-7d 3.50,nomad-2022 1.28,3,1,15,87.1,0
size 0.2 fresh 0.005 net1h 0.05 crowd 10 spike None win 600 floor 250000,14,14,4,0.667,0.0,4.0,0.301,0.103,1.931,0.348,0.182,1.124,across-spokepool-7d 19.25,nomad-2022 1.28,3,1,23,80.8,0
size 0.2 fresh 0.005 net1h 0.05 crowd 10 spike None win 600 floor 1e+06,14,14,4,0.667,0.0,4.0,0.131,0.103,0.362,0.11,0.182,0.81,across-spokepool-7d 1.75,nomad-2022 1.28,2,1,10,91.0,0
size 0.2 fresh 0.005 net1h 0.05 crowd 10 spike None win 1800 floor 250000,14,14,4,0.667,0.0,4.0,0.314,0.103,2.052,0.366,0.182,1.124,across-spokepool-7d 21.00,nomad-2022 1.28,3,1,24,80.0,0
size 0.2 fresh 0.005 net1h 0.05 crowd 10 spike None win 1800 floor 1e+06,14,14,4,0.667,0.0,4.0,0.17,0.103,0.724,0.165,0.182,0.81,across-spokepool-7d 3.50,nomad-2022 1.28,3,1,13,88.7,0
size 0.2 fresh 0.005 net1h 0.05 crowd None spike 6.0 win 600 floor 250000,14,14,4,0.667,0.0,4.0,0.34,0.147,1.931,0.366,0.273,1.163,across-spokepool-7d 19.25,poly-2021 1.92,4,2,26,78.5,0
size 0.2 fresh 0.005 net1h 0.05 crowd None spike 6.0 win 600 floor 1e+06,14,14,4,0.667,0.0,4.0,0.17,0.147,0.362,0.128,0.273,0.85,poly-2021 1.92,poly-2021 1.92,3,2,13,88.7,0
size 0.2 fresh 0.005 net1h 0.05 crowd None spike 6.0 win 1800 floor 250000,14,14,4,0.667,0.0,4.0,0.366,0.161,2.052,0.385,0.319,1.163,across-spokepool-7d 21.00,poly-2021 2.55,4,2,28,76.9,0
size 0.2 fresh 0.005 net1h 0.05 crowd None spike 6.0 win 1800 floor 1e+06,14,14,4,0.667,0.0,4.0,0.222,0.161,0.724,0.183,0.319,0.85,across-spokepool-7d 3.50,poly-2021 2.55,4,2,17,85.5,0
size 0.2 fresh 0.005 net1h 0.05 crowd None spike 10.0 win 600 floor 250000,14,14,4,0.667,0.0,4.0,0.301,0.117,1.81,0.348,0.182,1.163,across-spokepool-7d 19.25,nomad-2022 1.28,3,1,23,80.8,0
size 0.2 fresh 0.005 net1h 0.05 crowd None spike 10.0 win 600 floor 1e+06,14,14,4,0.667,0.0,4.0,0.144,0.117,0.362,0.128,0.182,0.85,across-spokepool-7d 1.75,nomad-2022 1.28,2,1,11,90.3,0
size 0.2 fresh 0.005 net1h 0.05 crowd None spike 10.0 win 1800 floor 250000,14,14,4,0.667,0.0,4.0,0.327,0.117,2.052,0.385,0.182,1.163,across-spokepool-7d 21.00,nomad-2022 1.28,3,1,25,79.3,0
size 0.2 fresh 0.005 net1h 0.05 crowd None spike 10.0 win 1800 floor 1e+06,14,14,4,0.667,0.0,4.0,0.17,0.117,0.603,0.165,0.182,0.85,across-spokepool-7d 3.50,nomad-2022 1.28,2,1,13,88.7,0
size 0.2 fresh 0.005 net1h 0.05 crowd None spike None win 600 floor 250000,14,14,4,0.667,0.0,4.0,0.261,0.103,1.569,0.293,0.182,0.941,across-spokepool-7d 19.25,nomad-2022 1.28,2,1,20,83.2,0
size 0.2 fresh 0.005 net1h 0.05 crowd None spike None win 600 floor 1e+06,14,14,4,0.667,0.0,4.0,0.118,0.103,0.241,0.092,0.182,0.614,across-spokepool-7d 1.75,nomad-2022 1.28,2,1,9,91.8,0
size 0.2 fresh 0.005 net1h 0.05 crowd None spike None win 1800 floor 250000,14,14,4,0.667,0.0,4.0,0.301,0.103,1.931,0.348,0.182,0.941,across-spokepool-7d 21.00,nomad-2022 1.28,3,1,23,80.8,0
size 0.2 fresh 0.005 net1h 0.05 crowd None spike None win 1800 floor 1e+06,14,14,4,0.667,0.0,4.0,0.131,0.103,0.362,0.11,0.182,0.614,across-spokepool-7d 3.50,nomad-2022 1.28,2,1,10,91.0,0
size 0.2 fresh 0.005 net1h 0.1 crowd 5 spike 6.0 win 600 floor 250000,14,14,4,0.667,0.0,4.0,0.392,0.176,2.172,0.421,0.319,2.235,across-spokepool-7d 19.25,poly-2021 2.55,4,2,30,75.3,0
size 0.2 fresh 0.005 net1h 0.1 crowd 5 spike 6.0 win 600 floor 1e+06,14,14,4,0.667,0.0,4.0,0.235,0.176,0.724,0.202,0.319,1.974,poly-2021 2.55,poly-2021 2.55,4,2,18,84.8,0
size 0.2 fresh 0.005 net1h 0.1 crowd 5 spike 6.0 win 1800 floor 250000,14,14,4,0.667,0.0,4.0,0.431,0.205,2.293,0.458,0.365,2.235,across-spokepool-7d 21.00,poly-2021 3.19,4,2,33,73.0,0
size 0.2 fresh 0.005 net1h 0.1 crowd 5 spike 6.0 win 1800 floor 1e+06,14,14,4,0.667,0.0,4.0,0.261,0.191,0.845,0.22,0.365,1.974,across-spokepool-7d 3.50,poly-2021 3.19,4,2,20,83.2,0
size 0.2 fresh 0.005 net1h 0.1 crowd 5 spike 10.0 win 600 floor 250000,14,14,4,0.667,0.0,6.5,0.34,0.117,2.172,0.403,0.182,2.235,across-spokepool-7d 19.25,poly-2021 1.28,3,1,26,78.5,0
size 0.2 fresh 0.005 net1h 0.1 crowd 5 spike 10.0 win 600 floor 1e+06,14,14,4,0.667,0.0,6.5,0.17,0.117,0.603,0.165,0.182,1.974,across-spokepool-7d 1.75,poly-2021 1.28,3,1,13,88.7,0
size 0.2 fresh 0.005 net1h 0.1 crowd 5 spike 10.0 win 1800 floor 250000,14,14,4,0.667,0.0,6.5,0.366,0.132,2.293,0.44,0.182,2.235,across-spokepool-7d 21.00,poly-2021 1.28,3,1,28,76.9,0
size 0.2 fresh 0.005 net1h 0.1 crowd 5 spike 10.0 win 1800 floor 1e+06,14,14,4,0.667,0.0,6.5,0.196,0.117,0.845,0.202,0.182,1.974,across-spokepool-7d 3.50,poly-2021 1.28,3,1,15,87.1,0
size 0.2 fresh 0.005 net1h 0.1 crowd 5 spike None win 600 floor 250000,14,14,4,0.667,0.0,6.5,0.314,0.088,2.172,0.366,0.182,2.052,across-spokepool-7d 19.25,poly-2021 1.28,3,1,24,80.0,0
size 0.2 fresh 0.005 net1h 0.1 crowd 5 spike None win 600 floor 1e+06,14,14,4,0.667,0.0,6.5,0.118,0.088,0.362,0.092,0.182,1.791,across-spokepool-7d 1.75,poly-2021 1.28,2,1,9,91.8,0
size 0.2 fresh 0.005 net1h 0.1 crowd 5 spike None win 1800 floor 250000,14,14,4,0.667,0.0,6.5,0.34,0.103,2.293,0.403,0.182,2.052,across-spokepool-7d 21.00,poly-2021 1.28,3,1,26,78.5,0
size 0.2 fresh 0.005 net1h 0.1 crowd 5 spike None win 1800 floor 1e+06,14,14,4,0.667,0.0,6.5,0.157,0.088,0.724,0.147,0.182,1.791,across-spokepool-7d 3.50,poly-2021 1.28,3,1,12,89.5,0
size 0.2 fresh 0.005 net1h 0.1 crowd 10 spike 6.0 win 600 floor 250000,14,14,4,0.667,0.0,4.0,0.327,0.132,1.931,0.348,0.273,1.346,across-spokepool-7d 19.25,poly-2021 1.92,4,2,25,79.3,0
size 0.2 fresh 0.005 net1h 0.1 crowd 10 spike 6.0 win 600 floor 1e+06,14,14,4,0.667,0.0,4.0,0.196,0.132,0.724,0.165,0.273,1.033,poly-2021 1.92,poly-2021 1.92,4,2,15,87.1,0
size 0.2 fresh 0.005 net1h 0.1 crowd 10 spike 6.0 win 1800 floor 250000,14,14,4,0.667,0.0,4.0,0.353,0.147,2.052,0.366,0.319,1.346,across-spokepool-7d 21.00,poly-2021 2.55,4,2,27,77.7,0
size 0.2 fresh 0.005 net1h 0.1 crowd 10 spike 6.0 win 1800 floor 1e+06,14,14,4,0.667,0.0,4.0,0.222,0.147,0.845,0.183,0.319,1.033,across-spokepool-7d 3.50,poly-2021 2.55,4,2,17,85.5,0
size 0.2 fresh 0.005 net1h 0.1 crowd 10 spike 10.0 win 600 floor 250000,14,14,4,0.667,0.0,6.5,0.274,0.073,1.931,0.33,0.137,1.346,across-spokepool-7d 19.25,nomad-2022 0.64,2,0,21,82.4,0
size 0.2 fresh 0.005 net1h 0.1 crowd 10 spike 10.0 win 600 floor 1e+06,14,14,4,0.667,0.0,6.5,0.131,0.073,0.603,0.128,0.137,1.033,across-spokepool-7d 1.75,nomad-2022 0.64,2,0,10,91.0,0
size 0.2 fresh 0.005 net1h 0.1 crowd 10 spike 10.0 win 1800 floor 250000,14,14,4,0.667,0.0,6.5,0.288,0.073,2.052,0.348,0.137,1.346,across-spokepool-7d 21.00,nomad-2022 0.64,2,0,22,81.6,0
size 0.2 fresh 0.005 net1h 0.1 crowd 10 spike 10.0 win 1800 floor 1e+06,14,14,4,0.667,0.0,6.5,0.157,0.073,0.845,0.165,0.137,1.033,across-spokepool-7d 3.50,nomad-2022 0.64,2,0,12,89.5,0
size 0.2 fresh 0.005 net1h 0.1 crowd 10 spike None win 600 floor 250000,14,13,4,0.67,7.4,6.5,0.248,0.044,1.931,0.312,0.091,1.124,across-spokepool-7d 19.25,nomad-2022 0.64,2,0,19,83.9,0
size 0.2 fresh 0.005 net1h 0.1 crowd 10 spike None win 600 floor 1e+06,14,13,4,0.67,7.4,6.5,0.078,0.044,0.362,0.073,0.091,0.81,across-spokepool-7d 1.75,nomad-2022 0.64,1,0,6,94.1,0
size 0.2 fresh 0.005 net1h 0.1 crowd 10 spike None win 1800 floor 250000,14,13,4,0.67,7.4,6.5,0.274,0.059,2.052,0.33,0.137,1.124,across-spokepool-7d 21.00,nomad-2022 0.64,2,0,21,82.3,0
size 0.2 fresh 0.005 net1h 0.1 crowd 10 spike None win 1800 floor 1e+06,14,13,4,0.67,7.4,6.5,0.131,0.059,0.724,0.128,0.137,0.81,across-spokepool-7d 3.50,nomad-2022 0.64,2,0,10,91.0,0
size 0.2 fresh 0.005 net1h 0.1 crowd None spike 6.0 win 600 floor 250000,14,14,4,0.667,0.0,4.0,0.327,0.132,1.931,0.348,0.273,1.163,across-spokepool-7d 19.25,poly-2021 1.92,4,2,25,79.3,0
size 0.2 fresh 0.005 net1h 0.1 crowd None spike 6.0 win 600 floor 1e+06,14,14,4,0.667,0.0,4.0,0.157,0.132,0.362,0.11,0.273,0.85,poly-2021 1.92,poly-2021 1.92,3,2,12,89.5,0
size 0.2 fresh 0.005 net1h 0.1 crowd None spike 6.0 win 1800 floor 250000,14,14,4,0.667,0.0,4.0,0.353,0.147,2.052,0.366,0.319,1.163,across-spokepool-7d 21.00,poly-2021 2.55,4,2,27,77.7,0
size 0.2 fresh 0.005 net1h 0.1 crowd None spike 6.0 win 1800 floor 1e+06,14,14,4,0.667,0.0,4.0,0.209,0.147,0.724,0.165,0.319,0.85,across-spokepool-7d 3.50,poly-2021 2.55,4,2,16,86.3,0
size 0.2 fresh 0.005 net1h 0.1 crowd None spike 10.0 win 600 floor 250000,14,14,4,0.667,0.0,6.5,0.261,0.073,1.81,0.312,0.137,1.163,across-spokepool-7d 19.25,nomad-2022 0.64,2,0,20,83.2,0
size 0.2 fresh 0.005 net1h 0.1 crowd None spike 10.0 win 600 floor 1e+06,14,14,4,0.667,0.0,6.5,0.105,0.073,0.362,0.092,0.137,0.85,across-spokepool-7d 1.75,nomad-2022 0.64,1,0,8,92.6,0
size 0.2 fresh 0.005 net1h 0.1 crowd None spike 10.0 win 1800 floor 250000,14,14,4,0.667,0.0,6.5,0.288,0.073,2.052,0.348,0.137,1.163,across-spokepool-7d 21.00,nomad-2022 0.64,2,0,22,81.6,0
size 0.2 fresh 0.005 net1h 0.1 crowd None spike 10.0 win 1800 floor 1e+06,14,14,4,0.667,0.0,6.5,0.131,0.073,0.603,0.128,0.137,0.85,across-spokepool-7d 3.50,nomad-2022 0.64,1,0,10,91.0,0
size 0.2 fresh 0.005 net1h 0.1 crowd None spike None win 600 floor 250000,14,13,4,0.67,7.4,6.5,0.209,0.044,1.569,0.257,0.091,0.941,across-spokepool-7d 19.25,nomad-2022 0.64,1,0,16,86.3,0
size 0.2 fresh 0.005 net1h 0.1 crowd None spike None win 600 floor 1e+06,14,13,4,0.67,7.4,6.5,0.065,0.044,0.241,0.055,0.091,0.614,across-spokepool-7d 1.75,nomad-2022 0.64,1,0,5,94.9,0
size 0.2 fresh 0.005 net1h 0.1 crowd None spike None win 1800 floor 250000,14,13,4,0.67,7.4,6.5,0.261,0.059,1.931,0.312,0.137,0.941,across-spokepool-7d 21.00,nomad-2022 0.64,2,0,20,83.1,0
size 0.2 fresh 0.005 net1h 0.1 crowd None spike None win 1800 floor 1e+06,14,13,4,0.67,7.4,6.5,0.091,0.059,0.362,0.073,0.137,0.614,across-spokepool-7d 3.50,nomad-2022 0.64,1,0,7,93.3,0
size 0.2 fresh 0.005 net1h 0.2 crowd 5 spike 6.0 win 600 floor 250000,14,14,4,0.667,0.0,4.0,0.392,0.176,2.172,0.421,0.319,2.235,across-spokepool-7d 19.25,poly-2021 2.55,4,2,30,75.3,0
size 0.2 fresh 0.005 net1h 0.2 crowd 5 spike 6.0 win 600 floor 1e+06,14,14,4,0.667,0.0,4.0,0.235,0.176,0.724,0.202,0.319,1.974,poly-2021 2.55,poly-2021 2.55,4,2,18,84.8,0
size 0.2 fresh 0.005 net1h 0.2 crowd 5 spike 6.0 win 1800 floor 250000,14,14,4,0.667,0.0,4.0,0.431,0.205,2.293,0.458,0.365,2.235,across-spokepool-7d 21.00,poly-2021 3.19,4,2,33,73.0,0
size 0.2 fresh 0.005 net1h 0.2 crowd 5 spike 6.0 win 1800 floor 1e+06,14,14,4,0.667,0.0,4.0,0.261,0.191,0.845,0.22,0.365,1.974,across-spokepool-7d 3.50,poly-2021 3.19,4,2,20,83.2,0
size 0.2 fresh 0.005 net1h 0.2 crowd 5 spike 10.0 win 600 floor 250000,14,14,4,0.667,0.0,6.5,0.34,0.117,2.172,0.403,0.182,2.235,across-spokepool-7d 19.25,poly-2021 1.28,3,1,26,78.5,0
size 0.2 fresh 0.005 net1h 0.2 crowd 5 spike 10.0 win 600 floor 1e+06,14,14,4,0.667,0.0,6.5,0.17,0.117,0.603,0.165,0.182,1.974,across-spokepool-7d 1.75,poly-2021 1.28,3,1,13,88.7,0
size 0.2 fresh 0.005 net1h 0.2 crowd 5 spike 10.0 win 1800 floor 250000,14,14,4,0.667,0.0,6.5,0.366,0.132,2.293,0.44,0.182,2.235,across-spokepool-7d 21.00,poly-2021 1.28,3,1,28,76.9,0
size 0.2 fresh 0.005 net1h 0.2 crowd 5 spike 10.0 win 1800 floor 1e+06,14,14,4,0.667,0.0,6.5,0.183,0.117,0.724,0.183,0.182,1.974,across-spokepool-7d 3.50,poly-2021 1.28,3,1,14,87.9,0
size 0.2 fresh 0.005 net1h 0.2 crowd 5 spike None win 600 floor 250000,14,14,4,0.667,0.0,6.5,0.314,0.088,2.172,0.366,0.182,2.052,across-spokepool-7d 19.25,poly-2021 1.28,3,1,24,80.0,0
size 0.2 fresh 0.005 net1h 0.2 crowd 5 spike None win 600 floor 1e+06,14,14,4,0.667,0.0,6.5,0.118,0.088,0.362,0.092,0.182,1.791,across-spokepool-7d 1.75,poly-2021 1.28,2,1,9,91.8,0
size 0.2 fresh 0.005 net1h 0.2 crowd 5 spike None win 1800 floor 250000,14,14,4,0.667,0.0,6.5,0.34,0.103,2.293,0.403,0.182,2.052,across-spokepool-7d 21.00,poly-2021 1.28,3,1,26,78.5,0
size 0.2 fresh 0.005 net1h 0.2 crowd 5 spike None win 1800 floor 1e+06,14,14,4,0.667,0.0,6.5,0.144,0.088,0.603,0.128,0.182,1.791,across-spokepool-7d 3.50,poly-2021 1.28,2,1,11,90.3,0
size 0.2 fresh 0.005 net1h 0.2 crowd 10 spike 6.0 win 600 floor 250000,14,14,4,0.667,0.0,4.0,0.327,0.132,1.931,0.348,0.273,1.346,across-spokepool-7d 19.25,poly-2021 1.92,4,2,25,79.3,0
size 0.2 fresh 0.005 net1h 0.2 crowd 10 spike 6.0 win 600 floor 1e+06,14,14,4,0.667,0.0,4.0,0.196,0.132,0.724,0.165,0.273,1.033,poly-2021 1.92,poly-2021 1.92,4,2,15,87.1,0
size 0.2 fresh 0.005 net1h 0.2 crowd 10 spike 6.0 win 1800 floor 250000,14,14,4,0.667,0.0,4.0,0.353,0.147,2.052,0.366,0.319,1.346,across-spokepool-7d 21.00,poly-2021 2.55,4,2,27,77.7,0
size 0.2 fresh 0.005 net1h 0.2 crowd 10 spike 6.0 win 1800 floor 1e+06,14,14,4,0.667,0.0,4.0,0.222,0.147,0.845,0.183,0.319,1.033,across-spokepool-7d 3.50,poly-2021 2.55,4,2,17,85.5,0
size 0.2 fresh 0.005 net1h 0.2 crowd 10 spike 10.0 win 600 floor 250000,14,14,4,0.667,0.0,6.5,0.274,0.073,1.931,0.33,0.137,1.346,across-spokepool-7d 19.25,nomad-2022 0.64,2,0,21,82.4,0
size 0.2 fresh 0.005 net1h 0.2 crowd 10 spike 10.0 win 600 floor 1e+06,14,14,4,0.667,0.0,6.5,0.131,0.073,0.603,0.128,0.137,1.033,across-spokepool-7d 1.75,nomad-2022 0.64,2,0,10,91.0,0
size 0.2 fresh 0.005 net1h 0.2 crowd 10 spike 10.0 win 1800 floor 250000,14,14,4,0.667,0.0,6.5,0.288,0.073,2.052,0.348,0.137,1.346,across-spokepool-7d 21.00,nomad-2022 0.64,2,0,22,81.6,0
size 0.2 fresh 0.005 net1h 0.2 crowd 10 spike 10.0 win 1800 floor 1e+06,14,14,4,0.667,0.0,6.5,0.144,0.073,0.724,0.147,0.137,1.033,across-spokepool-7d 3.50,nomad-2022 0.64,2,0,11,90.3,0
size 0.2 fresh 0.005 net1h 0.2 crowd 10 spike None win 600 floor 250000,14,13,4,0.686,44.2,6.5,0.248,0.044,1.931,0.312,0.091,1.124,across-spokepool-7d 19.25,nomad-2022 0.64,2,0,19,83.5,0
size 0.2 fresh 0.005 net1h 0.2 crowd 10 spike None win 600 floor 1e+06,14,13,4,0.686,44.2,6.5,0.078,0.044,0.362,0.073,0.091,0.81,across-spokepool-7d 1.75,nomad-2022 0.64,1,0,6,93.7,0
size 0.2 fresh 0.005 net1h 0.2 crowd 10 spike None win 1800 floor 250000,14,13,4,0.686,44.2,6.5,0.274,0.059,2.052,0.33,0.137,1.124,across-spokepool-7d 21.00,nomad-2022 0.64,2,0,21,81.9,0
size 0.2 fresh 0.005 net1h 0.2 crowd 10 spike None win 1800 floor 1e+06,14,13,4,0.686,44.2,6.5,0.118,0.059,0.603,0.11,0.137,0.81,across-spokepool-7d 3.50,nomad-2022 0.64,1,0,9,91.4,0
size 0.2 fresh 0.005 net1h 0.2 crowd None spike 6.0 win 600 floor 250000,14,14,4,0.667,0.0,4.0,0.327,0.132,1.931,0.348,0.273,1.163,across-spokepool-7d 19.25,poly-2021 1.92,4,2,25,79.3,0
size 0.2 fresh 0.005 net1h 0.2 crowd None spike 6.0 win 600 floor 1e+06,14,14,4,0.667,0.0,4.0,0.157,0.132,0.362,0.11,0.273,0.85,poly-2021 1.92,poly-2021 1.92,3,2,12,89.5,0
size 0.2 fresh 0.005 net1h 0.2 crowd None spike 6.0 win 1800 floor 250000,14,14,4,0.667,0.0,4.0,0.353,0.147,2.052,0.366,0.319,1.163,across-spokepool-7d 21.00,poly-2021 2.55,4,2,27,77.7,0
size 0.2 fresh 0.005 net1h 0.2 crowd None spike 6.0 win 1800 floor 1e+06,14,14,4,0.667,0.0,4.0,0.196,0.147,0.603,0.147,0.319,0.85,across-spokepool-7d 3.50,poly-2021 2.55,3,2,15,87.1,0
size 0.2 fresh 0.005 net1h 0.2 crowd None spike 10.0 win 600 floor 250000,14,14,4,0.667,0.0,6.5,0.261,0.073,1.81,0.312,0.137,1.163,across-spokepool-7d 19.25,nomad-2022 0.64,2,0,20,83.2,0
size 0.2 fresh 0.005 net1h 0.2 crowd None spike 10.0 win 600 floor 1e+06,14,14,4,0.667,0.0,6.5,0.105,0.073,0.362,0.092,0.137,0.85,across-spokepool-7d 1.75,nomad-2022 0.64,1,0,8,92.6,0
size 0.2 fresh 0.005 net1h 0.2 crowd None spike 10.0 win 1800 floor 250000,14,14,4,0.667,0.0,6.5,0.274,0.073,1.931,0.33,0.137,1.163,across-spokepool-7d 21.00,nomad-2022 0.64,2,0,21,82.4,0
size 0.2 fresh 0.005 net1h 0.2 crowd None spike 10.0 win 1800 floor 1e+06,14,14,4,0.667,0.0,6.5,0.131,0.073,0.603,0.128,0.137,0.85,across-spokepool-7d 3.50,nomad-2022 0.64,1,0,10,91.0,0
size 0.2 fresh 0.005 net1h 0.2 crowd None spike None win 600 floor 250000,14,13,4,0.686,44.2,6.5,0.209,0.044,1.569,0.257,0.091,0.941,across-spokepool-7d 19.25,nomad-2022 0.64,1,0,16,85.9,0
size 0.2 fresh 0.005 net1h 0.2 crowd None spike None win 600 floor 1e+06,14,13,4,0.686,44.2,6.5,0.065,0.044,0.241,0.055,0.091,0.614,across-spokepool-7d 1.75,nomad-2022 0.64,1,0,5,94.5,0
size 0.2 fresh 0.005 net1h 0.2 crowd None spike None win 1800 floor 250000,14,13,4,0.686,44.2,6.5,0.248,0.059,1.81,0.293,0.137,0.941,across-spokepool-7d 21.00,nomad-2022 0.64,1,0,19,83.5,0
size 0.2 fresh 0.005 net1h 0.2 crowd None spike None win 1800 floor 1e+06,14,13,4,0.686,44.2,6.5,0.091,0.059,0.362,0.073,0.137,0.614,across-spokepool-7d 3.50,nomad-2022 0.64,1,0,7,92.9,0
size 0.2 fresh 0.01 net1h 0.05 crowd 5 spike 6.0 win 600 floor 250000,14,14,4,0.667,0.0,4.0,0.379,0.176,2.052,0.403,0.319,1.921,across-spokepool-7d 19.25,poly-2021 2.55,4,2,29,76.1,0
size 0.2 fresh 0.01 net1h 0.05 crowd 5 spike 6.0 win 600 floor 1e+06,14,14,4,0.667,0.0,4.0,0.235,0.176,0.724,0.202,0.319,1.843,poly-2021 2.55,poly-2021 2.55,4,2,18,84.8,0
size 0.2 fresh 0.01 net1h 0.05 crowd 5 spike 6.0 win 1800 floor 250000,14,14,4,0.667,0.0,4.0,0.405,0.191,2.172,0.421,0.365,1.921,across-spokepool-7d 21.00,poly-2021 3.19,4,2,31,74.5,0
size 0.2 fresh 0.01 net1h 0.05 crowd 5 spike 6.0 win 1800 floor 1e+06,14,14,4,0.667,0.0,4.0,0.261,0.191,0.845,0.22,0.365,1.843,across-spokepool-7d 3.50,poly-2021 3.19,4,2,20,83.2,0
size 0.2 fresh 0.01 net1h 0.05 crowd 5 spike 10.0 win 600 floor 250000,14,14,4,0.667,0.0,4.0,0.34,0.147,1.931,0.385,0.228,1.921,across-spokepool-7d 19.25,nomad-2022 1.28,4,2,26,78.5,0
size 0.2 fresh 0.01 net1h 0.05 crowd 5 spike 10.0 win 600 floor 1e+06,14,14,4,0.667,0.0,4.0,0.196,0.147,0.603,0.183,0.228,1.843,across-spokepool-7d 1.75,nomad-2022 1.28,4,2,15,87.1,0
size 0.2 fresh 0.01 net1h 0.05 crowd 5 spike 10.0 win 1800 floor 250000,14,14,4,0.667,0.0,4.0,0.366,0.147,2.172,0.421,0.228,1.921,across-spokepool-7d 21.00,nomad-2022 1.28,4,2,28,76.9,0
size 0.2 fresh 0.01 net1h 0.05 crowd 5 spike 10.0 win 1800 floor 1e+06,14,14,4,0.667,0.0,4.0,0.222,0.147,0.845,0.22,0.228,1.843,across-spokepool-7d 3.50,nomad-2022 1.28,4,2,17,85.5,0
size 0.2 fresh 0.01 net1h 0.05 crowd 5 spike None win 600 floor 250000,14,14,4,0.667,0.0,4.0,0.288,0.117,1.69,0.312,0.228,1.738,across-spokepool-7d 19.25,nomad-2022 1.28,3,2,22,81.6,0
size 0.2 fresh 0.01 net1h 0.05 crowd 5 spike None win 600 floor 1e+06,14,14,4,0.667,0.0,4.0,0.144,0.117,0.362,0.11,0.228,1.66,across-spokepool-7d 1.75,nomad-2022 1.28,3,2,11,90.3,0
size 0.2 fresh 0.01 net1h 0.05 crowd 5 spike None win 1800 floor 250000,14,14,4,0.667,0.0,4.0,0.327,0.117,2.052,0.366,0.228,1.738,across-spokepool-7d 21.00,nomad-2022 1.28,4,2,25,79.3,0
size 0.2 fresh 0.01 net1h 0.05 crowd 5 spike None win 1800 floor 1e+06,14,14,4,0.667,0.0,4.0,0.183,0.117,0.724,0.165,0.228,1.66,across-spokepool-7d 3.50,nomad-2022 1.28,4,2,14,87.9,0
size 0.2 fresh 0.01 net1h 0.05 crowd 10 spike 6.0 win 600 floor 250000,14,14,4,0.667,0.0,4.0,0.34,0.147,1.931,0.366,0.273,0.98,across-spokepool-7d 19.25,poly-2021 1.92,4,2,26,78.5,0
size 0.2 fresh 0.01 net1h 0.05 crowd 10 spike 6.0 win 600 floor 1e+06,14,14,4,0.667,0.0,4.0,0.209,0.147,0.724,0.183,0.273,0.889,poly-2021 1.92,poly-2021 1.92,4,2,16,86.3,0
size 0.2 fresh 0.01 net1h 0.05 crowd 10 spike 6.0 win 1800 floor 250000,14,14,4,0.667,0.0,4.0,0.366,0.161,2.052,0.385,0.319,0.98,across-spokepool-7d 21.00,poly-2021 2.55,4,2,28,76.9,0
size 0.2 fresh 0.01 net1h 0.05 crowd 10 spike 6.0 win 1800 floor 1e+06,14,14,4,0.667,0.0,4.0,0.235,0.161,0.845,0.202,0.319,0.889,across-spokepool-7d 3.50,poly-2021 2.55,4,2,18,84.8,0
size 0.2 fresh 0.01 net1h 0.05 crowd 10 spike 10.0 win 600 floor 250000,14,14,4,0.667,0.0,4.0,0.301,0.117,1.81,0.348,0.182,0.98,across-spokepool-7d 19.25,nomad-2022 1.28,3,1,23,80.8,0
size 0.2 fresh 0.01 net1h 0.05 crowd 10 spike 10.0 win 600 floor 1e+06,14,14,4,0.667,0.0,4.0,0.17,0.117,0.603,0.165,0.182,0.889,across-spokepool-7d 1.75,nomad-2022 1.28,3,1,13,88.7,0
size 0.2 fresh 0.01 net1h 0.05 crowd 10 spike 10.0 win 1800 floor 250000,14,14,4,0.667,0.0,4.0,0.327,0.117,2.052,0.385,0.182,0.98,across-spokepool-7d 21.00,nomad-2022 1.28,3,1,25,79.3,0
size 0.2 fresh 0.01 net1h 0.05 crowd 10 spike 10.0 win 1800 floor 1e+06,14,14,4,0.667,0.0,4.0,0.196,0.117,0.845,0.202,0.182,0.889,across-spokepool-7d 3.50,nomad-2022 1.28,3,1,15,87.1,0
size 0.2 fresh 0.01 net1h 0.05 crowd 10 spike None win 600 floor 250000,14,14,4,0.667,0.0,4.0,0.261,0.103,1.569,0.293,0.182,0.758,across-spokepool-7d 19.25,nomad-2022 1.28,2,1,20,83.2,0
size 0.2 fresh 0.01 net1h 0.05 crowd 10 spike None win 600 floor 1e+06,14,14,4,0.667,0.0,4.0,0.131,0.103,0.362,0.11,0.182,0.667,across-spokepool-7d 1.75,nomad-2022 1.28,2,1,10,91.0,0
size 0.2 fresh 0.01 net1h 0.05 crowd 10 spike None win 1800 floor 250000,14,14,4,0.667,0.0,4.0,0.301,0.103,1.931,0.348,0.182,0.758,across-spokepool-7d 21.00,nomad-2022 1.28,3,1,23,80.8,0
size 0.2 fresh 0.01 net1h 0.05 crowd 10 spike None win 1800 floor 1e+06,14,14,4,0.667,0.0,4.0,0.17,0.103,0.724,0.165,0.182,0.667,across-spokepool-7d 3.50,nomad-2022 1.28,3,1,13,88.7,0
size 0.2 fresh 0.01 net1h 0.05 crowd None spike 6.0 win 600 floor 250000,14,14,4,0.667,0.0,4.0,0.301,0.147,1.569,0.312,0.273,0.797,across-spokepool-7d 19.25,poly-2021 1.92,3,2,23,80.8,0
size 0.2 fresh 0.01 net1h 0.05 crowd None spike 6.0 win 600 floor 1e+06,14,14,4,0.667,0.0,4.0,0.17,0.147,0.362,0.128,0.273,0.706,poly-2021 1.92,poly-2021 1.92,3,2,13,88.7,0
size 0.2 fresh 0.01 net1h 0.05 crowd None spike 6.0 win 1800 floor 250000,14,14,4,0.667,0.0,4.0,0.353,0.161,1.931,0.366,0.319,0.797,across-spokepool-7d 21.00,poly-2021 2.55,4,2,27,77.7,0
size 0.2 fresh 0.01 net1h 0.05 crowd None spike 6.0 win 1800 floor 1e+06,14,14,4,0.667,0.0,4.0,0.222,0.161,0.724,0.183,0.319,0.706,across-spokepool-7d 3.50,poly-2021 2.55,4,2,17,85.5,0
size 0.2 fresh 0.01 net1h 0.05 crowd None spike 10.0 win 600 floor 250000,14,14,4,0.667,0.0,4.0,0.274,0.117,1.569,0.312,0.182,0.797,across-spokepool-7d 19.25,nomad-2022 1.28,2,1,21,82.4,0
size 0.2 fresh 0.01 net1h 0.05 crowd None spike 10.0 win 600 floor 1e+06,14,14,4,0.667,0.0,4.0,0.144,0.117,0.362,0.128,0.182,0.706,across-spokepool-7d 1.75,nomad-2022 1.28,2,1,11,90.3,0
size 0.2 fresh 0.01 net1h 0.05 crowd None spike 10.0 win 1800 floor 250000,14,14,4,0.667,0.0,4.0,0.301,0.117,1.81,0.348,0.182,0.797,across-spokepool-7d 21.00,nomad-2022 1.28,2,1,23,80.8,0
size 0.2 fresh 0.01 net1h 0.05 crowd None spike 10.0 win 1800 floor 1e+06,14,14,4,0.667,0.0,4.0,0.17,0.117,0.603,0.165,0.182,0.706,across-spokepool-7d 3.50,nomad-2022 1.28,2,1,13,88.7,0
size 0.2 fresh 0.01 net1h 0.05 crowd None spike None win 600 floor 250000,14,14,4,0.667,0.0,4.0,0.248,0.103,1.448,0.275,0.182,0.562,across-spokepool-7d 19.25,nomad-2022 1.28,2,1,19,84.0,0
size 0.2 fresh 0.01 net1h 0.05 crowd None spike None win 600 floor 1e+06,14,14,4,0.667,0.0,4.0,0.118,0.103,0.241,0.092,0.182,0.471,across-spokepool-7d 1.75,nomad-2022 1.28,2,1,9,91.8,0
size 0.2 fresh 0.01 net1h 0.05 crowd None spike None win 1800 floor 250000,14,14,4,0.667,0.0,4.0,0.261,0.103,1.569,0.293,0.182,0.562,across-spokepool-7d 21.00,nomad-2022 1.28,2,1,20,83.2,0
size 0.2 fresh 0.01 net1h 0.05 crowd None spike None win 1800 floor 1e+06,14,14,4,0.667,0.0,4.0,0.131,0.103,0.362,0.11,0.182,0.471,across-spokepool-7d 3.50,nomad-2022 1.28,2,1,10,91.0,0
size 0.2 fresh 0.01 net1h 0.1 crowd 5 spike 6.0 win 600 floor 250000,14,14,4,0.667,0.0,4.0,0.366,0.161,2.052,0.385,0.319,1.921,across-spokepool-7d 19.25,poly-2021 2.55,4,2,28,76.9,0
size 0.2 fresh 0.01 net1h 0.1 crowd 5 spike 6.0 win 600 floor 1e+06,14,14,4,0.667,0.0,4.0,0.222,0.161,0.724,0.183,0.319,1.843,poly-2021 2.55,poly-2021 2.55,4,2,17,85.5,0
size 0.2 fresh 0.01 net1h 0.1 crowd 5 spike 6.0 win 1800 floor 250000,14,14,4,0.667,0.0,4.0,0.392,0.176,2.172,0.403,0.365,1.921,across-spokepool-7d 21.00,poly-2021 3.19,4,2,30,75.3,0
size 0.2 fresh 0.01 net1h 0.1 crowd 5 spike 6.0 win 1800 floor 1e+06,14,14,4,0.667,0.0,4.0,0.248,0.176,0.845,0.202,0.365,1.843,across-spokepool-7d 3.50,poly-2021 3.19,4,2,19,84.0,0
size 0.2 fresh 0.01 net1h 0.1 crowd 5 spike 10.0 win 600 floor 250000,14,14,4,0.667,0.0,6.5,0.301,0.103,1.931,0.348,0.182,1.921,across-spokepool-7d 19.25,poly-2021 1.28,3,1,23,80.8,0
size 0.2 fresh 0.01 net1h 0.1 crowd 5 spike 10.0 win 600 floor 1e+06,14,14,4,0.667,0.0,6.5,0.157,0.103,0.603,0.147,0.182,1.843,across-spokepool-7d 1.75,poly-2021 1.28,3,1,12,89.5,0
size 0.2 fresh 0.01 net1h 0.1 crowd 5 spike 10.0 win 1800 floor 250000,14,14,4,0.667,0.0,6.5,0.327,0.103,2.172,0.385,0.182,1.921,across-spokepool-7d 21.00,poly-2021 1.28,3,1,25,79.3,0
size 0.2 fresh 0.01 net1h 0.1 crowd 5 spike 10.0 win 1800 floor 1e+06,14,14,4,0.667,0.0,6.5,0.183,0.103,0.845,0.183,0.182,1.843,across-spokepool-7d 3.50,poly-2021 1.28,3,1,14,87.9,0
size 0.2 fresh 0.01 net1h 0.1 crowd 5 spike None win 600 floor 250000,14,14,4,0.667,0.0,6.5,0.248,0.073,1.69,0.275,0.182,1.738,across-spokepool-7d 19.25,poly-2021 1.28,2,1,19,84.0,0
size 0.2 fresh 0.01 net1h 0.1 crowd 5 spike None win 600 floor 1e+06,14,14,4,0.667,0.0,6.5,0.105,0.073,0.362,0.073,0.182,1.66,across-spokepool-7d 1.75,poly-2021 1.28,2,1,8,92.6,0
size 0.2 fresh 0.01 net1h 0.1 crowd 5 spike None win 1800 floor 250000,14,14,4,0.667,0.0,6.5,0.288,0.073,2.052,0.33,0.182,1.738,across-spokepool-7d 21.00,poly-2021 1.28,3,1,22,81.6,0
size 0.2 fresh 0.01 net1h 0.1 crowd 5 spike None win 1800 floor 1e+06,14,14,4,0.667,0.0,6.5,0.144,0.073,0.724,0.128,0.182,1.66,across-spokepool-7d 3.50,poly-2021 1.28,3,1,11,90.3,0
size 0.2 fresh 0.01 net1h 0.1 crowd 10 spike 6.0 win 600 floor 250000,14,14,4,0.667,0.0,4.0,0.327,0.132,1.931,0.348,0.273,0.98,across-spokepool-7d 19.25,poly-2021 1.92,4,2,25,79.3,0
size 0.2 fresh 0.01 net1h 0.1 crowd 10 spike 6.0 win 600 floor 1e+06,14,14,4,0.667,0.0,4.0,0.196,0.132,0.724,0.165,0.273,0.889,poly-2021 1.92,poly-2021 1.92,4,2,15,87.1,0
size 0.2 fresh 0.01 net1h 0.1 crowd 10 spike 6.0 win 1800 floor 250000,14,14,4,0.667,0.0,4.0,0.353,0.147,2.052,0.366,0.319,0.98,across-spokepool-7d 21.00,poly-2021 2.55,4,2,27,77.7,0
size 0.2 fresh 0.01 net1h 0.1 crowd 10 spike 6.0 win 1800 floor 1e+06,14,14,4,0.667,0.0,4.0,0.222,0.147,0.845,0.183,0.319,0.889,across-spokepool-7d 3.50,poly-2021 2.55,4,2,17,85.5,0
size 0.2 fresh 0.01 net1h 0.1 crowd 10 spike 10.0 win 600 floor 250000,14,14,4,0.667,0.0,6.5,0.261,0.073,1.81,0.312,0.137,0.98,across-spokepool-7d 19.25,nomad-2022 0.64,2,0,20,83.2,0
size 0.2 fresh 0.01 net1h 0.1 crowd 10 spike 10.0 win 600 floor 1e+06,14,14,4,0.667,0.0,6.5,0.131,0.073,0.603,0.128,0.137,0.889,across-spokepool-7d 1.75,nomad-2022 0.64,2,0,10,91.0,0
size 0.2 fresh 0.01 net1h 0.1 crowd 10 spike 10.0 win 1800 floor 250000,14,14,4,0.667,0.0,6.5,0.288,0.073,2.052,0.348,0.137,0.98,across-spokepool-7d 21.00,nomad-2022 0.64,2,0,22,81.6,0
size 0.2 fresh 0.01 net1h 0.1 crowd 10 spike 10.0 win 1800 floor 1e+06,14,14,4,0.667,0.0,6.5,0.157,0.073,0.845,0.165,0.137,0.889,across-spokepool-7d 3.50,nomad-2022 0.64,2,0,12,89.5,0
size 0.2 fresh 0.01 net1h 0.1 crowd 10 spike None win 600 floor 250000,14,13,4,0.67,7.4,6.5,0.209,0.044,1.569,0.257,0.091,0.758,across-spokepool-7d 19.25,nomad-2022 0.64,1,0,16,86.3,0
size 0.2 fresh 0.01 net1h 0.1 crowd 10 spike None win 600 floor 1e+06,14,13,4,0.67,7.4,6.5,0.078,0.044,0.362,0.073,0.091,0.667,across-spokepool-7d 1.75,nomad-2022 0.64,1,0,6,94.1,0
size 0.2 fresh 0.01 net1h 0.1 crowd 10 spike None win 1800 floor 250000,14,13,4,0.67,7.4,6.5,0.261,0.059,1.931,0.312,0.137,0.758,across-spokepool-7d 21.00,nomad-2022 0.64,2,0,20,83.1,0
size 0.2 fresh 0.01 net1h 0.1 crowd 10 spike None win 1800 floor 1e+06,14,13,4,0.67,7.4,6.5,0.131,0.059,0.724,0.128,0.137,0.667,across-spokepool-7d 3.50,nomad-2022 0.64,2,0,10,91.0,0
size 0.2 fresh 0.01 net1h 0.1 crowd None spike 6.0 win 600 floor 250000,14,14,4,0.667,0.0,4.0,0.288,0.132,1.569,0.293,0.273,0.797,across-spokepool-7d 19.25,poly-2021 1.92,3,2,22,81.6,0
size 0.2 fresh 0.01 net1h 0.1 crowd None spike 6.0 win 600 floor 1e+06,14,14,4,0.667,0.0,4.0,0.157,0.132,0.362,0.11,0.273,0.706,poly-2021 1.92,poly-2021 1.92,3,2,12,89.5,0
size 0.2 fresh 0.01 net1h 0.1 crowd None spike 6.0 win 1800 floor 250000,14,14,4,0.667,0.0,4.0,0.34,0.147,1.931,0.348,0.319,0.797,across-spokepool-7d 21.00,poly-2021 2.55,4,2,26,78.5,0
size 0.2 fresh 0.01 net1h 0.1 crowd None spike 6.0 win 1800 floor 1e+06,14,14,4,0.667,0.0,4.0,0.209,0.147,0.724,0.165,0.319,0.706,across-spokepool-7d 3.50,poly-2021 2.55,4,2,16,86.3,0
size 0.2 fresh 0.01 net1h 0.1 crowd None spike 10.0 win 600 floor 250000,14,14,4,0.667,0.0,6.5,0.235,0.073,1.569,0.275,0.137,0.797,across-spokepool-7d 19.25,nomad-2022 0.64,1,0,18,84.8,0
size 0.2 fresh 0.01 net1h 0.1 crowd None spike 10.0 win 600 floor 1e+06,14,14,4,0.667,0.0,6.5,0.105,0.073,0.362,0.092,0.137,0.706,across-spokepool-7d 1.75,nomad-2022 0.64,1,0,8,92.6,0
size 0.2 fresh 0.01 net1h 0.1 crowd None spike 10.0 win 1800 floor 250000,14,14,4,0.667,0.0,6.5,0.261,0.073,1.81,0.312,0.137,0.797,across-spokepool-7d 21.00,nomad-2022 0.64,1,0,20,83.2,0
size 0.2 fresh 0.01 net1h 0.1 crowd None spike 10.0 win 1800 floor 1e+06,14,14,4,0.667,0.0,6.5,0.131,0.073,0.603,0.128,0.137,0.706,across-spokepool-7d 3.50,nomad-2022 0.64,1,0,10,91.0,0
size 0.2 fresh 0.01 net1h 0.1 crowd None spike None win 600 floor 250000,14,13,4,0.67,7.4,6.5,0.196,0.044,1.448,0.238,0.091,0.562,across-spokepool-7d 19.25,nomad-2022 0.64,1,0,15,87.0,0
size 0.2 fresh 0.01 net1h 0.1 crowd None spike None win 600 floor 1e+06,14,13,4,0.67,7.4,6.5,0.065,0.044,0.241,0.055,0.091,0.471,across-spokepool-7d 1.75,nomad-2022 0.64,1,0,5,94.9,0
size 0.2 fresh 0.01 net1h 0.1 crowd None spike None win 1800 floor 250000,14,13,4,0.67,7.4,6.5,0.222,0.059,1.569,0.257,0.137,0.562,across-spokepool-7d 21.00,nomad-2022 0.64,1,0,17,85.5,0
size 0.2 fresh 0.01 net1h 0.1 crowd None spike None win 1800 floor 1e+06,14,13,4,0.67,7.4,6.5,0.091,0.059,0.362,0.073,0.137,0.471,across-spokepool-7d 3.50,nomad-2022 0.64,1,0,7,93.3,0
size 0.2 fresh 0.01 net1h 0.2 crowd 5 spike 6.0 win 600 floor 250000,14,14,4,0.667,0.0,4.0,0.366,0.161,2.052,0.385,0.319,1.921,across-spokepool-7d 19.25,poly-2021 2.55,4,2,28,76.9,0
size 0.2 fresh 0.01 net1h 0.2 crowd 5 spike 6.0 win 600 floor 1e+06,14,14,4,0.667,0.0,4.0,0.222,0.161,0.724,0.183,0.319,1.843,poly-2021 2.55,poly-2021 2.55,4,2,17,85.5,0
size 0.2 fresh 0.01 net1h 0.2 crowd 5 spike 6.0 win 1800 floor 250000,14,14,4,0.667,0.0,4.0,0.392,0.176,2.172,0.403,0.365,1.921,across-spokepool-7d 21.00,poly-2021 3.19,4,2,30,75.3,0
size 0.2 fresh 0.01 net1h 0.2 crowd 5 spike 6.0 win 1800 floor 1e+06,14,14,4,0.667,0.0,4.0,0.248,0.176,0.845,0.202,0.365,1.843,across-spokepool-7d 3.50,poly-2021 3.19,4,2,19,84.0,0
size 0.2 fresh 0.01 net1h 0.2 crowd 5 spike 10.0 win 600 floor 250000,14,14,4,0.667,0.0,6.5,0.301,0.103,1.931,0.348,0.182,1.921,across-spokepool-7d 19.25,poly-2021 1.28,3,1,23,80.8,0
size 0.2 fresh 0.01 net1h 0.2 crowd 5 spike 10.0 win 600 floor 1e+06,14,14,4,0.667,0.0,6.5,0.157,0.103,0.603,0.147,0.182,1.843,across-spokepool-7d 1.75,poly-2021 1.28,3,1,12,89.5,0
size 0.2 fresh 0.01 net1h 0.2 crowd 5 spike 10.0 win 1800 floor 250000,14,14,4,0.667,0.0,6.5,0.314,0.103,2.052,0.366,0.182,1.921,across-spokepool-7d 21.00,poly-2021 1.28,3,1,24,80.0,0
size 0.2 fresh 0.01 net1h 0.2 crowd 5 spike 10.0 win 1800 floor 1e+06,14,14,4,0.667,0.0,6.5,0.17,0.103,0.724,0.165,0.182,1.843,across-spokepool-7d 3.50,poly-2021 1.28,3,1,13,88.7,0
size 0.2 fresh 0.01 net1h 0.2 crowd 5 spike None win 600 floor 250000,14,14,4,0.667,0.0,6.5,0.248,0.073,1.69,0.275,0.182,1.738,across-spokepool-7d 19.25,poly-2021 1.28,2,1,19,84.0,0
size 0.2 fresh 0.01 net1h 0.2 crowd 5 spike None win 600 floor 1e+06,14,14,4,0.667,0.0,6.5,0.105,0.073,0.362,0.073,0.182,1.66,across-spokepool-7d 1.75,poly-2021 1.28,2,1,8,92.6,0
size 0.2 fresh 0.01 net1h 0.2 crowd 5 spike None win 1800 floor 250000,14,14,4,0.667,0.0,6.5,0.274,0.073,1.931,0.312,0.182,1.738,across-spokepool-7d 21.00,poly-2021 1.28,3,1,21,82.4,0
size 0.2 fresh 0.01 net1h 0.2 crowd 5 spike None win 1800 floor 1e+06,14,14,4,0.667,0.0,6.5,0.131,0.073,0.603,0.11,0.182,1.66,across-spokepool-7d 3.50,poly-2021 1.28,2,1,10,91.0,0
size 0.2 fresh 0.01 net1h 0.2 crowd 10 spike 6.0 win 600 floor 250000,14,14,4,0.667,0.0,4.0,0.327,0.132,1.931,0.348,0.273,0.98,across-spokepool-7d 19.25,poly-2021 1.92,4,2,25,79.3,0
size 0.2 fresh 0.01 net1h 0.2 crowd 10 spike 6.0 win 600 floor 1e+06,14,14,4,0.667,0.0,4.0,0.196,0.132,0.724,0.165,0.273,0.889,poly-2021 1.92,poly-2021 1.92,4,2,15,87.1,0
size 0.2 fresh 0.01 net1h 0.2 crowd 10 spike 6.0 win 1800 floor 250000,14,14,4,0.667,0.0,4.0,0.353,0.147,2.052,0.366,0.319,0.98,across-spokepool-7d 21.00,poly-2021 2.55,4,2,27,77.7,0
size 0.2 fresh 0.01 net1h 0.2 crowd 10 spike 6.0 win 1800 floor 1e+06,14,14,4,0.667,0.0,4.0,0.222,0.147,0.845,0.183,0.319,0.889,across-spokepool-7d 3.50,poly-2021 2.55,4,2,17,85.5,0
size 0.2 fresh 0.01 net1h 0.2 crowd 10 spike 10.0 win 600 floor 250000,14,14,4,0.667,0.0,6.5,0.261,0.073,1.81,0.312,0.137,0.98,across-spokepool-7d 19.25,nomad-2022 0.64,2,0,20,83.2,0
size 0.2 fresh 0.01 net1h 0.2 crowd 10 spike 10.0 win 600 floor 1e+06,14,14,4,0.667,0.0,6.5,0.131,0.073,0.603,0.128,0.137,0.889,across-spokepool-7d 1.75,nomad-2022 0.64,2,0,10,91.0,0
size 0.2 fresh 0.01 net1h 0.2 crowd 10 spike 10.0 win 1800 floor 250000,14,14,4,0.667,0.0,6.5,0.274,0.073,1.931,0.33,0.137,0.98,across-spokepool-7d 21.00,nomad-2022 0.64,2,0,21,82.4,0
size 0.2 fresh 0.01 net1h 0.2 crowd 10 spike 10.0 win 1800 floor 1e+06,14,14,4,0.667,0.0,6.5,0.144,0.073,0.724,0.147,0.137,0.889,across-spokepool-7d 3.50,nomad-2022 0.64,2,0,11,90.3,0
size 0.2 fresh 0.01 net1h 0.2 crowd 10 spike None win 600 floor 250000,14,13,4,0.686,44.2,6.5,0.209,0.044,1.569,0.257,0.091,0.758,across-spokepool-7d 19.25,nomad-2022 0.64,1,0,16,85.9,0
size 0.2 fresh 0.01 net1h 0.2 crowd 10 spike None win 600 floor 1e+06,14,13,4,0.686,44.2,6.5,0.078,0.044,0.362,0.073,0.091,0.667,across-spokepool-7d 1.75,nomad-2022 0.64,1,0,6,93.7,0
size 0.2 fresh 0.01 net1h 0.2 crowd 10 spike None win 1800 floor 250000,14,13,4,0.686,44.2,6.5,0.248,0.059,1.81,0.293,0.137,0.758,across-spokepool-7d 21.00,nomad-2022 0.64,1,0,19,83.5,0
size 0.2 fresh 0.01 net1h 0.2 crowd 10 spike None win 1800 floor 1e+06,14,13,4,0.686,44.2,6.5,0.118,0.059,0.603,0.11,0.137,0.667,across-spokepool-7d 3.50,nomad-2022 0.64,1,0,9,91.4,0
size 0.2 fresh 0.01 net1h 0.2 crowd None spike 6.0 win 600 floor 250000,14,14,4,0.667,0.0,4.0,0.288,0.132,1.569,0.293,0.273,0.797,across-spokepool-7d 19.25,poly-2021 1.92,3,2,22,81.6,0
size 0.2 fresh 0.01 net1h 0.2 crowd None spike 6.0 win 600 floor 1e+06,14,14,4,0.667,0.0,4.0,0.157,0.132,0.362,0.11,0.273,0.706,poly-2021 1.92,poly-2021 1.92,3,2,12,89.5,0
size 0.2 fresh 0.01 net1h 0.2 crowd None spike 6.0 win 1800 floor 250000,14,14,4,0.667,0.0,4.0,0.327,0.147,1.81,0.33,0.319,0.797,across-spokepool-7d 21.00,poly-2021 2.55,3,2,25,79.3,0
size 0.2 fresh 0.01 net1h 0.2 crowd None spike 6.0 win 1800 floor 1e+06,14,14,4,0.667,0.0,4.0,0.196,0.147,0.603,0.147,0.319,0.706,across-spokepool-7d 3.50,poly-2021 2.55,3,2,15,87.1,0
size 0.2 fresh 0.01 net1h 0.2 crowd None spike 10.0 win 600 floor 250000,14,14,4,0.667,0.0,6.5,0.235,0.073,1.569,0.275,0.137,0.797,across-spokepool-7d 19.25,nomad-2022 0.64,1,0,18,84.8,0
size 0.2 fresh 0.01 net1h 0.2 crowd None spike 10.0 win 600 floor 1e+06,14,14,4,0.667,0.0,6.5,0.105,0.073,0.362,0.092,0.137,0.706,across-spokepool-7d 1.75,nomad-2022 0.64,1,0,8,92.6,0
size 0.2 fresh 0.01 net1h 0.2 crowd None spike 10.0 win 1800 floor 250000,14,14,4,0.667,0.0,6.5,0.261,0.073,1.81,0.312,0.137,0.797,across-spokepool-7d 21.00,nomad-2022 0.64,1,0,20,83.2,0
size 0.2 fresh 0.01 net1h 0.2 crowd None spike 10.0 win 1800 floor 1e+06,14,14,4,0.667,0.0,6.5,0.131,0.073,0.603,0.128,0.137,0.706,across-spokepool-7d 3.50,nomad-2022 0.64,1,0,10,91.0,0
size 0.2 fresh 0.01 net1h 0.2 crowd None spike None win 600 floor 250000,14,13,4,0.686,44.2,6.5,0.196,0.044,1.448,0.238,0.091,0.562,across-spokepool-7d 19.25,nomad-2022 0.64,1,0,15,86.7,0
size 0.2 fresh 0.01 net1h 0.2 crowd None spike None win 600 floor 1e+06,14,13,4,0.686,44.2,6.5,0.065,0.044,0.241,0.055,0.091,0.471,across-spokepool-7d 1.75,nomad-2022 0.64,1,0,5,94.5,0
size 0.2 fresh 0.01 net1h 0.2 crowd None spike None win 1800 floor 250000,14,13,4,0.686,44.2,6.5,0.222,0.059,1.569,0.257,0.137,0.562,across-spokepool-7d 21.00,nomad-2022 0.64,1,0,17,85.1,0
size 0.2 fresh 0.01 net1h 0.2 crowd None spike None win 1800 floor 1e+06,14,13,4,0.686,44.2,6.5,0.091,0.059,0.362,0.073,0.137,0.471,across-spokepool-7d 3.50,nomad-2022 0.64,1,0,7,92.9,0
size 0.2 fresh 0.02 net1h 0.05 crowd 5 spike 6.0 win 600 floor 250000,14,14,4,0.667,0.0,4.0,0.327,0.132,1.931,0.366,0.228,1.856,across-spokepool-7d 19.25,nomad-2022 1.28,4,2,25,79.3,0
size 0.2 fresh 0.02 net1h 0.05 crowd 5 spike 6.0 win 600 floor 1e+06,14,14,4,0.667,0.0,4.0,0.196,0.132,0.724,0.183,0.228,1.817,across-spokepool-7d 1.75,nomad-2022 1.28,4,2,15,87.1,0
size 0.2 fresh 0.02 net1h 0.05 crowd 5 spike 6.0 win 1800 floor 250000,14,14,4,0.667,0.0,4.0,0.353,0.147,2.052,0.385,0.273,1.856,across-spokepool-7d 21.00,poly-2021 1.92,4,2,27,77.7,0
size 0.2 fresh 0.02 net1h 0.05 crowd 5 spike 6.0 win 1800 floor 1e+06,14,14,4,0.667,0.0,4.0,0.222,0.147,0.845,0.202,0.273,1.817,across-spokepool-7d 3.50,poly-2021 1.92,4,2,17,85.5,0
size 0.2 fresh 0.02 net1h 0.05 crowd 5 spike 10.0 win 600 floor 250000,14,14,4,0.667,0.0,6.5,0.301,0.117,1.81,0.348,0.182,1.843,across-spokepool-7d 19.25,nomad-2022 1.28,3,1,23,80.8,0
size 0.2 fresh 0.02 net1h 0.05 crowd 5 spike 10.0 win 600 floor 1e+06,14,14,4,0.667,0.0,6.5,0.17,0.117,0.603,0.165,0.182,1.804,across-spokepool-7d 1.75,nomad-2022 1.28,3,1,13,88.7,0
size 0.2 fresh 0.02 net1h 0.05 crowd 5 spike 10.0 win 1800 floor 250000,14,14,4,0.667,0.0,6.5,0.327,0.117,2.052,0.385,0.182,1.843,across-spokepool-7d 21.00,nomad-2022 1.28,3,1,25,79.3,0
size 0.2 fresh 0.02 net1h 0.05 crowd 5 spike 10.0 win 1800 floor 1e+06,14,14,4,0.667,0.0,6.5,0.196,0.117,0.845,0.202,0.182,1.804,across-spokepool-7d 3.50,nomad-2022 1.28,3,1,15,87.1,0
size 0.2 fresh 0.02 net1h 0.05 crowd 5 spike None win 600 floor 250000,14,14,4,0.667,0.0,6.5,0.261,0.103,1.569,0.293,0.182,1.647,across-spokepool-7d 19.25,nomad-2022 1.28,2,1,20,83.2,0
size 0.2 fresh 0.02 net1h 0.05 crowd 5 spike None win 600 floor 1e+06,14,14,4,0.667,0.0,6.5,0.131,0.103,0.362,0.11,0.182,1.608,across-spokepool-7d 1.75,nomad-2022 1.28,2,1,10,91.0,0
size 0.2 fresh 0.02 net1h 0.05 crowd 5 spike None win 1800 floor 250000,14,14,4,0.667,0.0,6.5,0.301,0.103,1.931,0.348,0.182,1.647,across-spokepool-7d 21.00,nomad-2022 1.28,3,1,23,80.8,0
size 0.2 fresh 0.02 net1h 0.05 crowd 5 spike None win 1800 floor 1e+06,14,14,4,0.667,0.0,6.5,0.17,0.103,0.724,0.165,0.182,1.608,across-spokepool-7d 3.50,nomad-2022 1.28,3,1,13,88.7,0
size 0.2 fresh 0.02 net1h 0.05 crowd 10 spike 6.0 win 600 floor 250000,14,14,4,0.667,0.0,4.0,0.314,0.117,1.931,0.348,0.228,0.889,across-spokepool-7d 19.25,nomad-2022 1.28,4,2,24,80.0,0
size 0.2 fresh 0.02 net1h 0.05 crowd 10 spike 6.0 win 600 floor 1e+06,14,14,4,0.667,0.0,4.0,0.183,0.117,0.724,0.165,0.228,0.85,across-spokepool-7d 1.75,nomad-2022 1.28,4,2,14,87.9,0
size 0.2 fresh 0.02 net1h 0.05 crowd 10 spike 6.0 win 1800 floor 250000,14,14,4,0.667,0.0,4.0,0.34,0.132,2.052,0.366,0.273,0.889,across-spokepool-7d 21.00,poly-2021 1.92,4,2,26,78.5,0
size 0.2 fresh 0.02 net1h 0.05 crowd 10 spike 6.0 win 1800 floor 1e+06,14,14,4,0.667,0.0,4.0,0.209,0.132,0.845,0.183,0.273,0.85,across-spokepool-7d 3.50,poly-2021 1.92,4,2,16,86.3,0
size 0.2 fresh 0.02 net1h 0.05 crowd 10 spike 10.0 win 600 floor 250000,14,14,4,0.667,0.0,6.5,0.288,0.103,1.81,0.33,0.182,0.876,across-spokepool-7d 19.25,nomad-2022 1.28,3,1,22,81.6,0
size 0.2 fresh 0.02 net1h 0.05 crowd 10 spike 10.0 win 600 floor 1e+06,14,14,4,0.667,0.0,6.5,0.157,0.103,0.603,0.147,0.182,0.836,across-spokepool-7d 1.75,nomad-2022 1.28,3,1,12,89.5,0
size 0.2 fresh 0.02 net1h 0.05 crowd 10 spike 10.0 win 1800 floor 250000,14,14,4,0.667,0.0,6.5,0.314,0.103,2.052,0.366,0.182,0.876,across-spokepool-7d 21.00,nomad-2022 1.28,3,1,24,80.0,0
size 0.2 fresh 0.02 net1h 0.05 crowd 10 spike 10.0 win 1800 floor 1e+06,14,14,4,0.667,0.0,6.5,0.183,0.103,0.845,0.183,0.182,0.836,across-spokepool-7d 3.50,nomad-2022 1.28,3,1,14,87.9,0
size 0.2 fresh 0.02 net1h 0.05 crowd 10 spike None win 600 floor 250000,14,13,4,0.67,7.4,6.5,0.261,0.103,1.569,0.293,0.182,0.64,across-spokepool-7d 19.25,nomad-2022 1.28,2,1,20,83.1,0
size 0.2 fresh 0.02 net1h 0.05 crowd 10 spike None win 600 floor 1e+06,14,13,4,0.67,7.4,6.5,0.131,0.103,0.362,0.11,0.182,0.601,across-spokepool-7d 1.75,nomad-2022 1.28,2,1,10,91.0,0
size 0.2 fresh 0.02 net1h 0.05 crowd 10 spike None win 1800 floor 250000,14,13,4,0.67,7.4,6.5,0.301,0.103,1.931,0.348,0.182,0.64,across-spokepool-7d 21.00,nomad-2022 1.28,3,1,23,80.8,0
size 0.2 fresh 0.02 net1h 0.05 crowd 10 spike None win 1800 floor 1e+06,14,13,4,0.67,7.4,6.5,0.17,0.103,0.724,0.165,0.182,0.601,across-spokepool-7d 3.50,nomad-2022 1.28,3,1,13,88.6,0
size 0.2 fresh 0.02 net1h 0.05 crowd None spike 6.0 win 600 floor 250000,14,14,4,0.667,0.0,4.0,0.274,0.117,1.569,0.293,0.228,0.706,across-spokepool-7d 19.25,nomad-2022 1.28,3,2,21,82.4,0
size 0.2 fresh 0.02 net1h 0.05 crowd None spike 6.0 win 600 floor 1e+06,14,14,4,0.667,0.0,4.0,0.144,0.117,0.362,0.11,0.228,0.667,across-spokepool-7d 1.75,nomad-2022 1.28,3,2,11,90.3,0
size 0.2 fresh 0.02 net1h 0.05 crowd None spike 6.0 win 1800 floor 250000,14,14,4,0.667,0.0,4.0,0.327,0.132,1.931,0.348,0.273,0.706,across-spokepool-7d 21.00,poly-2021 1.92,4,2,25,79.3,0
size 0.2 fresh 0.02 net1h 0.05 crowd None spike 6.0 win 1800 floor 1e+06,14,14,4,0.667,0.0,4.0,0.196,0.132,0.724,0.165,0.273,0.667,across-spokepool-7d 3.50,poly-2021 1.92,4,2,15,87.1,0
size 0.2 fresh 0.02 net1h 0.05 crowd None spike 10.0 win 600 floor 250000,14,14,4,0.667,0.0,6.5,0.261,0.103,1.569,0.293,0.182,0.693,across-spokepool-7d 19.25,nomad-2022 1.28,2,1,20,83.2,0
size 0.2 fresh 0.02 net1h 0.05 crowd None spike 10.0 win 600 floor 1e+06,14,14,4,0.667,0.0,6.5,0.131,0.103,0.362,0.11,0.182,0.654,across-spokepool-7d 1.75,nomad-2022 1.28,2,1,10,91.0,0
size 0.2 fresh 0.02 net1h 0.05 crowd None spike 10.0 win 1800 floor 250000,14,14,4,0.667,0.0,6.5,0.288,0.103,1.81,0.33,0.182,0.693,across-spokepool-7d 21.00,nomad-2022 1.28,2,1,22,81.6,0
size 0.2 fresh 0.02 net1h 0.05 crowd None spike 10.0 win 1800 floor 1e+06,14,14,4,0.667,0.0,6.5,0.157,0.103,0.603,0.147,0.182,0.654,across-spokepool-7d 3.50,nomad-2022 1.28,2,1,12,89.5,0
size 0.2 fresh 0.02 net1h 0.05 crowd None spike None win 600 floor 250000,14,13,4,0.67,7.4,6.5,0.248,0.103,1.448,0.275,0.182,0.444,across-spokepool-7d 19.25,nomad-2022 1.28,2,1,19,83.9,0
size 0.2 fresh 0.02 net1h 0.05 crowd None spike None win 600 floor 1e+06,14,13,4,0.67,7.4,6.5,0.118,0.103,0.241,0.092,0.182,0.405,across-spokepool-7d 1.75,nomad-2022 1.28,2,1,9,91.8,0
size 0.2 fresh 0.02 net1h 0.05 crowd None spike None win 1800 floor 250000,14,13,4,0.67,7.4,6.5,0.261,0.103,1.569,0.293,0.182,0.444,across-spokepool-7d 21.00,nomad-2022 1.28,2,1,20,83.1,0
size 0.2 fresh 0.02 net1h 0.05 crowd None spike None win 1800 floor 1e+06,14,13,4,0.67,7.4,6.5,0.131,0.103,0.362,0.11,0.182,0.405,across-spokepool-7d 3.50,nomad-2022 1.28,2,1,10,91.0,0
size 0.2 fresh 0.02 net1h 0.1 crowd 5 spike 6.0 win 600 floor 250000,14,14,4,0.667,0.0,6.5,0.314,0.117,1.931,0.348,0.228,1.856,across-spokepool-7d 19.25,nomad-2022 1.28,4,2,24,80.0,0
size 0.2 fresh 0.02 net1h 0.1 crowd 5 spike 6.0 win 600 floor 1e+06,14,14,4,0.667,0.0,6.5,0.183,0.117,0.724,0.165,0.228,1.817,across-spokepool-7d 1.75,nomad-2022 1.28,4,2,14,87.9,0
size 0.2 fresh 0.02 net1h 0.1 crowd 5 spike 6.0 win 1800 floor 250000,14,14,4,0.667,0.0,6.5,0.34,0.132,2.052,0.366,0.273,1.856,across-spokepool-7d 21.00,poly-2021 1.92,4,2,26,78.5,0
size 0.2 fresh 0.02 net1h 0.1 crowd 5 spike 6.0 win 1800 floor 1e+06,14,14,4,0.667,0.0,6.5,0.209,0.132,0.845,0.183,0.273,1.817,across-spokepool-7d 3.50,poly-2021 1.92,4,2,16,86.3,0
size 0.2 fresh 0.02 net1h 0.1 crowd 5 spike 10.0 win 600 floor 250000,14,14,4,0.667,0.0,6.5,0.261,0.073,1.81,0.312,0.137,1.843,across-spokepool-7d 19.25,nomad-2022 0.64,2,0,20,83.2,0
size 0.2 fresh 0.02 net1h 0.1 crowd 5 spike 10.0 win 600 floor 1e+06,14,14,4,0.667,0.0,6.5,0.131,0.073,0.603,0.128,0.137,1.804,across-spokepool-7d 1.75,nomad-2022 0.64,2,0,10,91.0,0
size 0.2 fresh 0.02 net1h 0.1 crowd 5 spike 10.0 win 1800 floor 250000,14,14,4,0.667,0.0,6.5,0.288,0.073,2.052,0.348,0.137,1.843,across-spokepool-7d 21.00,nomad-2022 0.64,2,0,22,81.6,0
size 0.2 fresh 0.02 net1h 0.1 crowd 5 spike 10.0 win 1800 floor 1e+06,14,14,4,0.667,0.0,6.5,0.157,0.073,0.845,0.165,0.137,1.804,across-spokepool-7d 3.50,nomad-2022 0.64,2,0,12,89.5,0
size 0.2 fresh 0.02 net1h 0.1 crowd 5 spike None win 600 floor 250000,14,13,4,0.67,7.4,6.5,0.222,0.059,1.569,0.257,0.137,1.647,across-spokepool-7d 19.25,nomad-2022 0.64,1,0,17,85.5,0
size 0.2 fresh 0.02 net1h 0.1 crowd 5 spike None win 600 floor 1e+06,14,13,4,0.67,7.4,6.5,0.091,0.059,0.362,0.073,0.137,1.608,across-spokepool-7d 1.75,nomad-2022 0.64,1,0,7,93.3,0
size 0.2 fresh 0.02 net1h 0.1 crowd 5 spike None win 1800 floor 250000,14,13,4,0.67,7.4,6.5,0.261,0.059,1.931,0.312,0.137,1.647,across-spokepool-7d 21.00,nomad-2022 0.64,2,0,20,83.1,0
size 0.2 fresh 0.02 net1h 0.1 crowd 5 spike None win 1800 floor 1e+06,14,13,4,0.67,7.4,6.5,0.131,0.059,0.724,0.128,0.137,1.608,across-spokepool-7d 3.50,nomad-2022 0.64,2,0,10,91.0,0
size 0.2 fresh 0.02 net1h 0.1 crowd 10 spike 6.0 win 600 floor 250000,14,13,4,0.67,7.4,6.5,0.301,0.103,1.931,0.33,0.228,0.889,across-spokepool-7d 19.25,nomad-2022 1.28,4,2,23,80.8,0
size 0.2 fresh 0.02 net1h 0.1 crowd 10 spike 6.0 win 600 floor 1e+06,14,13,4,0.67,7.4,6.5,0.17,0.103,0.724,0.147,0.228,0.85,across-spokepool-7d 1.75,nomad-2022 1.28,4,2,13,88.6,0
size 0.2 fresh 0.02 net1h 0.1 crowd 10 spike 6.0 win 1800 floor 250000,14,13,4,0.67,7.4,6.5,0.327,0.117,2.052,0.348,0.273,0.889,across-spokepool-7d 21.00,poly-2021 1.92,4,2,25,79.2,0
size 0.2 fresh 0.02 net1h 0.1 crowd 10 spike 6.0 win 1800 floor 1e+06,14,13,4,0.67,7.4,6.5,0.196,0.117,0.845,0.165,0.273,0.85,across-spokepool-7d 3.50,poly-2021 1.92,4,2,15,87.0,0
size 0.2 fresh 0.02 net1h 0.1 crowd 10 spike 10.0 win 600 floor 250000,14,13,4,0.67,7.4,6.5,0.248,0.059,1.81,0.293,0.137,0.876,across-spokepool-7d 19.25,nomad-2022 0.64,2,0,19,83.9,0
size 0.2 fresh 0.02 net1h 0.1 crowd 10 spike 10.0 win 600 floor 1e+06,14,13,4,0.67,7.4,6.5,0.118,0.059,0.603,0.11,0.137,0.836,across-spokepool-7d 1.75,nomad-2022 0.64,2,0,9,91.8,0
size 0.2 fresh 0.02 net1h 0.1 crowd 10 spike 10.0 win 1800 floor 250000,14,13,4,0.67,7.4,6.5,0.274,0.059,2.052,0.33,0.137,0.876,across-spokepool-7d 21.00,nomad-2022 0.64,2,0,21,82.3,0
size 0.2 fresh 0.02 net1h 0.1 crowd 10 spike 10.0 win 1800 floor 1e+06,14,13,4,0.67,7.4,6.5,0.144,0.059,0.845,0.147,0.137,0.836,across-spokepool-7d 3.50,nomad-2022 0.64,2,0,11,90.2,0
size 0.2 fresh 0.02 net1h 0.1 crowd 10 spike None win 600 floor 250000,14,13,4,0.67,7.4,6.5,0.209,0.044,1.569,0.257,0.091,0.64,across-spokepool-7d 19.25,nomad-2022 0.64,1,0,16,86.3,0
size 0.2 fresh 0.02 net1h 0.1 crowd 10 spike None win 600 floor 1e+06,14,13,4,0.67,7.4,6.5,0.078,0.044,0.362,0.073,0.091,0.601,across-spokepool-7d 1.75,nomad-2022 0.64,1,0,6,94.1,0
size 0.2 fresh 0.02 net1h 0.1 crowd 10 spike None win 1800 floor 250000,14,13,4,0.67,7.4,6.5,0.261,0.059,1.931,0.312,0.137,0.64,across-spokepool-7d 21.00,nomad-2022 0.64,2,0,20,83.1,0
size 0.2 fresh 0.02 net1h 0.1 crowd 10 spike None win 1800 floor 1e+06,14,13,4,0.67,7.4,6.5,0.131,0.059,0.724,0.128,0.137,0.601,across-spokepool-7d 3.50,nomad-2022 0.64,2,0,10,91.0,0
size 0.2 fresh 0.02 net1h 0.1 crowd None spike 6.0 win 600 floor 250000,14,13,4,0.67,7.4,6.5,0.261,0.103,1.569,0.275,0.228,0.706,across-spokepool-7d 19.25,nomad-2022 1.28,3,2,20,83.1,0
size 0.2 fresh 0.02 net1h 0.1 crowd None spike 6.0 win 600 floor 1e+06,14,13,4,0.67,7.4,6.5,0.131,0.103,0.362,0.092,0.228,0.667,across-spokepool-7d 1.75,nomad-2022 1.28,3,2,10,91.0,0
size 0.2 fresh 0.02 net1h 0.1 crowd None spike 6.0 win 1800 floor 250000,14,13,4,0.67,7.4,6.5,0.314,0.117,1.931,0.33,0.273,0.706,across-spokepool-7d 21.00,poly-2021 1.92,4,2,24,80.0,0
size 0.2 fresh 0.02 net1h 0.1 crowd None spike 6.0 win 1800 floor 1e+06,14,13,4,0.67,7.4,6.5,0.183,0.117,0.724,0.147,0.273,0.667,across-spokepool-7d 3.50,poly-2021 1.92,4,2,14,87.8,0
size 0.2 fresh 0.02 net1h 0.1 crowd None spike 10.0 win 600 floor 250000,14,13,4,0.67,7.4,6.5,0.222,0.059,1.569,0.257,0.137,0.693,across-spokepool-7d 19.25,nomad-2022 0.64,1,0,17,85.5,0
size 0.2 fresh 0.02 net1h 0.1 crowd None spike 10.0 win 600 floor 1e+06,14,13,4,0.67,7.4,6.5,0.091,0.059,0.362,0.073,0.137,0.654,across-spokepool-7d 1.75,nomad-2022 0.64,1,0,7,93.3,0
size 0.2 fresh 0.02 net1h 0.1 crowd None spike 10.0 win 1800 floor 250000,14,13,4,0.67,7.4,6.5,0.248,0.059,1.81,0.293,0.137,0.693,across-spokepool-7d 21.00,nomad-2022 0.64,1,0,19,83.9,0
size 0.2 fresh 0.02 net1h 0.1 crowd None spike 10.0 win 1800 floor 1e+06,14,13,4,0.67,7.4,6.5,0.118,0.059,0.603,0.11,0.137,0.654,across-spokepool-7d 3.50,nomad-2022 0.64,1,0,9,91.8,0
size 0.2 fresh 0.02 net1h 0.1 crowd None spike None win 600 floor 250000,14,13,4,0.67,7.4,6.5,0.196,0.044,1.448,0.238,0.091,0.444,across-spokepool-7d 19.25,nomad-2022 0.64,1,0,15,87.0,0
size 0.2 fresh 0.02 net1h 0.1 crowd None spike None win 600 floor 1e+06,14,13,4,0.67,7.4,6.5,0.065,0.044,0.241,0.055,0.091,0.405,across-spokepool-7d 1.75,nomad-2022 0.64,1,0,5,94.9,0
size 0.2 fresh 0.02 net1h 0.1 crowd None spike None win 1800 floor 250000,14,13,4,0.67,7.4,6.5,0.222,0.059,1.569,0.257,0.137,0.444,across-spokepool-7d 21.00,nomad-2022 0.64,1,0,17,85.5,0
size 0.2 fresh 0.02 net1h 0.1 crowd None spike None win 1800 floor 1e+06,14,13,4,0.67,7.4,6.5,0.091,0.059,0.362,0.073,0.137,0.405,across-spokepool-7d 3.50,nomad-2022 0.64,1,0,7,93.3,0
size 0.2 fresh 0.02 net1h 0.2 crowd 5 spike 6.0 win 600 floor 250000,14,14,4,0.667,0.0,6.5,0.314,0.117,1.931,0.348,0.228,1.856,across-spokepool-7d 19.25,nomad-2022 1.28,4,2,24,80.0,0
size 0.2 fresh 0.02 net1h 0.2 crowd 5 spike 6.0 win 600 floor 1e+06,14,14,4,0.667,0.0,6.5,0.183,0.117,0.724,0.165,0.228,1.817,across-spokepool-7d 1.75,nomad-2022 1.28,4,2,14,87.9,0
size 0.2 fresh 0.02 net1h 0.2 crowd 5 spike 6.0 win 1800 floor 250000,14,14,4,0.667,0.0,6.5,0.34,0.132,2.052,0.366,0.273,1.856,across-spokepool-7d 21.00,poly-2021 1.92,4,2,26,78.5,0
size 0.2 fresh 0.02 net1h 0.2 crowd 5 spike 6.0 win 1800 floor 1e+06,14,14,4,0.667,0.0,6.5,0.209,0.132,0.845,0.183,0.273,1.817,across-spokepool-7d 3.50,poly-2021 1.92,4,2,16,86.3,0
size 0.2 fresh 0.02 net1h 0.2 crowd 5 spike 10.0 win 600 floor 250000,14,14,4,0.667,0.0,6.5,0.261,0.073,1.81,0.312,0.137,1.843,across-spokepool-7d 19.25,nomad-2022 0.64,2,0,20,83.2,0
size 0.2 fresh 0.02 net1h 0.2 crowd 5 spike 10.0 win 600 floor 1e+06,14,14,4,0.667,0.0,6.5,0.131,0.073,0.603,0.128,0.137,1.804,across-spokepool-7d 1.75,nomad-2022 0.64,2,0,10,91.0,0
size 0.2 fresh 0.02 net1h 0.2 crowd 5 spike 10.0 win 1800 floor 250000,14,14,4,0.667,0.0,6.5,0.274,0.073,1.931,0.33,0.137,1.843,across-spokepool-7d 21.00,nomad-2022 0.64,2,0,21,82.4,0
size 0.2 fresh 0.02 net1h 0.2 crowd 5 spike 10.0 win 1800 floor 1e+06,14,14,4,0.667,0.0,6.5,0.144,0.073,0.724,0.147,0.137,1.804,across-spokepool-7d 3.50,nomad-2022 0.64,2,0,11,90.3,0
size 0.2 fresh 0.02 net1h 0.2 crowd 5 spike None win 600 floor 250000,14,13,4,0.686,44.2,6.5,0.222,0.059,1.569,0.257,0.137,1.647,across-spokepool-7d 19.25,nomad-2022 0.64,1,0,17,85.1,0
size 0.2 fresh 0.02 net1h 0.2 crowd 5 spike None win 600 floor 1e+06,14,13,4,0.686,44.2,6.5,0.091,0.059,0.362,0.073,0.137,1.608,across-spokepool-7d 1.75,nomad-2022 0.64,1,0,7,92.9,0
size 0.2 fresh 0.02 net1h 0.2 crowd 5 spike None win 1800 floor 250000,14,13,4,0.67,7.4,6.5,0.248,0.059,1.81,0.293,0.137,1.647,across-spokepool-7d 21.00,nomad-2022 0.64,1,0,19,83.9,0
size 0.2 fresh 0.02 net1h 0.2 crowd 5 spike None win 1800 floor 1e+06,14,13,4,0.67,7.4,6.5,0.118,0.059,0.603,0.11,0.137,1.608,across-spokepool-7d 3.50,nomad-2022 0.64,1,0,9,91.8,0
size 0.2 fresh 0.02 net1h 0.2 crowd 10 spike 6.0 win 600 floor 250000,14,13,4,0.67,7.4,6.5,0.301,0.103,1.931,0.33,0.228,0.889,across-spokepool-7d 19.25,nomad-2022 1.28,4,2,23,80.8,0
size 0.2 fresh 0.02 net1h 0.2 crowd 10 spike 6.0 win 600 floor 1e+06,14,13,4,0.67,7.4,6.5,0.17,0.103,0.724,0.147,0.228,0.85,across-spokepool-7d 1.75,nomad-2022 1.28,4,2,13,88.6,0
size 0.2 fresh 0.02 net1h 0.2 crowd 10 spike 6.0 win 1800 floor 250000,14,13,4,0.67,7.4,6.5,0.327,0.117,2.052,0.348,0.273,0.889,across-spokepool-7d 21.00,poly-2021 1.92,4,2,25,79.2,0
size 0.2 fresh 0.02 net1h 0.2 crowd 10 spike 6.0 win 1800 floor 1e+06,14,13,4,0.67,7.4,6.5,0.196,0.117,0.845,0.165,0.273,0.85,across-spokepool-7d 3.50,poly-2021 1.92,4,2,15,87.0,0
size 0.2 fresh 0.02 net1h 0.2 crowd 10 spike 10.0 win 600 floor 250000,14,13,4,0.686,44.2,6.5,0.248,0.059,1.81,0.293,0.137,0.876,across-spokepool-7d 19.25,nomad-2022 0.64,2,0,19,83.5,0
size 0.2 fresh 0.02 net1h 0.2 crowd 10 spike 10.0 win 600 floor 1e+06,14,13,4,0.686,44.2,6.5,0.118,0.059,0.603,0.11,0.137,0.836,across-spokepool-7d 1.75,nomad-2022 0.64,2,0,9,91.4,0
size 0.2 fresh 0.02 net1h 0.2 crowd 10 spike 10.0 win 1800 floor 250000,14,13,4,0.67,7.4,6.5,0.261,0.059,1.931,0.312,0.137,0.876,across-spokepool-7d 21.00,nomad-2022 0.64,2,0,20,83.1,0
size 0.2 fresh 0.02 net1h 0.2 crowd 10 spike 10.0 win 1800 floor 1e+06,14,13,4,0.67,7.4,6.5,0.131,0.059,0.724,0.128,0.137,0.836,across-spokepool-7d 3.50,nomad-2022 0.64,2,0,10,91.0,0
size 0.2 fresh 0.02 net1h 0.2 crowd 10 spike None win 600 floor 250000,14,13,4,0.686,44.2,6.5,0.209,0.044,1.569,0.257,0.091,0.64,across-spokepool-7d 19.25,nomad-2022 0.64,1,0,16,85.9,0
size 0.2 fresh 0.02 net1h 0.2 crowd 10 spike None win 600 floor 1e+06,14,13,4,0.686,44.2,6.5,0.078,0.044,0.362,0.073,0.091,0.601,across-spokepool-7d 1.75,nomad-2022 0.64,1,0,6,93.7,0
size 0.2 fresh 0.02 net1h 0.2 crowd 10 spike None win 1800 floor 250000,14,13,4,0.686,44.2,6.5,0.248,0.059,1.81,0.293,0.137,0.64,across-spokepool-7d 21.00,nomad-2022 0.64,1,0,19,83.5,0
size 0.2 fresh 0.02 net1h 0.2 crowd 10 spike None win 1800 floor 1e+06,14,13,4,0.686,44.2,6.5,0.118,0.059,0.603,0.11,0.137,0.601,across-spokepool-7d 3.50,nomad-2022 0.64,1,0,9,91.4,0
size 0.2 fresh 0.02 net1h 0.2 crowd None spike 6.0 win 600 floor 250000,14,13,4,0.67,7.4,6.5,0.261,0.103,1.569,0.275,0.228,0.706,across-spokepool-7d 19.25,nomad-2022 1.28,3,2,20,83.1,0
size 0.2 fresh 0.02 net1h 0.2 crowd None spike 6.0 win 600 floor 1e+06,14,13,4,0.67,7.4,6.5,0.131,0.103,0.362,0.092,0.228,0.667,across-spokepool-7d 1.75,nomad-2022 1.28,3,2,10,91.0,0
size 0.2 fresh 0.02 net1h 0.2 crowd None spike 6.0 win 1800 floor 250000,14,13,4,0.67,7.4,6.5,0.301,0.117,1.81,0.312,0.273,0.706,across-spokepool-7d 21.00,poly-2021 1.92,3,2,23,80.8,0
size 0.2 fresh 0.02 net1h 0.2 crowd None spike 6.0 win 1800 floor 1e+06,14,13,4,0.67,7.4,6.5,0.17,0.117,0.603,0.128,0.273,0.667,across-spokepool-7d 3.50,poly-2021 1.92,3,2,13,88.6,0
size 0.2 fresh 0.02 net1h 0.2 crowd None spike 10.0 win 600 floor 250000,14,13,4,0.686,44.2,6.5,0.222,0.059,1.569,0.257,0.137,0.693,across-spokepool-7d 19.25,nomad-2022 0.64,1,0,17,85.1,0
size 0.2 fresh 0.02 net1h 0.2 crowd None spike 10.0 win 600 floor 1e+06,14,13,4,0.686,44.2,6.5,0.091,0.059,0.362,0.073,0.137,0.654,across-spokepool-7d 1.75,nomad-2022 0.64,1,0,7,92.9,0
size 0.2 fresh 0.02 net1h 0.2 crowd None spike 10.0 win 1800 floor 250000,14,13,4,0.67,7.4,6.5,0.248,0.059,1.81,0.293,0.137,0.693,across-spokepool-7d 21.00,nomad-2022 0.64,1,0,19,83.9,0
size 0.2 fresh 0.02 net1h 0.2 crowd None spike 10.0 win 1800 floor 1e+06,14,13,4,0.67,7.4,6.5,0.118,0.059,0.603,0.11,0.137,0.654,across-spokepool-7d 3.50,nomad-2022 0.64,1,0,9,91.8,0
size 0.2 fresh 0.02 net1h 0.2 crowd None spike None win 600 floor 250000,14,13,4,0.686,44.2,6.5,0.196,0.044,1.448,0.238,0.091,0.444,across-spokepool-7d 19.25,nomad-2022 0.64,1,0,15,86.7,0
size 0.2 fresh 0.02 net1h 0.2 crowd None spike None win 600 floor 1e+06,14,13,4,0.686,44.2,6.5,0.065,0.044,0.241,0.055,0.091,0.405,across-spokepool-7d 1.75,nomad-2022 0.64,1,0,5,94.5,0
size 0.2 fresh 0.02 net1h 0.2 crowd None spike None win 1800 floor 250000,14,13,4,0.686,44.2,6.5,0.222,0.059,1.569,0.257,0.137,0.444,across-spokepool-7d 21.00,nomad-2022 0.64,1,0,17,85.1,0
size 0.2 fresh 0.02 net1h 0.2 crowd None spike None win 1800 floor 1e+06,14,13,4,0.686,44.2,6.5,0.091,0.059,0.362,0.073,0.137,0.405,across-spokepool-7d 3.50,nomad-2022 0.64,1,0,7,92.9,0
size 0.2 fresh None net1h 0.05 crowd 5 spike 6.0 win 600 floor 250000,14,14,4,0.667,0.0,4.0,0.314,0.117,1.931,0.366,0.182,1.843,across-spokepool-7d 19.25,nomad-2022 1.28,3,1,24,80.0,0
size 0.2 fresh None net1h 0.05 crowd 5 spike 6.0 win 600 floor 1e+06,14,14,4,0.667,0.0,4.0,0.183,0.117,0.724,0.183,0.182,1.804,across-spokepool-7d 1.75,nomad-2022 1.28,3,1,14,87.9,0
size 0.2 fresh None net1h 0.05 crowd 5 spike 6.0 win 1800 floor 250000,14,14,4,0.667,0.0,4.0,0.34,0.132,2.052,0.385,0.228,1.843,across-spokepool-7d 21.00,nomad-2022 1.28,4,2,26,78.5,0
size 0.2 fresh None net1h 0.05 crowd 5 spike 6.0 win 1800 floor 1e+06,14,14,4,0.667,0.0,4.0,0.209,0.132,0.845,0.202,0.228,1.804,across-spokepool-7d 3.50,nomad-2022 1.28,4,2,16,86.3,0
size 0.2 fresh None net1h 0.05 crowd 5 spike 10.0 win 600 floor 250000,14,14,4,0.667,0.0,6.5,0.288,0.103,1.81,0.33,0.182,1.817,across-spokepool-7d 19.25,nomad-2022 1.28,3,1,22,81.6,0
size 0.2 fresh None net1h 0.05 crowd 5 spike 10.0 win 600 floor 1e+06,14,14,4,0.667,0.0,6.5,0.157,0.103,0.603,0.147,0.182,1.778,across-spokepool-7d 1.75,nomad-2022 1.28,3,1,12,89.5,0
size 0.2 fresh None net1h 0.05 crowd 5 spike 10.0 win 1800 floor 250000,14,14,4,0.667,0.0,6.5,0.314,0.103,2.052,0.366,0.182,1.817,across-spokepool-7d 21.00,nomad-2022 1.28,3,1,24,80.0,0
size 0.2 fresh None net1h 0.05 crowd 5 spike 10.0 win 1800 floor 1e+06,14,14,4,0.667,0.0,6.5,0.183,0.103,0.845,0.183,0.182,1.778,across-spokepool-7d 3.50,nomad-2022 1.28,3,1,14,87.9,0
size 0.2 fresh None net1h 0.05 crowd 5 spike None win 600 floor 250000,14,14,4,0.667,0.0,6.5,0.248,0.088,1.569,0.275,0.182,1.621,across-spokepool-7d 19.25,nomad-2022 1.28,2,1,19,84.0,0
size 0.2 fresh None net1h 0.05 crowd 5 spike None win 600 floor 1e+06,14,14,4,0.667,0.0,6.5,0.118,0.088,0.362,0.092,0.182,1.582,across-spokepool-7d 1.75,nomad-2022 1.28,2,1,9,91.8,0
size 0.2 fresh None net1h 0.05 crowd 5 spike None win 1800 floor 250000,14,14,4,0.667,0.0,6.5,0.288,0.088,1.931,0.33,0.182,1.621,across-spokepool-7d 21.00,nomad-2022 1.28,3,1,22,81.6,0
size 0.2 fresh None net1h 0.05 crowd 5 spike None win 1800 floor 1e+06,14,14,4,0.667,0.0,6.5,0.157,0.088,0.724,0.147,0.182,1.582,across-spokepool-7d 3.50,nomad-2022 1.28,3,1,12,89.5,0
size 0.2 fresh None net1h 0.05 crowd 10 spike 6.0 win 600 floor 250000,14,14,4,0.667,0.0,4.0,0.301,0.103,1.931,0.348,0.182,0.876,across-spokepool-7d 19.25,nomad-2022 1.28,3,1,23,80.8,0
size 0.2 fresh None net1h 0.05 crowd 10 spike 6.0 win 600 floor 1e+06,14,14,4,0.667,0.0,4.0,0.17,0.103,0.724,0.165,0.182,0.836,across-spokepool-7d 1.75,nomad-2022 1.28,3,1,13,88.7,0
size 0.2 fresh None net1h 0.05 crowd 10 spike 6.0 win 1800 floor 250000,14,14,4,0.667,0.0,4.0,0.327,0.117,2.052,0.366,0.228,0.876,across-spokepool-7d 21.00,nomad-2022 1.28,4,2,25,79.3,0
size 0.2 fresh None net1h 0.05 crowd 10 spike 6.0 win 1800 floor 1e+06,14,14,4,0.667,0.0,4.0,0.196,0.117,0.845,0.183,0.228,0.836,across-spokepool-7d 3.50,nomad-2022 1.28,4,2,15,87.1,0
size 0.2 fresh None net1h 0.05 crowd 10 spike 10.0 win 600 floor 250000,14,14,4,0.667,0.0,6.5,0.261,0.073,1.81,0.293,0.182,0.85,across-spokepool-7d 19.25,nomad-2022 1.28,3,1,20,83.2,0
size 0.2 fresh None net1h 0.05 crowd 10 spike 10.0 win 600 floor 1e+06,14,14,4,0.667,0.0,6.5,0.131,0.073,0.603,0.11,0.182,0.81,across-spokepool-7d 1.75,nomad-2022 1.28,3,1,10,91.0,0
size 0.2 fresh None net1h 0.05 crowd 10 spike 10.0 win 1800 floor 250000,14,14,4,0.667,0.0,6.5,0.288,0.073,2.052,0.33,0.182,0.85,across-spokepool-7d 21.00,nomad-2022 1.28,3,1,22,81.6,0
size 0.2 fresh None net1h 0.05 crowd 10 spike 10.0 win 1800 floor 1e+06,14,14,4,0.667,0.0,6.5,0.157,0.073,0.845,0.147,0.182,0.81,across-spokepool-7d 3.50,nomad-2022 1.28,3,1,12,89.5,0
size 0.2 fresh None net1h 0.05 crowd 10 spike None win 600 floor 250000,14,13,4,0.686,44.2,6.5,0.235,0.073,1.569,0.257,0.182,0.614,across-spokepool-7d 19.25,nomad-2022 1.28,2,1,18,84.3,0
size 0.2 fresh None net1h 0.05 crowd 10 spike None win 600 floor 1e+06,14,13,4,0.686,44.2,6.5,0.105,0.073,0.362,0.073,0.182,0.575,across-spokepool-7d 1.75,nomad-2022 1.28,2,1,8,92.2,0
size 0.2 fresh None net1h 0.05 crowd 10 spike None win 1800 floor 250000,14,13,4,0.686,44.2,6.5,0.274,0.073,1.931,0.312,0.182,0.614,across-spokepool-7d 21.00,nomad-2022 1.28,3,1,21,81.9,0
size 0.2 fresh None net1h 0.05 crowd 10 spike None win 1800 floor 1e+06,14,13,4,0.686,44.2,6.5,0.144,0.073,0.724,0.128,0.182,0.575,across-spokepool-7d 3.50,nomad-2022 1.28,3,1,11,89.8,0
size 0.2 fresh None net1h 0.05 crowd None spike 6.0 win 600 floor 250000,14,14,4,0.667,0.0,4.0,0.261,0.103,1.569,0.293,0.182,0.693,across-spokepool-7d 19.25,nomad-2022 1.28,2,1,20,83.2,0
size 0.2 fresh None net1h 0.05 crowd None spike 6.0 win 600 floor 1e+06,14,14,4,0.667,0.0,4.0,0.131,0.103,0.362,0.11,0.182,0.654,across-spokepool-7d 1.75,nomad-2022 1.28,2,1,10,91.0,0
size 0.2 fresh None net1h 0.05 crowd None spike 6.0 win 1800 floor 250000,14,14,4,0.667,0.0,4.0,0.314,0.117,1.931,0.348,0.228,0.693,across-spokepool-7d 21.00,nomad-2022 1.28,4,2,24,80.0,0
size 0.2 fresh None net1h 0.05 crowd None spike 6.0 win 1800 floor 1e+06,14,14,4,0.667,0.0,4.0,0.183,0.117,0.724,0.165,0.228,0.654,across-spokepool-7d 3.50,nomad-2022 1.28,4,2,14,87.9,0
size 0.2 fresh None net1h 0.05 crowd None spike 10.0 win 600 floor 250000,14,14,4,0.667,0.0,6.5,0.235,0.073,1.569,0.257,0.182,0.667,across-spokepool-7d 19.25,nomad-2022 1.28,2,1,18,84.8,0
size 0.2 fresh None net1h 0.05 crowd None spike 10.0 win 600 floor 1e+06,14,14,4,0.667,0.0,6.5,0.105,0.073,0.362,0.073,0.182,0.627,across-spokepool-7d 1.75,nomad-2022 1.28,2,1,8,92.6,0
size 0.2 fresh None net1h 0.05 crowd None spike 10.0 win 1800 floor 250000,14,14,4,0.667,0.0,6.5,0.261,0.073,1.81,0.293,0.182,0.667,across-spokepool-7d 21.00,nomad-2022 1.28,2,1,20,83.2,0
size 0.2 fresh None net1h 0.05 crowd None spike 10.0 win 1800 floor 1e+06,14,14,4,0.667,0.0,6.5,0.131,0.073,0.603,0.11,0.182,0.627,across-spokepool-7d 3.50,nomad-2022 1.28,2,1,10,91.0,0
size 0.2 fresh None net1h 0.05 crowd None spike None win 600 floor 250000,14,13,4,0.686,44.2,6.5,0.222,0.073,1.448,0.238,0.182,0.418,across-spokepool-7d 19.25,nomad-2022 1.28,2,1,17,85.1,0
size 0.2 fresh None net1h 0.05 crowd None spike None win 600 floor 1e+06,14,13,4,0.686,44.2,6.5,0.091,0.073,0.241,0.055,0.182,0.379,across-spokepool-7d 1.75,nomad-2022 1.28,2,1,7,92.9,0
size 0.2 fresh None net1h 0.05 crowd None spike None win 1800 floor 250000,14,13,4,0.686,44.2,6.5,0.235,0.073,1.569,0.257,0.182,0.418,across-spokepool-7d 21.00,nomad-2022 1.28,2,1,18,84.3,0
size 0.2 fresh None net1h 0.05 crowd None spike None win 1800 floor 1e+06,14,13,4,0.686,44.2,6.5,0.105,0.073,0.362,0.073,0.182,0.379,across-spokepool-7d 3.50,nomad-2022 1.28,2,1,8,92.2,0
size 0.2 fresh None net1h 0.1 crowd 5 spike 6.0 win 600 floor 250000,13,13,4,0.667,0.0,9.0,0.288,0.088,1.931,0.33,0.182,1.843,across-spokepool-7d 19.25,nomad-2022 1.28,3,1,22,74.6,1
size 0.2 fresh None net1h 0.1 crowd 5 spike 6.0 win 600 floor 1e+06,13,13,4,0.667,0.0,9.0,0.157,0.088,0.724,0.147,0.182,1.804,across-spokepool-7d 1.75,nomad-2022 1.28,3,1,12,82.4,1
size 0.2 fresh None net1h 0.1 crowd 5 spike 6.0 win 1800 floor 250000,13,13,4,0.667,0.0,9.0,0.314,0.103,2.052,0.348,0.228,1.843,across-spokepool-7d 21.00,nomad-2022 1.28,4,2,24,73.0,1
size 0.2 fresh None net1h 0.1 crowd 5 spike 6.0 win 1800 floor 1e+06,13,13,4,0.667,0.0,9.0,0.183,0.103,0.845,0.165,0.228,1.804,across-spokepool-7d 3.50,nomad-2022 1.28,4,2,14,80.8,1
size 0.2 fresh None net1h 0.1 crowd 5 spike 10.0 win 600 floor 250000,13,13,4,0.667,0.0,9.0,0.248,0.059,1.81,0.312,0.091,1.804,across-spokepool-7d 19.25,nomad-2022 0.64,2,0,19,76.9,1
size 0.2 fresh None net1h 0.1 crowd 5 spike 10.0 win 600 floor 1e+06,13,13,4,0.667,0.0,9.0,0.118,0.059,0.603,0.128,0.091,1.764,across-spokepool-7d 1.75,nomad-2022 0.64,2,0,9,84.8,1
size 0.2 fresh None net1h 0.1 crowd 5 spike 10.0 win 1800 floor 250000,13,13,4,0.667,0.0,9.0,0.274,0.059,2.052,0.348,0.091,1.804,across-spokepool-7d 21.00,nomad-2022 0.64,2,0,21,75.3,1
size 0.2 fresh None net1h 0.1 crowd 5 spike 10.0 win 1800 floor 1e+06,13,13,4,0.667,0.0,9.0,0.144,0.059,0.845,0.165,0.091,1.764,across-spokepool-7d 3.50,nomad-2022 0.64,2,0,11,83.2,1
size 0.2 fresh None net1h 0.1 crowd 5 spike None win 600 floor 250000,13,12,4,0.686,44.2,9.0,0.196,0.029,1.569,0.257,0.046,1.608,across-spokepool-7d 19.25,nomad-2022 0.64,1,0,15,79.6,1
size 0.2 fresh None net1h 0.1 crowd 5 spike None win 600 floor 1e+06,13,12,4,0.686,44.2,9.0,0.065,0.029,0.362,0.073,0.046,1.568,across-spokepool-7d 1.75,nomad-2022 0.64,1,0,5,87.5,1
size 0.2 fresh None net1h 0.1 crowd 5 spike None win 1800 floor 250000,13,12,4,0.67,7.4,9.0,0.248,0.044,1.931,0.312,0.091,1.608,across-spokepool-7d 21.00,nomad-2022 0.64,2,0,19,76.8,1
size 0.2 fresh None net1h 0.1 crowd 5 spike None win 1800 floor 1e+06,13,12,4,0.67,7.4,9.0,0.118,0.044,0.724,0.128,0.091,1.568,across-spokepool-7d 3.50,nomad-2022 0.64,2,0,9,84.7,1
size 0.2 fresh None net1h 0.1 crowd 10 spike 6.0 win 600 floor 250000,13,12,4,0.67,7.4,9.0,0.274,0.073,1.931,0.312,0.182,0.876,across-spokepool-7d 19.25,nomad-2022 1.28,3,1,21,75.3,1
size 0.2 fresh None net1h 0.1 crowd 10 spike 6.0 win 600 floor 1e+06,13,12,4,0.67,7.4,9.0,0.144,0.073,0.724,0.128,0.182,0.836,across-spokepool-7d 1.75,nomad-2022 1.28,3,1,11,83.1,1
size 0.2 fresh None net1h 0.1 crowd 10 spike 6.0 win 1800 floor 250000,13,12,4,0.67,7.4,9.0,0.301,0.088,2.052,0.33,0.228,0.876,across-spokepool-7d 21.00,nomad-2022 1.28,4,2,23,73.7,1
size 0.2 fresh None net1h 0.1 crowd 10 spike 6.0 win 1800 floor 1e+06,13,12,4,0.67,7.4,9.0,0.17,0.088,0.845,0.147,0.228,0.836,across-spokepool-7d 3.50,nomad-2022 1.28,4,2,13,81.6,1
size 0.2 fresh None net1h 0.1 crowd 10 spike 10.0 win 600 floor 250000,13,12,4,0.686,44.2,9.0,0.222,0.029,1.81,0.275,0.091,0.836,across-spokepool-7d 19.25,nomad-2022 0.64,2,0,17,78.0,1
size 0.2 fresh None net1h 0.1 crowd 10 spike 10.0 win 600 floor 1e+06,13,12,4,0.686,44.2,9.0,0.091,0.029,0.603,0.092,0.091,0.797,across-spokepool-7d 1.75,nomad-2022 0.64,2,0,7,85.9,1
size 0.2 fresh None net1h 0.1 crowd 10 spike 10.0 win 1800 floor 250000,13,12,4,0.67,7.4,9.0,0.248,0.029,2.052,0.312,0.091,0.836,across-spokepool-7d 21.00,nomad-2022 0.64,2,0,19,76.8,1
size 0.2 fresh None net1h 0.1 crowd 10 spike 10.0 win 1800 floor 1e+06,13,12,4,0.67,7.4,9.0,0.118,0.029,0.845,0.128,0.091,0.797,across-spokepool-7d 3.50,nomad-2022 0.64,2,0,9,84.7,1
size 0.2 fresh None net1h 0.1 crowd 10 spike None win 600 floor 250000,13,12,4,0.686,44.2,9.0,0.183,0.015,1.569,0.238,0.046,0.601,across-spokepool-7d 19.25,nomad-2022 0.64,1,0,14,80.4,1
size 0.2 fresh None net1h 0.1 crowd 10 spike None win 600 floor 1e+06,13,12,4,0.686,44.2,9.0,0.052,0.015,0.362,0.055,0.046,0.562,across-spokepool-7d 1.75,nomad-2022 0.64,1,0,4,88.2,1
size 0.2 fresh None net1h 0.1 crowd 10 spike None win 1800 floor 250000,13,12,4,0.686,44.2,9.0,0.222,0.015,1.931,0.293,0.046,0.601,across-spokepool-7d 21.00,nomad-2022 0.64,2,0,17,78.0,1
size 0.2 fresh None net1h 0.1 crowd 10 spike None win 1800 floor 1e+06,13,12,4,0.686,44.2,9.0,0.091,0.015,0.724,0.11,0.046,0.562,across-spokepool-7d 3.50,nomad-2022 0.64,2,0,7,85.9,1
size 0.2 fresh None net1h 0.1 crowd None spike 6.0 win 600 floor 250000,13,12,4,0.67,7.4,9.0,0.235,0.073,1.569,0.257,0.182,0.693,across-spokepool-7d 19.25,nomad-2022 1.28,2,1,18,77.6,1
size 0.2 fresh None net1h 0.1 crowd None spike 6.0 win 600 floor 1e+06,13,12,4,0.67,7.4,9.0,0.105,0.073,0.362,0.073,0.182,0.654,across-spokepool-7d 1.75,nomad-2022 1.28,2,1,8,85.5,1
size 0.2 fresh None net1h 0.1 crowd None spike 6.0 win 1800 floor 250000,13,12,4,0.67,7.4,9.0,0.288,0.088,1.931,0.312,0.228,0.693,across-spokepool-7d 21.00,nomad-2022 1.28,4,2,22,74.5,1
size 0.2 fresh None net1h 0.1 crowd None spike 6.0 win 1800 floor 1e+06,13,12,4,0.67,7.4,9.0,0.157,0.088,0.724,0.128,0.228,0.654,across-spokepool-7d 3.50,nomad-2022 1.28,4,2,12,82.3,1
size 0.2 fresh None net1h 0.1 crowd None spike 10.0 win 600 floor 250000,13,12,4,0.686,44.2,9.0,0.196,0.029,1.569,0.238,0.091,0.654,across-spokepool-7d 19.25,nomad-2022 0.64,1,0,15,79.6,1
size 0.2 fresh None net1h 0.1 crowd None spike 10.0 win 600 floor 1e+06,13,12,4,0.686,44.2,9.0,0.065,0.029,0.362,0.055,0.091,0.614,across-spokepool-7d 1.75,nomad-2022 0.64,1,0,5,87.5,1
size 0.2 fresh None net1h 0.1 crowd None spike 10.0 win 1800 floor 250000,13,12,4,0.67,7.4,9.0,0.222,0.029,1.81,0.275,0.091,0.654,across-spokepool-7d 21.00,nomad-2022 0.64,1,0,17,78.4,1
size 0.2 fresh None net1h 0.1 crowd None spike 10.0 win 1800 floor 1e+06,13,12,4,0.67,7.4,9.0,0.091,0.029,0.603,0.092,0.091,0.614,across-spokepool-7d 3.50,nomad-2022 0.64,1,0,7,86.3,1
size 0.2 fresh None net1h 0.1 crowd None spike None win 600 floor 250000,13,12,4,0.686,44.2,9.0,0.17,0.015,1.448,0.22,0.046,0.405,across-spokepool-7d 19.25,nomad-2022 0.64,1,0,13,81.2,1
size 0.2 fresh None net1h 0.1 crowd None spike None win 600 floor 1e+06,13,12,4,0.686,44.2,9.0,0.039,0.015,0.241,0.037,0.046,0.366,across-spokepool-7d 1.75,nomad-2022 0.64,1,0,3,89.0,1
size 0.2 fresh None net1h 0.1 crowd None spike None win 1800 floor 250000,13,12,4,0.686,44.2,9.0,0.183,0.015,1.569,0.238,0.046,0.405,across-spokepool-7d 21.00,nomad-2022 0.64,1,0,14,80.4,1
size 0.2 fresh None net1h 0.1 crowd None spike None win 1800 floor 1e+06,13,12,4,0.686,44.2,9.0,0.052,0.015,0.362,0.055,0.046,0.366,across-spokepool-7d 3.50,nomad-2022 0.64,1,0,4,88.2,1
size 0.2 fresh None net1h 0.2 crowd 5 spike 6.0 win 600 floor 250000,13,13,4,0.667,0.0,9.0,0.288,0.088,1.931,0.33,0.182,1.843,across-spokepool-7d 19.25,nomad-2022 1.28,3,1,22,74.6,1
size 0.2 fresh None net1h 0.2 crowd 5 spike 6.0 win 600 floor 1e+06,13,13,4,0.667,0.0,9.0,0.157,0.088,0.724,0.147,0.182,1.804,across-spokepool-7d 1.75,nomad-2022 1.28,3,1,12,82.4,1
size 0.2 fresh None net1h 0.2 crowd 5 spike 6.0 win 1800 floor 250000,13,13,4,0.667,0.0,9.0,0.314,0.103,2.052,0.348,0.228,1.843,across-spokepool-7d 21.00,nomad-2022 1.28,4,2,24,73.0,1
size 0.2 fresh None net1h 0.2 crowd 5 spike 6.0 win 1800 floor 1e+06,13,13,4,0.667,0.0,9.0,0.183,0.103,0.845,0.165,0.228,1.804,across-spokepool-7d 3.50,nomad-2022 1.28,4,2,14,80.8,1
size 0.2 fresh None net1h 0.2 crowd 5 spike 10.0 win 600 floor 250000,13,13,4,0.667,0.0,9.0,0.235,0.059,1.69,0.293,0.091,1.804,across-spokepool-7d 19.25,nomad-2022 0.64,1,0,18,77.7,1
size 0.2 fresh None net1h 0.2 crowd 5 spike 10.0 win 600 floor 1e+06,13,13,4,0.667,0.0,9.0,0.105,0.059,0.483,0.11,0.091,1.764,across-spokepool-7d 1.75,nomad-2022 0.64,1,0,8,85.6,1
size 0.2 fresh None net1h 0.2 crowd 5 spike 10.0 win 1800 floor 250000,13,13,4,0.667,0.0,9.0,0.248,0.059,1.81,0.312,0.091,1.804,across-spokepool-7d 21.00,nomad-2022 0.64,1,0,19,76.9,1
size 0.2 fresh None net1h 0.2 crowd 5 spike 10.0 win 1800 floor 1e+06,13,13,4,0.667,0.0,9.0,0.118,0.059,0.603,0.128,0.091,1.764,across-spokepool-7d 3.50,nomad-2022 0.64,1,0,9,84.8,1
size 0.2 fresh None net1h 0.2 crowd 5 spike None win 600 floor 250000,13,11,4,0.698,54.0,10.0,0.183,0.029,1.448,0.238,0.046,1.608,across-spokepool-7d 19.25,nomad-2022 0.64,1,0,14,80.3,1
size 0.2 fresh None net1h 0.2 crowd 5 spike None win 600 floor 1e+06,13,11,4,0.698,54.0,10.0,0.052,0.029,0.241,0.055,0.046,1.568,across-spokepool-7d 1.75,nomad-2022 0.64,1,0,4,88.2,1
size 0.2 fresh None net1h 0.2 crowd 5 spike None win 1800 floor 250000,13,11,4,0.698,54.0,10.0,0.222,0.044,1.69,0.275,0.091,1.608,across-spokepool-7d 21.00,nomad-2022 0.64,1,0,17,77.9,1
size 0.2 fresh None net1h 0.2 crowd 5 spike None win 1800 floor 1e+06,13,11,4,0.698,54.0,10.0,0.091,0.044,0.483,0.092,0.091,1.568,across-spokepool-7d 3.50,nomad-2022 0.64,1,0,7,85.8,1
size 0.2 fresh None net1h 0.2 crowd 10 spike 6.0 win 600 floor 250000,13,12,4,0.686,44.2,9.0,0.274,0.073,1.931,0.312,0.182,0.876,across-spokepool-7d 19.25,nomad-2022 1.28,3,1,21,74.9,1
size 0.2 fresh None net1h 0.2 crowd 10 spike 6.0 win 600 floor 1e+06,13,12,4,0.686,44.2,9.0,0.144,0.073,0.724,0.128,0.182,0.836,across-spokepool-7d 1.75,nomad-2022 1.28,3,1,11,82.7,1
size 0.2 fresh None net1h 0.2 crowd 10 spike 6.0 win 1800 floor 250000,13,12,4,0.686,44.2,9.0,0.301,0.088,2.052,0.33,0.228,0.876,across-spokepool-7d 21.00,nomad-2022 1.28,4,2,23,73.3,1
size 0.2 fresh None net1h 0.2 crowd 10 spike 6.0 win 1800 floor 1e+06,13,12,4,0.686,44.2,9.0,0.17,0.088,0.845,0.147,0.228,0.836,across-spokepool-7d 3.50,nomad-2022 1.28,4,2,13,81.2,1
size 0.2 fresh None net1h 0.2 crowd 10 spike 10.0 win 600 floor 250000,13,12,4,0.686,44.2,9.0,0.209,0.029,1.69,0.257,0.091,0.836,across-spokepool-7d 19.25,nomad-2022 0.64,1,0,16,78.8,1
size 0.2 fresh None net1h 0.2 crowd 10 spike 10.0 win 600 floor 1e+06,13,12,4,0.686,44.2,9.0,0.078,0.029,0.483,0.073,0.091,0.797,across-spokepool-7d 1.75,nomad-2022 0.64,1,0,6,86.7,1
size 0.2 fresh None net1h 0.2 crowd 10 spike 10.0 win 1800 floor 250000,13,12,4,0.686,44.2,9.0,0.222,0.029,1.81,0.275,0.091,0.836,across-spokepool-7d 21.00,nomad-2022 0.64,1,0,17,78.0,1
size 0.2 fresh None net1h 0.2 crowd 10 spike 10.0 win 1800 floor 1e+06,13,12,4,0.686,44.2,9.0,0.091,0.029,0.603,0.092,0.091,0.797,across-spokepool-7d 3.50,nomad-2022 0.64,1,0,7,85.9,1
size 0.2 fresh None net1h 0.2 crowd 10 spike None win 600 floor 250000,13,11,4,0.698,54.0,10.0,0.157,0.0,1.448,0.22,0.0,0.601,across-spokepool-7d 19.25,force-bridge-2025 0.00,1,0,12,81.9,1
size 0.2 fresh None net1h 0.2 crowd 10 spike None win 600 floor 1e+06,13,11,4,0.698,54.0,10.0,0.026,0.0,0.241,0.037,0.0,0.562,across-spokepool-7d 1.75,force-bridge-2025 0.00,1,0,2,89.7,1
size 0.2 fresh None net1h 0.2 crowd 10 spike None win 1800 floor 250000,13,11,4,0.698,54.0,10.0,0.183,0.0,1.69,0.257,0.0,0.601,across-spokepool-7d 21.00,force-bridge-2025 0.00,1,0,14,80.3,1
size 0.2 fresh None net1h 0.2 crowd 10 spike None win 1800 floor 1e+06,13,11,4,0.698,54.0,10.0,0.052,0.0,0.483,0.073,0.0,0.562,across-spokepool-7d 3.50,force-bridge-2025 0.00,1,0,4,88.2,1
size 0.2 fresh None net1h 0.2 crowd None spike 6.0 win 600 floor 250000,13,12,4,0.686,44.2,9.0,0.235,0.073,1.569,0.257,0.182,0.693,across-spokepool-7d 19.25,nomad-2022 1.28,2,1,18,77.2,1
size 0.2 fresh None net1h 0.2 crowd None spike 6.0 win 600 floor 1e+06,13,12,4,0.686,44.2,9.0,0.105,0.073,0.362,0.073,0.182,0.654,across-spokepool-7d 1.75,nomad-2022 1.28,2,1,8,85.1,1
size 0.2 fresh None net1h 0.2 crowd None spike 6.0 win 1800 floor 250000,13,12,4,0.686,44.2,9.0,0.274,0.088,1.81,0.293,0.228,0.693,across-spokepool-7d 21.00,nomad-2022 1.28,3,2,21,74.9,1
size 0.2 fresh None net1h 0.2 crowd None spike 6.0 win 1800 floor 1e+06,13,12,4,0.686,44.2,9.0,0.144,0.088,0.603,0.11,0.228,0.654,across-spokepool-7d 3.50,nomad-2022 1.28,3,2,11,82.7,1
size 0.2 fresh None net1h 0.2 crowd None spike 10.0 win 600 floor 250000,13,12,4,0.686,44.2,9.0,0.183,0.029,1.448,0.22,0.091,0.654,across-spokepool-7d 19.25,nomad-2022 0.64,1,0,14,80.4,1
size 0.2 fresh None net1h 0.2 crowd None spike 10.0 win 600 floor 1e+06,13,12,4,0.686,44.2,9.0,0.052,0.029,0.241,0.037,0.091,0.614,across-spokepool-7d 1.75,nomad-2022 0.64,1,0,4,88.2,1
size 0.2 fresh None net1h 0.2 crowd None spike 10.0 win 1800 floor 250000,13,12,4,0.686,44.2,9.0,0.209,0.029,1.69,0.257,0.091,0.654,across-spokepool-7d 21.00,nomad-2022 0.64,1,0,16,78.8,1
size 0.2 fresh None net1h 0.2 crowd None spike 10.0 win 1800 floor 1e+06,13,12,4,0.686,44.2,9.0,0.078,0.029,0.483,0.073,0.091,0.614,across-spokepool-7d 3.50,nomad-2022 0.64,1,0,6,86.7,1
size 0.2 fresh None net1h 0.2 crowd None spike None win 600 floor 250000,13,11,4,0.698,54.0,10.0,0.144,0.0,1.328,0.202,0.0,0.405,across-spokepool-7d 19.25,force-bridge-2025 0.00,1,0,11,82.7,1
size 0.2 fresh None net1h 0.2 crowd None spike None win 600 floor 1e+06,13,11,4,0.698,54.0,10.0,0.013,0.0,0.121,0.018,0.0,0.366,across-spokepool-7d 1.75,force-bridge-2025 0.00,1,0,1,90.5,1
size 0.2 fresh None net1h 0.2 crowd None spike None win 1800 floor 250000,13,11,4,0.698,54.0,10.0,0.157,0.0,1.448,0.22,0.0,0.405,across-spokepool-7d 21.00,force-bridge-2025 0.00,1,0,12,81.9,1
size 0.2 fresh None net1h 0.2 crowd None spike None win 1800 floor 1e+06,13,11,4,0.698,54.0,10.0,0.026,0.0,0.241,0.037,0.0,0.366,across-spokepool-7d 3.50,force-bridge-2025 0.00,1,0,2,89.7,1
size None fresh 0.005 net1h 0.05 crowd 5 spike 6.0 win 600 floor 250000,14,14,4,0.667,0.0,4.0,0.405,0.191,2.172,0.44,0.319,2.235,across-spokepool-7d 19.25,poly-2021 2.55,4,2,31,74.5,0
size None fresh 0.005 net1h 0.05 crowd 5 spike 6.0 win 600 floor 1e+06,14,14,4,0.667,0.0,4.0,0.248,0.191,0.724,0.22,0.319,1.974,poly-2021 2.55,poly-2021 2.55,4,2,19,84.0,0
size None fresh 0.005 net1h 0.05 crowd 5 spike 6.0 win 1800 floor 250000,14,14,4,0.667,0.0,4.0,0.444,0.22,2.293,0.476,0.365,2.235,across-spokepool-7d 21.00,poly-2021 3.19,4,2,34,72.2,0
size None fresh 0.005 net1h 0.05 crowd 5 spike 6.0 win 1800 floor 1e+06,14,14,4,0.667,0.0,4.0,0.274,0.205,0.845,0.238,0.365,1.974,across-spokepool-7d 3.50,poly-2021 3.19,4,2,21,82.4,0
size None fresh 0.005 net1h 0.05 crowd 5 spike 10.0 win 600 floor 250000,14,14,4,0.667,0.0,4.0,0.379,0.161,2.172,0.44,0.228,2.235,across-spokepool-7d 19.25,nomad-2022 1.28,4,2,29,76.1,0
size None fresh 0.005 net1h 0.05 crowd 5 spike 10.0 win 600 floor 1e+06,14,14,4,0.667,0.0,4.0,0.209,0.161,0.603,0.202,0.228,1.974,across-spokepool-7d 1.75,nomad-2022 1.28,4,2,16,86.3,0
size None fresh 0.005 net1h 0.05 crowd 5 spike 10.0 win 1800 floor 250000,14,14,4,0.667,0.0,4.0,0.405,0.176,2.293,0.476,0.228,2.235,across-spokepool-7d 21.00,nomad-2022 1.28,4,2,31,74.5,0
size None fresh 0.005 net1h 0.05 crowd 5 spike 10.0 win 1800 floor 1e+06,14,14,4,0.667,0.0,4.0,0.235,0.161,0.845,0.238,0.228,1.974,across-spokepool-7d 3.50,nomad-2022 1.28,4,2,18,84.8,0
size None fresh 0.005 net1h 0.05 crowd 5 spike None win 600 floor 250000,14,14,4,0.667,0.0,4.0,0.353,0.132,2.172,0.403,0.228,2.052,across-spokepool-7d 19.25,nomad-2022 1.28,4,2,27,77.7,0
size None fresh 0.005 net1h 0.05 crowd 5 spike None win 600 floor 1e+06,14,14,4,0.667,0.0,4.0,0.157,0.132,0.362,0.128,0.228,1.791,across-spokepool-7d 1.75,nomad-2022 1.28,3,2,12,89.5,0
size None fresh 0.005 net1h 0.05 crowd 5 spike None win 1800 floor 250000,14,14,4,0.667,0.0,4.0,0.379,0.147,2.293,0.44,0.228,2.052,across-spokepool-7d 21.00,nomad-2022 1.28,4,2,29,76.1,0
size None fresh 0.005 net1h 0.05 crowd 5 spike None win 1800 floor 1e+06,14,14,4,0.667,0.0,4.0,0.196,0.132,0.724,0.183,0.228,1.791,across-spokepool-7d 3.50,nomad-2022 1.28,4,2,15,87.1,0
size None fresh 0.005 net1h 0.05 crowd 10 spike 6.0 win 600 floor 250000,14,14,4,0.667,0.0,4.0,0.34,0.147,1.931,0.366,0.273,1.346,across-spokepool-7d 19.25,poly-2021 1.92,4,2,26,78.5,0
size None fresh 0.005 net1h 0.05 crowd 10 spike 6.0 win 600 floor 1e+06,14,14,4,0.667,0.0,4.0,0.209,0.147,0.724,0.183,0.273,1.033,poly-2021 1.92,poly-2021 1.92,4,2,16,86.3,0
size None fresh 0.005 net1h 0.05 crowd 10 spike 6.0 win 1800 floor 250000,14,14,4,0.667,0.0,4.0,0.366,0.161,2.052,0.385,0.319,1.346,across-spokepool-7d 21.00,poly-2021 2.55,4,2,28,76.9,0
size None fresh 0.005 net1h 0.05 crowd 10 spike 6.0 win 1800 floor 1e+06,14,14,4,0.667,0.0,4.0,0.235,0.161,0.845,0.202,0.319,1.033,across-spokepool-7d 3.50,poly-2021 2.55,4,2,18,84.8,0
size None fresh 0.005 net1h 0.05 crowd 10 spike 10.0 win 600 floor 250000,14,14,4,0.667,0.0,4.0,0.314,0.117,1.931,0.366,0.182,1.346,across-spokepool-7d 19.25,nomad-2022 1.28,3,1,24,80.0,0
size None fresh 0.005 net1h 0.05 crowd 10 spike 10.0 win 600 floor 1e+06,14,14,4,0.667,0.0,4.0,0.17,0.117,0.603,0.165,0.182,1.033,across-spokepool-7d 1.75,nomad-2022 1.28,3,1,13,88.7,0
size None fresh 0.005 net1h 0.05 crowd 10 spike 10.0 win 1800 floor 250000,14,14,4,0.667,0.0,4.0,0.327,0.117,2.052,0.385,0.182,1.346,across-spokepool-7d 21.00,nomad-2022 1.28,3,1,25,79.3,0
size None fresh 0.005 net1h 0.05 crowd 10 spike 10.0 win 1800 floor 1e+06,14,14,4,0.667,0.0,4.0,0.196,0.117,0.845,0.202,0.182,1.033,across-spokepool-7d 3.50,nomad-2022 1.28,3,1,15,87.1,0
size None fresh 0.005 net1h 0.05 crowd 10 spike None win 600 floor 250000,14,14,4,0.667,0.0,4.0,0.301,0.103,1.931,0.348,0.182,1.124,across-spokepool-7d 19.25,nomad-2022 1.28,3,1,23,80.8,0
size None fresh 0.005 net1h 0.05 crowd 10 spike None win 600 floor 1e+06,14,14,4,0.667,0.0,4.0,0.131,0.103,0.362,0.11,0.182,0.81,across-spokepool-7d 1.75,nomad-2022 1.28,2,1,10,91.0,0
size None fresh 0.005 net1h 0.05 crowd 10 spike None win 1800 floor 250000,14,14,4,0.667,0.0,4.0,0.314,0.103,2.052,0.366,0.182,1.124,across-spokepool-7d 21.00,nomad-2022 1.28,3,1,24,80.0,0
size None fresh 0.005 net1h 0.05 crowd 10 spike None win 1800 floor 1e+06,14,14,4,0.667,0.0,4.0,0.17,0.103,0.724,0.165,0.182,0.81,across-spokepool-7d 3.50,nomad-2022 1.28,3,1,13,88.7,0
size None fresh 0.005 net1h 0.05 crowd None spike 6.0 win 600 floor 250000,14,14,4,0.667,0.0,4.0,0.34,0.147,1.931,0.366,0.273,1.163,across-spokepool-7d 19.25,poly-2021 1.92,4,2,26,78.5,0
size None fresh 0.005 net1h 0.05 crowd None spike 6.0 win 600 floor 1e+06,14,14,4,0.667,0.0,4.0,0.17,0.147,0.362,0.128,0.273,0.85,poly-2021 1.92,poly-2021 1.92,3,2,13,88.7,0
size None fresh 0.005 net1h 0.05 crowd None spike 6.0 win 1800 floor 250000,14,14,4,0.667,0.0,4.0,0.366,0.161,2.052,0.385,0.319,1.163,across-spokepool-7d 21.00,poly-2021 2.55,4,2,28,76.9,0
size None fresh 0.005 net1h 0.05 crowd None spike 6.0 win 1800 floor 1e+06,14,14,4,0.667,0.0,4.0,0.222,0.161,0.724,0.183,0.319,0.85,across-spokepool-7d 3.50,poly-2021 2.55,4,2,17,85.5,0
size None fresh 0.005 net1h 0.05 crowd None spike 10.0 win 600 floor 250000,14,14,4,0.667,0.0,4.0,0.301,0.117,1.81,0.348,0.182,1.163,across-spokepool-7d 19.25,nomad-2022 1.28,3,1,23,80.8,0
size None fresh 0.005 net1h 0.05 crowd None spike 10.0 win 600 floor 1e+06,14,14,4,0.667,0.0,4.0,0.144,0.117,0.362,0.128,0.182,0.85,across-spokepool-7d 1.75,nomad-2022 1.28,2,1,11,90.3,0
size None fresh 0.005 net1h 0.05 crowd None spike 10.0 win 1800 floor 250000,14,14,4,0.667,0.0,4.0,0.327,0.117,2.052,0.385,0.182,1.163,across-spokepool-7d 21.00,nomad-2022 1.28,3,1,25,79.3,0
size None fresh 0.005 net1h 0.05 crowd None spike 10.0 win 1800 floor 1e+06,14,14,4,0.667,0.0,4.0,0.17,0.117,0.603,0.165,0.182,0.85,across-spokepool-7d 3.50,nomad-2022 1.28,2,1,13,88.7,0
size None fresh 0.005 net1h 0.05 crowd None spike None win 600 floor 250000,14,14,4,0.667,0.0,4.0,0.261,0.103,1.569,0.293,0.182,0.941,across-spokepool-7d 19.25,nomad-2022 1.28,2,1,20,83.2,0
size None fresh 0.005 net1h 0.05 crowd None spike None win 600 floor 1e+06,14,14,4,0.667,0.0,4.0,0.118,0.103,0.241,0.092,0.182,0.614,across-spokepool-7d 1.75,nomad-2022 1.28,2,1,9,91.8,0
size None fresh 0.005 net1h 0.05 crowd None spike None win 1800 floor 250000,14,14,4,0.667,0.0,4.0,0.301,0.103,1.931,0.348,0.182,0.941,across-spokepool-7d 21.00,nomad-2022 1.28,3,1,23,80.8,0
size None fresh 0.005 net1h 0.05 crowd None spike None win 1800 floor 1e+06,14,14,4,0.667,0.0,4.0,0.131,0.103,0.362,0.11,0.182,0.614,across-spokepool-7d 3.50,nomad-2022 1.28,2,1,10,91.0,0
size None fresh 0.005 net1h 0.1 crowd 5 spike 6.0 win 600 floor 250000,14,14,4,0.667,0.0,4.0,0.392,0.176,2.172,0.421,0.319,2.235,across-spokepool-7d 19.25,poly-2021 2.55,4,2,30,75.3,0
size None fresh 0.005 net1h 0.1 crowd 5 spike 6.0 win 600 floor 1e+06,14,14,4,0.667,0.0,4.0,0.235,0.176,0.724,0.202,0.319,1.974,poly-2021 2.55,poly-2021 2.55,4,2,18,84.8,0
size None fresh 0.005 net1h 0.1 crowd 5 spike 6.0 win 1800 floor 250000,14,14,4,0.667,0.0,4.0,0.431,0.205,2.293,0.458,0.365,2.235,across-spokepool-7d 21.00,poly-2021 3.19,4,2,33,73.0,0
size None fresh 0.005 net1h 0.1 crowd 5 spike 6.0 win 1800 floor 1e+06,14,14,4,0.667,0.0,4.0,0.261,0.191,0.845,0.22,0.365,1.974,across-spokepool-7d 3.50,poly-2021 3.19,4,2,20,83.2,0
size None fresh 0.005 net1h 0.1 crowd 5 spike 10.0 win 600 floor 250000,14,14,4,0.667,0.0,6.5,0.34,0.117,2.172,0.403,0.182,2.235,across-spokepool-7d 19.25,poly-2021 1.28,3,1,26,78.5,0
size None fresh 0.005 net1h 0.1 crowd 5 spike 10.0 win 600 floor 1e+06,14,14,4,0.667,0.0,6.5,0.17,0.117,0.603,0.165,0.182,1.974,across-spokepool-7d 1.75,poly-2021 1.28,3,1,13,88.7,0
size None fresh 0.005 net1h 0.1 crowd 5 spike 10.0 win 1800 floor 250000,14,14,4,0.667,0.0,6.5,0.366,0.132,2.293,0.44,0.182,2.235,across-spokepool-7d 21.00,poly-2021 1.28,3,1,28,76.9,0
size None fresh 0.005 net1h 0.1 crowd 5 spike 10.0 win 1800 floor 1e+06,14,14,4,0.667,0.0,6.5,0.196,0.117,0.845,0.202,0.182,1.974,across-spokepool-7d 3.50,poly-2021 1.28,3,1,15,87.1,0
size None fresh 0.005 net1h 0.1 crowd 5 spike None win 600 floor 250000,14,14,4,0.667,0.0,6.5,0.314,0.088,2.172,0.366,0.182,2.052,across-spokepool-7d 19.25,poly-2021 1.28,3,1,24,80.0,0
size None fresh 0.005 net1h 0.1 crowd 5 spike None win 600 floor 1e+06,14,14,4,0.667,0.0,6.5,0.118,0.088,0.362,0.092,0.182,1.791,across-spokepool-7d 1.75,poly-2021 1.28,2,1,9,91.8,0
size None fresh 0.005 net1h 0.1 crowd 5 spike None win 1800 floor 250000,14,14,4,0.667,0.0,6.5,0.34,0.103,2.293,0.403,0.182,2.052,across-spokepool-7d 21.00,poly-2021 1.28,3,1,26,78.5,0
size None fresh 0.005 net1h 0.1 crowd 5 spike None win 1800 floor 1e+06,14,14,4,0.667,0.0,6.5,0.157,0.088,0.724,0.147,0.182,1.791,across-spokepool-7d 3.50,poly-2021 1.28,3,1,12,89.5,0
size None fresh 0.005 net1h 0.1 crowd 10 spike 6.0 win 600 floor 250000,14,14,4,0.667,0.0,4.0,0.327,0.132,1.931,0.348,0.273,1.346,across-spokepool-7d 19.25,poly-2021 1.92,4,2,25,79.3,0
size None fresh 0.005 net1h 0.1 crowd 10 spike 6.0 win 600 floor 1e+06,14,14,4,0.667,0.0,4.0,0.196,0.132,0.724,0.165,0.273,1.033,poly-2021 1.92,poly-2021 1.92,4,2,15,87.1,0
size None fresh 0.005 net1h 0.1 crowd 10 spike 6.0 win 1800 floor 250000,14,14,4,0.667,0.0,4.0,0.353,0.147,2.052,0.366,0.319,1.346,across-spokepool-7d 21.00,poly-2021 2.55,4,2,27,77.7,0
size None fresh 0.005 net1h 0.1 crowd 10 spike 6.0 win 1800 floor 1e+06,14,14,4,0.667,0.0,4.0,0.222,0.147,0.845,0.183,0.319,1.033,across-spokepool-7d 3.50,poly-2021 2.55,4,2,17,85.5,0
size None fresh 0.005 net1h 0.1 crowd 10 spike 10.0 win 600 floor 250000,14,14,4,0.667,0.0,6.5,0.274,0.073,1.931,0.33,0.137,1.346,across-spokepool-7d 19.25,nomad-2022 0.64,2,0,21,82.4,0
size None fresh 0.005 net1h 0.1 crowd 10 spike 10.0 win 600 floor 1e+06,14,14,4,0.667,0.0,6.5,0.131,0.073,0.603,0.128,0.137,1.033,across-spokepool-7d 1.75,nomad-2022 0.64,2,0,10,91.0,0
size None fresh 0.005 net1h 0.1 crowd 10 spike 10.0 win 1800 floor 250000,14,14,4,0.667,0.0,6.5,0.288,0.073,2.052,0.348,0.137,1.346,across-spokepool-7d 21.00,nomad-2022 0.64,2,0,22,81.6,0
size None fresh 0.005 net1h 0.1 crowd 10 spike 10.0 win 1800 floor 1e+06,14,14,4,0.667,0.0,6.5,0.157,0.073,0.845,0.165,0.137,1.033,across-spokepool-7d 3.50,nomad-2022 0.64,2,0,12,89.5,0
size None fresh 0.005 net1h 0.1 crowd 10 spike None win 600 floor 250000,14,13,4,0.67,7.4,6.5,0.248,0.044,1.931,0.312,0.091,1.124,across-spokepool-7d 19.25,nomad-2022 0.64,2,0,19,83.9,0
size None fresh 0.005 net1h 0.1 crowd 10 spike None win 600 floor 1e+06,14,13,4,0.67,7.4,6.5,0.078,0.044,0.362,0.073,0.091,0.81,across-spokepool-7d 1.75,nomad-2022 0.64,1,0,6,94.1,0
size None fresh 0.005 net1h 0.1 crowd 10 spike None win 1800 floor 250000,14,13,4,0.67,7.4,6.5,0.274,0.059,2.052,0.33,0.137,1.124,across-spokepool-7d 21.00,nomad-2022 0.64,2,0,21,82.3,0
size None fresh 0.005 net1h 0.1 crowd 10 spike None win 1800 floor 1e+06,14,13,4,0.67,7.4,6.5,0.131,0.059,0.724,0.128,0.137,0.81,across-spokepool-7d 3.50,nomad-2022 0.64,2,0,10,91.0,0
size None fresh 0.005 net1h 0.1 crowd None spike 6.0 win 600 floor 250000,14,14,4,0.667,0.0,4.0,0.327,0.132,1.931,0.348,0.273,1.163,across-spokepool-7d 19.25,poly-2021 1.92,4,2,25,79.3,0
size None fresh 0.005 net1h 0.1 crowd None spike 6.0 win 600 floor 1e+06,14,14,4,0.667,0.0,4.0,0.157,0.132,0.362,0.11,0.273,0.85,poly-2021 1.92,poly-2021 1.92,3,2,12,89.5,0
size None fresh 0.005 net1h 0.1 crowd None spike 6.0 win 1800 floor 250000,14,14,4,0.667,0.0,4.0,0.353,0.147,2.052,0.366,0.319,1.163,across-spokepool-7d 21.00,poly-2021 2.55,4,2,27,77.7,0
size None fresh 0.005 net1h 0.1 crowd None spike 6.0 win 1800 floor 1e+06,14,14,4,0.667,0.0,4.0,0.209,0.147,0.724,0.165,0.319,0.85,across-spokepool-7d 3.50,poly-2021 2.55,4,2,16,86.3,0
size None fresh 0.005 net1h 0.1 crowd None spike 10.0 win 600 floor 250000,14,14,4,0.667,0.0,6.5,0.261,0.073,1.81,0.312,0.137,1.163,across-spokepool-7d 19.25,nomad-2022 0.64,2,0,20,83.2,0
size None fresh 0.005 net1h 0.1 crowd None spike 10.0 win 600 floor 1e+06,14,14,4,0.667,0.0,6.5,0.105,0.073,0.362,0.092,0.137,0.85,across-spokepool-7d 1.75,nomad-2022 0.64,1,0,8,92.6,0
size None fresh 0.005 net1h 0.1 crowd None spike 10.0 win 1800 floor 250000,14,14,4,0.667,0.0,6.5,0.288,0.073,2.052,0.348,0.137,1.163,across-spokepool-7d 21.00,nomad-2022 0.64,2,0,22,81.6,0
size None fresh 0.005 net1h 0.1 crowd None spike 10.0 win 1800 floor 1e+06,14,14,4,0.667,0.0,6.5,0.131,0.073,0.603,0.128,0.137,0.85,across-spokepool-7d 3.50,nomad-2022 0.64,1,0,10,91.0,0
size None fresh 0.005 net1h 0.1 crowd None spike None win 600 floor 250000,14,13,4,0.67,7.4,6.5,0.209,0.044,1.569,0.257,0.091,0.941,across-spokepool-7d 19.25,nomad-2022 0.64,1,0,16,86.3,0
size None fresh 0.005 net1h 0.1 crowd None spike None win 600 floor 1e+06,14,13,4,0.67,7.4,6.5,0.065,0.044,0.241,0.055,0.091,0.614,across-spokepool-7d 1.75,nomad-2022 0.64,1,0,5,94.9,0
size None fresh 0.005 net1h 0.1 crowd None spike None win 1800 floor 250000,14,13,4,0.67,7.4,6.5,0.261,0.059,1.931,0.312,0.137,0.941,across-spokepool-7d 21.00,nomad-2022 0.64,2,0,20,83.1,0
size None fresh 0.005 net1h 0.1 crowd None spike None win 1800 floor 1e+06,14,13,4,0.67,7.4,6.5,0.091,0.059,0.362,0.073,0.137,0.614,across-spokepool-7d 3.50,nomad-2022 0.64,1,0,7,93.3,0
size None fresh 0.005 net1h 0.2 crowd 5 spike 6.0 win 600 floor 250000,14,14,4,0.667,0.0,4.0,0.392,0.176,2.172,0.421,0.319,2.235,across-spokepool-7d 19.25,poly-2021 2.55,4,2,30,75.3,0
size None fresh 0.005 net1h 0.2 crowd 5 spike 6.0 win 600 floor 1e+06,14,14,4,0.667,0.0,4.0,0.235,0.176,0.724,0.202,0.319,1.974,poly-2021 2.55,poly-2021 2.55,4,2,18,84.8,0
size None fresh 0.005 net1h 0.2 crowd 5 spike 6.0 win 1800 floor 250000,14,14,4,0.667,0.0,4.0,0.431,0.205,2.293,0.458,0.365,2.235,across-spokepool-7d 21.00,poly-2021 3.19,4,2,33,73.0,0
size None fresh 0.005 net1h 0.2 crowd 5 spike 6.0 win 1800 floor 1e+06,14,14,4,0.667,0.0,4.0,0.261,0.191,0.845,0.22,0.365,1.974,across-spokepool-7d 3.50,poly-2021 3.19,4,2,20,83.2,0
size None fresh 0.005 net1h 0.2 crowd 5 spike 10.0 win 600 floor 250000,14,14,4,0.667,0.0,6.5,0.34,0.117,2.172,0.403,0.182,2.235,across-spokepool-7d 19.25,poly-2021 1.28,3,1,26,78.5,0
size None fresh 0.005 net1h 0.2 crowd 5 spike 10.0 win 600 floor 1e+06,14,14,4,0.667,0.0,6.5,0.17,0.117,0.603,0.165,0.182,1.974,across-spokepool-7d 1.75,poly-2021 1.28,3,1,13,88.7,0
size None fresh 0.005 net1h 0.2 crowd 5 spike 10.0 win 1800 floor 250000,14,14,4,0.667,0.0,6.5,0.366,0.132,2.293,0.44,0.182,2.235,across-spokepool-7d 21.00,poly-2021 1.28,3,1,28,76.9,0
size None fresh 0.005 net1h 0.2 crowd 5 spike 10.0 win 1800 floor 1e+06,14,14,4,0.667,0.0,6.5,0.183,0.117,0.724,0.183,0.182,1.974,across-spokepool-7d 3.50,poly-2021 1.28,3,1,14,87.9,0
size None fresh 0.005 net1h 0.2 crowd 5 spike None win 600 floor 250000,14,14,4,0.667,0.0,6.5,0.314,0.088,2.172,0.366,0.182,2.052,across-spokepool-7d 19.25,poly-2021 1.28,3,1,24,80.0,0
size None fresh 0.005 net1h 0.2 crowd 5 spike None win 600 floor 1e+06,14,14,4,0.667,0.0,6.5,0.118,0.088,0.362,0.092,0.182,1.791,across-spokepool-7d 1.75,poly-2021 1.28,2,1,9,91.8,0
size None fresh 0.005 net1h 0.2 crowd 5 spike None win 1800 floor 250000,14,14,4,0.667,0.0,6.5,0.34,0.103,2.293,0.403,0.182,2.052,across-spokepool-7d 21.00,poly-2021 1.28,3,1,26,78.5,0
size None fresh 0.005 net1h 0.2 crowd 5 spike None win 1800 floor 1e+06,14,14,4,0.667,0.0,6.5,0.144,0.088,0.603,0.128,0.182,1.791,across-spokepool-7d 3.50,poly-2021 1.28,2,1,11,90.3,0
size None fresh 0.005 net1h 0.2 crowd 10 spike 6.0 win 600 floor 250000,14,14,4,0.667,0.0,4.0,0.327,0.132,1.931,0.348,0.273,1.346,across-spokepool-7d 19.25,poly-2021 1.92,4,2,25,79.3,0
size None fresh 0.005 net1h 0.2 crowd 10 spike 6.0 win 600 floor 1e+06,14,14,4,0.667,0.0,4.0,0.196,0.132,0.724,0.165,0.273,1.033,poly-2021 1.92,poly-2021 1.92,4,2,15,87.1,0
size None fresh 0.005 net1h 0.2 crowd 10 spike 6.0 win 1800 floor 250000,14,14,4,0.667,0.0,4.0,0.353,0.147,2.052,0.366,0.319,1.346,across-spokepool-7d 21.00,poly-2021 2.55,4,2,27,77.7,0
size None fresh 0.005 net1h 0.2 crowd 10 spike 6.0 win 1800 floor 1e+06,14,14,4,0.667,0.0,4.0,0.222,0.147,0.845,0.183,0.319,1.033,across-spokepool-7d 3.50,poly-2021 2.55,4,2,17,85.5,0
size None fresh 0.005 net1h 0.2 crowd 10 spike 10.0 win 600 floor 250000,14,14,4,0.667,0.0,6.5,0.274,0.073,1.931,0.33,0.137,1.346,across-spokepool-7d 19.25,nomad-2022 0.64,2,0,21,82.4,0
size None fresh 0.005 net1h 0.2 crowd 10 spike 10.0 win 600 floor 1e+06,14,14,4,0.667,0.0,6.5,0.131,0.073,0.603,0.128,0.137,1.033,across-spokepool-7d 1.75,nomad-2022 0.64,2,0,10,91.0,0
size None fresh 0.005 net1h 0.2 crowd 10 spike 10.0 win 1800 floor 250000,14,14,4,0.667,0.0,6.5,0.288,0.073,2.052,0.348,0.137,1.346,across-spokepool-7d 21.00,nomad-2022 0.64,2,0,22,81.6,0
size None fresh 0.005 net1h 0.2 crowd 10 spike 10.0 win 1800 floor 1e+06,14,14,4,0.667,0.0,6.5,0.144,0.073,0.724,0.147,0.137,1.033,across-spokepool-7d 3.50,nomad-2022 0.64,2,0,11,90.3,0
size None fresh 0.005 net1h 0.2 crowd 10 spike None win 600 floor 250000,14,13,4,0.686,44.2,6.5,0.248,0.044,1.931,0.312,0.091,1.124,across-spokepool-7d 19.25,nomad-2022 0.64,2,0,19,83.5,0
size None fresh 0.005 net1h 0.2 crowd 10 spike None win 600 floor 1e+06,14,13,4,0.686,44.2,6.5,0.078,0.044,0.362,0.073,0.091,0.81,across-spokepool-7d 1.75,nomad-2022 0.64,1,0,6,93.7,0
size None fresh 0.005 net1h 0.2 crowd 10 spike None win 1800 floor 250000,14,13,4,0.686,44.2,6.5,0.274,0.059,2.052,0.33,0.137,1.124,across-spokepool-7d 21.00,nomad-2022 0.64,2,0,21,81.9,0
size None fresh 0.005 net1h 0.2 crowd 10 spike None win 1800 floor 1e+06,14,13,4,0.686,44.2,6.5,0.118,0.059,0.603,0.11,0.137,0.81,across-spokepool-7d 3.50,nomad-2022 0.64,1,0,9,91.4,0
size None fresh 0.005 net1h 0.2 crowd None spike 6.0 win 600 floor 250000,14,14,4,0.667,0.0,4.0,0.327,0.132,1.931,0.348,0.273,1.163,across-spokepool-7d 19.25,poly-2021 1.92,4,2,25,79.3,0
size None fresh 0.005 net1h 0.2 crowd None spike 6.0 win 600 floor 1e+06,14,14,4,0.667,0.0,4.0,0.157,0.132,0.362,0.11,0.273,0.85,poly-2021 1.92,poly-2021 1.92,3,2,12,89.5,0
size None fresh 0.005 net1h 0.2 crowd None spike 6.0 win 1800 floor 250000,14,14,4,0.667,0.0,4.0,0.353,0.147,2.052,0.366,0.319,1.163,across-spokepool-7d 21.00,poly-2021 2.55,4,2,27,77.7,0
size None fresh 0.005 net1h 0.2 crowd None spike 6.0 win 1800 floor 1e+06,14,14,4,0.667,0.0,4.0,0.196,0.147,0.603,0.147,0.319,0.85,across-spokepool-7d 3.50,poly-2021 2.55,3,2,15,87.1,0
size None fresh 0.005 net1h 0.2 crowd None spike 10.0 win 600 floor 250000,14,14,4,0.667,0.0,6.5,0.261,0.073,1.81,0.312,0.137,1.163,across-spokepool-7d 19.25,nomad-2022 0.64,2,0,20,83.2,0
size None fresh 0.005 net1h 0.2 crowd None spike 10.0 win 600 floor 1e+06,14,14,4,0.667,0.0,6.5,0.105,0.073,0.362,0.092,0.137,0.85,across-spokepool-7d 1.75,nomad-2022 0.64,1,0,8,92.6,0
size None fresh 0.005 net1h 0.2 crowd None spike 10.0 win 1800 floor 250000,14,14,4,0.667,0.0,6.5,0.274,0.073,1.931,0.33,0.137,1.163,across-spokepool-7d 21.00,nomad-2022 0.64,2,0,21,82.4,0
size None fresh 0.005 net1h 0.2 crowd None spike 10.0 win 1800 floor 1e+06,14,14,4,0.667,0.0,6.5,0.131,0.073,0.603,0.128,0.137,0.85,across-spokepool-7d 3.50,nomad-2022 0.64,1,0,10,91.0,0
size None fresh 0.005 net1h 0.2 crowd None spike None win 600 floor 250000,14,13,4,0.686,44.2,6.5,0.209,0.044,1.569,0.257,0.091,0.941,across-spokepool-7d 19.25,nomad-2022 0.64,1,0,16,85.9,0
size None fresh 0.005 net1h 0.2 crowd None spike None win 600 floor 1e+06,14,13,4,0.686,44.2,6.5,0.065,0.044,0.241,0.055,0.091,0.614,across-spokepool-7d 1.75,nomad-2022 0.64,1,0,5,94.5,0
size None fresh 0.005 net1h 0.2 crowd None spike None win 1800 floor 250000,14,13,4,0.686,44.2,6.5,0.248,0.059,1.81,0.293,0.137,0.941,across-spokepool-7d 21.00,nomad-2022 0.64,1,0,19,83.5,0
size None fresh 0.005 net1h 0.2 crowd None spike None win 1800 floor 1e+06,14,13,4,0.686,44.2,6.5,0.091,0.059,0.362,0.073,0.137,0.614,across-spokepool-7d 3.50,nomad-2022 0.64,1,0,7,92.9,0
size None fresh 0.01 net1h 0.05 crowd 5 spike 6.0 win 600 floor 250000,14,14,4,0.667,0.0,4.0,0.379,0.176,2.052,0.403,0.319,1.921,across-spokepool-7d 19.25,poly-2021 2.55,4,2,29,76.1,0
size None fresh 0.01 net1h 0.05 crowd 5 spike 6.0 win 600 floor 1e+06,14,14,4,0.667,0.0,4.0,0.235,0.176,0.724,0.202,0.319,1.843,poly-2021 2.55,poly-2021 2.55,4,2,18,84.8,0
size None fresh 0.01 net1h 0.05 crowd 5 spike 6.0 win 1800 floor 250000,14,14,4,0.667,0.0,4.0,0.405,0.191,2.172,0.421,0.365,1.921,across-spokepool-7d 21.00,poly-2021 3.19,4,2,31,74.5,0
size None fresh 0.01 net1h 0.05 crowd 5 spike 6.0 win 1800 floor 1e+06,14,14,4,0.667,0.0,4.0,0.261,0.191,0.845,0.22,0.365,1.843,across-spokepool-7d 3.50,poly-2021 3.19,4,2,20,83.2,0
size None fresh 0.01 net1h 0.05 crowd 5 spike 10.0 win 600 floor 250000,14,14,4,0.667,0.0,4.0,0.34,0.147,1.931,0.385,0.228,1.921,across-spokepool-7d 19.25,nomad-2022 1.28,4,2,26,78.5,0
size None fresh 0.01 net1h 0.05 crowd 5 spike 10.0 win 600 floor 1e+06,14,14,4,0.667,0.0,4.0,0.196,0.147,0.603,0.183,0.228,1.843,across-spokepool-7d 1.75,nomad-2022 1.28,4,2,15,87.1,0
size None fresh 0.01 net1h 0.05 crowd 5 spike 10.0 win 1800 floor 250000,14,14,4,0.667,0.0,4.0,0.366,0.147,2.172,0.421,0.228,1.921,across-spokepool-7d 21.00,nomad-2022 1.28,4,2,28,76.9,0
size None fresh 0.01 net1h 0.05 crowd 5 spike 10.0 win 1800 floor 1e+06,14,14,4,0.667,0.0,4.0,0.222,0.147,0.845,0.22,0.228,1.843,across-spokepool-7d 3.50,nomad-2022 1.28,4,2,17,85.5,0
size None fresh 0.01 net1h 0.05 crowd 5 spike None win 600 floor 250000,14,14,4,0.667,0.0,4.0,0.288,0.117,1.69,0.312,0.228,1.738,across-spokepool-7d 19.25,nomad-2022 1.28,3,2,22,81.6,0
size None fresh 0.01 net1h 0.05 crowd 5 spike None win 600 floor 1e+06,14,14,4,0.667,0.0,4.0,0.144,0.117,0.362,0.11,0.228,1.66,across-spokepool-7d 1.75,nomad-2022 1.28,3,2,11,90.3,0
size None fresh 0.01 net1h 0.05 crowd 5 spike None win 1800 floor 250000,14,14,4,0.667,0.0,4.0,0.327,0.117,2.052,0.366,0.228,1.738,across-spokepool-7d 21.00,nomad-2022 1.28,4,2,25,79.3,0
size None fresh 0.01 net1h 0.05 crowd 5 spike None win 1800 floor 1e+06,14,14,4,0.667,0.0,4.0,0.183,0.117,0.724,0.165,0.228,1.66,across-spokepool-7d 3.50,nomad-2022 1.28,4,2,14,87.9,0
size None fresh 0.01 net1h 0.05 crowd 10 spike 6.0 win 600 floor 250000,14,14,4,0.667,0.0,4.0,0.34,0.147,1.931,0.366,0.273,0.98,across-spokepool-7d 19.25,poly-2021 1.92,4,2,26,78.5,0
size None fresh 0.01 net1h 0.05 crowd 10 spike 6.0 win 600 floor 1e+06,14,14,4,0.667,0.0,4.0,0.209,0.147,0.724,0.183,0.273,0.889,poly-2021 1.92,poly-2021 1.92,4,2,16,86.3,0
size None fresh 0.01 net1h 0.05 crowd 10 spike 6.0 win 1800 floor 250000,14,14,4,0.667,0.0,4.0,0.366,0.161,2.052,0.385,0.319,0.98,across-spokepool-7d 21.00,poly-2021 2.55,4,2,28,76.9,0
size None fresh 0.01 net1h 0.05 crowd 10 spike 6.0 win 1800 floor 1e+06,14,14,4,0.667,0.0,4.0,0.235,0.161,0.845,0.202,0.319,0.889,across-spokepool-7d 3.50,poly-2021 2.55,4,2,18,84.8,0
size None fresh 0.01 net1h 0.05 crowd 10 spike 10.0 win 600 floor 250000,14,14,4,0.667,0.0,4.0,0.301,0.117,1.81,0.348,0.182,0.98,across-spokepool-7d 19.25,nomad-2022 1.28,3,1,23,80.8,0
size None fresh 0.01 net1h 0.05 crowd 10 spike 10.0 win 600 floor 1e+06,14,14,4,0.667,0.0,4.0,0.17,0.117,0.603,0.165,0.182,0.889,across-spokepool-7d 1.75,nomad-2022 1.28,3,1,13,88.7,0
size None fresh 0.01 net1h 0.05 crowd 10 spike 10.0 win 1800 floor 250000,14,14,4,0.667,0.0,4.0,0.327,0.117,2.052,0.385,0.182,0.98,across-spokepool-7d 21.00,nomad-2022 1.28,3,1,25,79.3,0
size None fresh 0.01 net1h 0.05 crowd 10 spike 10.0 win 1800 floor 1e+06,14,14,4,0.667,0.0,4.0,0.196,0.117,0.845,0.202,0.182,0.889,across-spokepool-7d 3.50,nomad-2022 1.28,3,1,15,87.1,0
size None fresh 0.01 net1h 0.05 crowd 10 spike None win 600 floor 250000,14,14,4,0.667,0.0,4.0,0.261,0.103,1.569,0.293,0.182,0.758,across-spokepool-7d 19.25,nomad-2022 1.28,2,1,20,83.2,0
size None fresh 0.01 net1h 0.05 crowd 10 spike None win 600 floor 1e+06,14,14,4,0.667,0.0,4.0,0.131,0.103,0.362,0.11,0.182,0.667,across-spokepool-7d 1.75,nomad-2022 1.28,2,1,10,91.0,0
size None fresh 0.01 net1h 0.05 crowd 10 spike None win 1800 floor 250000,14,14,4,0.667,0.0,4.0,0.301,0.103,1.931,0.348,0.182,0.758,across-spokepool-7d 21.00,nomad-2022 1.28,3,1,23,80.8,0
size None fresh 0.01 net1h 0.05 crowd 10 spike None win 1800 floor 1e+06,14,14,4,0.667,0.0,4.0,0.17,0.103,0.724,0.165,0.182,0.667,across-spokepool-7d 3.50,nomad-2022 1.28,3,1,13,88.7,0
size None fresh 0.01 net1h 0.05 crowd None spike 6.0 win 600 floor 250000,14,14,4,0.667,0.0,4.0,0.301,0.147,1.569,0.312,0.273,0.797,across-spokepool-7d 19.25,poly-2021 1.92,3,2,23,80.8,0
size None fresh 0.01 net1h 0.05 crowd None spike 6.0 win 600 floor 1e+06,14,14,4,0.667,0.0,4.0,0.17,0.147,0.362,0.128,0.273,0.706,poly-2021 1.92,poly-2021 1.92,3,2,13,88.7,0
size None fresh 0.01 net1h 0.05 crowd None spike 6.0 win 1800 floor 250000,14,14,4,0.667,0.0,4.0,0.353,0.161,1.931,0.366,0.319,0.797,across-spokepool-7d 21.00,poly-2021 2.55,4,2,27,77.7,0
size None fresh 0.01 net1h 0.05 crowd None spike 6.0 win 1800 floor 1e+06,14,14,4,0.667,0.0,4.0,0.222,0.161,0.724,0.183,0.319,0.706,across-spokepool-7d 3.50,poly-2021 2.55,4,2,17,85.5,0
size None fresh 0.01 net1h 0.05 crowd None spike 10.0 win 600 floor 250000,14,14,4,0.667,0.0,4.0,0.274,0.117,1.569,0.312,0.182,0.797,across-spokepool-7d 19.25,nomad-2022 1.28,2,1,21,82.4,0
size None fresh 0.01 net1h 0.05 crowd None spike 10.0 win 600 floor 1e+06,14,14,4,0.667,0.0,4.0,0.144,0.117,0.362,0.128,0.182,0.706,across-spokepool-7d 1.75,nomad-2022 1.28,2,1,11,90.3,0
size None fresh 0.01 net1h 0.05 crowd None spike 10.0 win 1800 floor 250000,14,14,4,0.667,0.0,4.0,0.301,0.117,1.81,0.348,0.182,0.797,across-spokepool-7d 21.00,nomad-2022 1.28,2,1,23,80.8,0
size None fresh 0.01 net1h 0.05 crowd None spike 10.0 win 1800 floor 1e+06,14,14,4,0.667,0.0,4.0,0.17,0.117,0.603,0.165,0.182,0.706,across-spokepool-7d 3.50,nomad-2022 1.28,2,1,13,88.7,0
size None fresh 0.01 net1h 0.05 crowd None spike None win 600 floor 250000,14,14,4,0.667,0.0,4.0,0.248,0.103,1.448,0.275,0.182,0.562,across-spokepool-7d 19.25,nomad-2022 1.28,2,1,19,84.0,0
size None fresh 0.01 net1h 0.05 crowd None spike None win 600 floor 1e+06,14,14,4,0.667,0.0,4.0,0.118,0.103,0.241,0.092,0.182,0.471,across-spokepool-7d 1.75,nomad-2022 1.28,2,1,9,91.8,0
size None fresh 0.01 net1h 0.05 crowd None spike None win 1800 floor 250000,14,14,4,0.667,0.0,4.0,0.261,0.103,1.569,0.293,0.182,0.562,across-spokepool-7d 21.00,nomad-2022 1.28,2,1,20,83.2,0
size None fresh 0.01 net1h 0.05 crowd None spike None win 1800 floor 1e+06,14,14,4,0.667,0.0,4.0,0.131,0.103,0.362,0.11,0.182,0.471,across-spokepool-7d 3.50,nomad-2022 1.28,2,1,10,91.0,0
size None fresh 0.01 net1h 0.1 crowd 5 spike 6.0 win 600 floor 250000,14,14,4,0.667,0.0,4.0,0.366,0.161,2.052,0.385,0.319,1.921,across-spokepool-7d 19.25,poly-2021 2.55,4,2,28,76.9,0
size None fresh 0.01 net1h 0.1 crowd 5 spike 6.0 win 600 floor 1e+06,14,14,4,0.667,0.0,4.0,0.222,0.161,0.724,0.183,0.319,1.843,poly-2021 2.55,poly-2021 2.55,4,2,17,85.5,0
size None fresh 0.01 net1h 0.1 crowd 5 spike 6.0 win 1800 floor 250000,14,14,4,0.667,0.0,4.0,0.392,0.176,2.172,0.403,0.365,1.921,across-spokepool-7d 21.00,poly-2021 3.19,4,2,30,75.3,0
size None fresh 0.01 net1h 0.1 crowd 5 spike 6.0 win 1800 floor 1e+06,14,14,4,0.667,0.0,4.0,0.248,0.176,0.845,0.202,0.365,1.843,across-spokepool-7d 3.50,poly-2021 3.19,4,2,19,84.0,0
size None fresh 0.01 net1h 0.1 crowd 5 spike 10.0 win 600 floor 250000,14,14,4,0.667,0.0,6.5,0.301,0.103,1.931,0.348,0.182,1.921,across-spokepool-7d 19.25,poly-2021 1.28,3,1,23,80.8,0
size None fresh 0.01 net1h 0.1 crowd 5 spike 10.0 win 600 floor 1e+06,14,14,4,0.667,0.0,6.5,0.157,0.103,0.603,0.147,0.182,1.843,across-spokepool-7d 1.75,poly-2021 1.28,3,1,12,89.5,0
size None fresh 0.01 net1h 0.1 crowd 5 spike 10.0 win 1800 floor 250000,14,14,4,0.667,0.0,6.5,0.327,0.103,2.172,0.385,0.182,1.921,across-spokepool-7d 21.00,poly-2021 1.28,3,1,25,79.3,0
size None fresh 0.01 net1h 0.1 crowd 5 spike 10.0 win 1800 floor 1e+06,14,14,4,0.667,0.0,6.5,0.183,0.103,0.845,0.183,0.182,1.843,across-spokepool-7d 3.50,poly-2021 1.28,3,1,14,87.9,0
size None fresh 0.01 net1h 0.1 crowd 5 spike None win 600 floor 250000,14,14,4,0.667,0.0,6.5,0.248,0.073,1.69,0.275,0.182,1.738,across-spokepool-7d 19.25,poly-2021 1.28,2,1,19,84.0,0
size None fresh 0.01 net1h 0.1 crowd 5 spike None win 600 floor 1e+06,14,14,4,0.667,0.0,6.5,0.105,0.073,0.362,0.073,0.182,1.66,across-spokepool-7d 1.75,poly-2021 1.28,2,1,8,92.6,0
size None fresh 0.01 net1h 0.1 crowd 5 spike None win 1800 floor 250000,14,14,4,0.667,0.0,6.5,0.288,0.073,2.052,0.33,0.182,1.738,across-spokepool-7d 21.00,poly-2021 1.28,3,1,22,81.6,0
size None fresh 0.01 net1h 0.1 crowd 5 spike None win 1800 floor 1e+06,14,14,4,0.667,0.0,6.5,0.144,0.073,0.724,0.128,0.182,1.66,across-spokepool-7d 3.50,poly-2021 1.28,3,1,11,90.3,0
size None fresh 0.01 net1h 0.1 crowd 10 spike 6.0 win 600 floor 250000,14,14,4,0.667,0.0,4.0,0.327,0.132,1.931,0.348,0.273,0.98,across-spokepool-7d 19.25,poly-2021 1.92,4,2,25,79.3,0
size None fresh 0.01 net1h 0.1 crowd 10 spike 6.0 win 600 floor 1e+06,14,14,4,0.667,0.0,4.0,0.196,0.132,0.724,0.165,0.273,0.889,poly-2021 1.92,poly-2021 1.92,4,2,15,87.1,0
size None fresh 0.01 net1h 0.1 crowd 10 spike 6.0 win 1800 floor 250000,14,14,4,0.667,0.0,4.0,0.353,0.147,2.052,0.366,0.319,0.98,across-spokepool-7d 21.00,poly-2021 2.55,4,2,27,77.7,0
size None fresh 0.01 net1h 0.1 crowd 10 spike 6.0 win 1800 floor 1e+06,14,14,4,0.667,0.0,4.0,0.222,0.147,0.845,0.183,0.319,0.889,across-spokepool-7d 3.50,poly-2021 2.55,4,2,17,85.5,0
size None fresh 0.01 net1h 0.1 crowd 10 spike 10.0 win 600 floor 250000,14,14,4,0.667,0.0,6.5,0.261,0.073,1.81,0.312,0.137,0.98,across-spokepool-7d 19.25,nomad-2022 0.64,2,0,20,83.2,0
size None fresh 0.01 net1h 0.1 crowd 10 spike 10.0 win 600 floor 1e+06,14,14,4,0.667,0.0,6.5,0.131,0.073,0.603,0.128,0.137,0.889,across-spokepool-7d 1.75,nomad-2022 0.64,2,0,10,91.0,0
size None fresh 0.01 net1h 0.1 crowd 10 spike 10.0 win 1800 floor 250000,14,14,4,0.667,0.0,6.5,0.288,0.073,2.052,0.348,0.137,0.98,across-spokepool-7d 21.00,nomad-2022 0.64,2,0,22,81.6,0
size None fresh 0.01 net1h 0.1 crowd 10 spike 10.0 win 1800 floor 1e+06,14,14,4,0.667,0.0,6.5,0.157,0.073,0.845,0.165,0.137,0.889,across-spokepool-7d 3.50,nomad-2022 0.64,2,0,12,89.5,0
size None fresh 0.01 net1h 0.1 crowd 10 spike None win 600 floor 250000,14,13,4,0.67,7.4,6.5,0.209,0.044,1.569,0.257,0.091,0.758,across-spokepool-7d 19.25,nomad-2022 0.64,1,0,16,86.3,0
size None fresh 0.01 net1h 0.1 crowd 10 spike None win 600 floor 1e+06,14,13,4,0.67,7.4,6.5,0.078,0.044,0.362,0.073,0.091,0.667,across-spokepool-7d 1.75,nomad-2022 0.64,1,0,6,94.1,0
size None fresh 0.01 net1h 0.1 crowd 10 spike None win 1800 floor 250000,14,13,4,0.67,7.4,6.5,0.261,0.059,1.931,0.312,0.137,0.758,across-spokepool-7d 21.00,nomad-2022 0.64,2,0,20,83.1,0
size None fresh 0.01 net1h 0.1 crowd 10 spike None win 1800 floor 1e+06,14,13,4,0.67,7.4,6.5,0.131,0.059,0.724,0.128,0.137,0.667,across-spokepool-7d 3.50,nomad-2022 0.64,2,0,10,91.0,0
size None fresh 0.01 net1h 0.1 crowd None spike 6.0 win 600 floor 250000,14,14,4,0.667,0.0,4.0,0.288,0.132,1.569,0.293,0.273,0.797,across-spokepool-7d 19.25,poly-2021 1.92,3,2,22,81.6,0
size None fresh 0.01 net1h 0.1 crowd None spike 6.0 win 600 floor 1e+06,14,14,4,0.667,0.0,4.0,0.157,0.132,0.362,0.11,0.273,0.706,poly-2021 1.92,poly-2021 1.92,3,2,12,89.5,0
size None fresh 0.01 net1h 0.1 crowd None spike 6.0 win 1800 floor 250000,14,14,4,0.667,0.0,4.0,0.34,0.147,1.931,0.348,0.319,0.797,across-spokepool-7d 21.00,poly-2021 2.55,4,2,26,78.5,0
size None fresh 0.01 net1h 0.1 crowd None spike 6.0 win 1800 floor 1e+06,14,14,4,0.667,0.0,4.0,0.209,0.147,0.724,0.165,0.319,0.706,across-spokepool-7d 3.50,poly-2021 2.55,4,2,16,86.3,0
size None fresh 0.01 net1h 0.1 crowd None spike 10.0 win 600 floor 250000,14,14,4,0.667,0.0,6.5,0.235,0.073,1.569,0.275,0.137,0.797,across-spokepool-7d 19.25,nomad-2022 0.64,1,0,18,84.8,0
size None fresh 0.01 net1h 0.1 crowd None spike 10.0 win 600 floor 1e+06,14,14,4,0.667,0.0,6.5,0.105,0.073,0.362,0.092,0.137,0.706,across-spokepool-7d 1.75,nomad-2022 0.64,1,0,8,92.6,0
size None fresh 0.01 net1h 0.1 crowd None spike 10.0 win 1800 floor 250000,14,14,4,0.667,0.0,6.5,0.261,0.073,1.81,0.312,0.137,0.797,across-spokepool-7d 21.00,nomad-2022 0.64,1,0,20,83.2,0
size None fresh 0.01 net1h 0.1 crowd None spike 10.0 win 1800 floor 1e+06,14,14,4,0.667,0.0,6.5,0.131,0.073,0.603,0.128,0.137,0.706,across-spokepool-7d 3.50,nomad-2022 0.64,1,0,10,91.0,0
size None fresh 0.01 net1h 0.1 crowd None spike None win 600 floor 250000,14,13,4,0.67,7.4,6.5,0.196,0.044,1.448,0.238,0.091,0.562,across-spokepool-7d 19.25,nomad-2022 0.64,1,0,15,87.0,0
size None fresh 0.01 net1h 0.1 crowd None spike None win 600 floor 1e+06,14,13,4,0.67,7.4,6.5,0.065,0.044,0.241,0.055,0.091,0.471,across-spokepool-7d 1.75,nomad-2022 0.64,1,0,5,94.9,0
size None fresh 0.01 net1h 0.1 crowd None spike None win 1800 floor 250000,14,13,4,0.67,7.4,6.5,0.222,0.059,1.569,0.257,0.137,0.562,across-spokepool-7d 21.00,nomad-2022 0.64,1,0,17,85.5,0
size None fresh 0.01 net1h 0.1 crowd None spike None win 1800 floor 1e+06,14,13,4,0.67,7.4,6.5,0.091,0.059,0.362,0.073,0.137,0.471,across-spokepool-7d 3.50,nomad-2022 0.64,1,0,7,93.3,0
size None fresh 0.01 net1h 0.2 crowd 5 spike 6.0 win 600 floor 250000,14,14,4,0.667,0.0,4.0,0.366,0.161,2.052,0.385,0.319,1.921,across-spokepool-7d 19.25,poly-2021 2.55,4,2,28,76.9,0
size None fresh 0.01 net1h 0.2 crowd 5 spike 6.0 win 600 floor 1e+06,14,14,4,0.667,0.0,4.0,0.222,0.161,0.724,0.183,0.319,1.843,poly-2021 2.55,poly-2021 2.55,4,2,17,85.5,0
size None fresh 0.01 net1h 0.2 crowd 5 spike 6.0 win 1800 floor 250000,14,14,4,0.667,0.0,4.0,0.392,0.176,2.172,0.403,0.365,1.921,across-spokepool-7d 21.00,poly-2021 3.19,4,2,30,75.3,0
size None fresh 0.01 net1h 0.2 crowd 5 spike 6.0 win 1800 floor 1e+06,14,14,4,0.667,0.0,4.0,0.248,0.176,0.845,0.202,0.365,1.843,across-spokepool-7d 3.50,poly-2021 3.19,4,2,19,84.0,0
size None fresh 0.01 net1h 0.2 crowd 5 spike 10.0 win 600 floor 250000,14,14,4,0.667,0.0,6.5,0.301,0.103,1.931,0.348,0.182,1.921,across-spokepool-7d 19.25,poly-2021 1.28,3,1,23,80.8,0
size None fresh 0.01 net1h 0.2 crowd 5 spike 10.0 win 600 floor 1e+06,14,14,4,0.667,0.0,6.5,0.157,0.103,0.603,0.147,0.182,1.843,across-spokepool-7d 1.75,poly-2021 1.28,3,1,12,89.5,0
size None fresh 0.01 net1h 0.2 crowd 5 spike 10.0 win 1800 floor 250000,14,14,4,0.667,0.0,6.5,0.314,0.103,2.052,0.366,0.182,1.921,across-spokepool-7d 21.00,poly-2021 1.28,3,1,24,80.0,0
size None fresh 0.01 net1h 0.2 crowd 5 spike 10.0 win 1800 floor 1e+06,14,14,4,0.667,0.0,6.5,0.17,0.103,0.724,0.165,0.182,1.843,across-spokepool-7d 3.50,poly-2021 1.28,3,1,13,88.7,0
size None fresh 0.01 net1h 0.2 crowd 5 spike None win 600 floor 250000,14,14,4,0.667,0.0,6.5,0.248,0.073,1.69,0.275,0.182,1.738,across-spokepool-7d 19.25,poly-2021 1.28,2,1,19,84.0,0
size None fresh 0.01 net1h 0.2 crowd 5 spike None win 600 floor 1e+06,14,14,4,0.667,0.0,6.5,0.105,0.073,0.362,0.073,0.182,1.66,across-spokepool-7d 1.75,poly-2021 1.28,2,1,8,92.6,0
size None fresh 0.01 net1h 0.2 crowd 5 spike None win 1800 floor 250000,14,14,4,0.667,0.0,6.5,0.274,0.073,1.931,0.312,0.182,1.738,across-spokepool-7d 21.00,poly-2021 1.28,3,1,21,82.4,0
size None fresh 0.01 net1h 0.2 crowd 5 spike None win 1800 floor 1e+06,14,14,4,0.667,0.0,6.5,0.131,0.073,0.603,0.11,0.182,1.66,across-spokepool-7d 3.50,poly-2021 1.28,2,1,10,91.0,0
size None fresh 0.01 net1h 0.2 crowd 10 spike 6.0 win 600 floor 250000,14,14,4,0.667,0.0,4.0,0.327,0.132,1.931,0.348,0.273,0.98,across-spokepool-7d 19.25,poly-2021 1.92,4,2,25,79.3,0
size None fresh 0.01 net1h 0.2 crowd 10 spike 6.0 win 600 floor 1e+06,14,14,4,0.667,0.0,4.0,0.196,0.132,0.724,0.165,0.273,0.889,poly-2021 1.92,poly-2021 1.92,4,2,15,87.1,0
size None fresh 0.01 net1h 0.2 crowd 10 spike 6.0 win 1800 floor 250000,14,14,4,0.667,0.0,4.0,0.353,0.147,2.052,0.366,0.319,0.98,across-spokepool-7d 21.00,poly-2021 2.55,4,2,27,77.7,0
size None fresh 0.01 net1h 0.2 crowd 10 spike 6.0 win 1800 floor 1e+06,14,14,4,0.667,0.0,4.0,0.222,0.147,0.845,0.183,0.319,0.889,across-spokepool-7d 3.50,poly-2021 2.55,4,2,17,85.5,0
size None fresh 0.01 net1h 0.2 crowd 10 spike 10.0 win 600 floor 250000,14,14,4,0.667,0.0,6.5,0.261,0.073,1.81,0.312,0.137,0.98,across-spokepool-7d 19.25,nomad-2022 0.64,2,0,20,83.2,0
size None fresh 0.01 net1h 0.2 crowd 10 spike 10.0 win 600 floor 1e+06,14,14,4,0.667,0.0,6.5,0.131,0.073,0.603,0.128,0.137,0.889,across-spokepool-7d 1.75,nomad-2022 0.64,2,0,10,91.0,0
size None fresh 0.01 net1h 0.2 crowd 10 spike 10.0 win 1800 floor 250000,14,14,4,0.667,0.0,6.5,0.274,0.073,1.931,0.33,0.137,0.98,across-spokepool-7d 21.00,nomad-2022 0.64,2,0,21,82.4,0
size None fresh 0.01 net1h 0.2 crowd 10 spike 10.0 win 1800 floor 1e+06,14,14,4,0.667,0.0,6.5,0.144,0.073,0.724,0.147,0.137,0.889,across-spokepool-7d 3.50,nomad-2022 0.64,2,0,11,90.3,0
size None fresh 0.01 net1h 0.2 crowd 10 spike None win 600 floor 250000,14,13,4,0.686,44.2,6.5,0.209,0.044,1.569,0.257,0.091,0.758,across-spokepool-7d 19.25,nomad-2022 0.64,1,0,16,85.9,0
size None fresh 0.01 net1h 0.2 crowd 10 spike None win 600 floor 1e+06,14,13,4,0.686,44.2,6.5,0.078,0.044,0.362,0.073,0.091,0.667,across-spokepool-7d 1.75,nomad-2022 0.64,1,0,6,93.7,0
size None fresh 0.01 net1h 0.2 crowd 10 spike None win 1800 floor 250000,14,13,4,0.686,44.2,6.5,0.248,0.059,1.81,0.293,0.137,0.758,across-spokepool-7d 21.00,nomad-2022 0.64,1,0,19,83.5,0
size None fresh 0.01 net1h 0.2 crowd 10 spike None win 1800 floor 1e+06,14,13,4,0.686,44.2,6.5,0.118,0.059,0.603,0.11,0.137,0.667,across-spokepool-7d 3.50,nomad-2022 0.64,1,0,9,91.4,0
size None fresh 0.01 net1h 0.2 crowd None spike 6.0 win 600 floor 250000,14,14,4,0.667,0.0,4.0,0.288,0.132,1.569,0.293,0.273,0.797,across-spokepool-7d 19.25,poly-2021 1.92,3,2,22,81.6,0
size None fresh 0.01 net1h 0.2 crowd None spike 6.0 win 600 floor 1e+06,14,14,4,0.667,0.0,4.0,0.157,0.132,0.362,0.11,0.273,0.706,poly-2021 1.92,poly-2021 1.92,3,2,12,89.5,0
size None fresh 0.01 net1h 0.2 crowd None spike 6.0 win 1800 floor 250000,14,14,4,0.667,0.0,4.0,0.327,0.147,1.81,0.33,0.319,0.797,across-spokepool-7d 21.00,poly-2021 2.55,3,2,25,79.3,0
size None fresh 0.01 net1h 0.2 crowd None spike 6.0 win 1800 floor 1e+06,14,14,4,0.667,0.0,4.0,0.196,0.147,0.603,0.147,0.319,0.706,across-spokepool-7d 3.50,poly-2021 2.55,3,2,15,87.1,0
size None fresh 0.01 net1h 0.2 crowd None spike 10.0 win 600 floor 250000,14,14,4,0.667,0.0,6.5,0.235,0.073,1.569,0.275,0.137,0.797,across-spokepool-7d 19.25,nomad-2022 0.64,1,0,18,84.8,0
size None fresh 0.01 net1h 0.2 crowd None spike 10.0 win 600 floor 1e+06,14,14,4,0.667,0.0,6.5,0.105,0.073,0.362,0.092,0.137,0.706,across-spokepool-7d 1.75,nomad-2022 0.64,1,0,8,92.6,0
size None fresh 0.01 net1h 0.2 crowd None spike 10.0 win 1800 floor 250000,14,14,4,0.667,0.0,6.5,0.261,0.073,1.81,0.312,0.137,0.797,across-spokepool-7d 21.00,nomad-2022 0.64,1,0,20,83.2,0
size None fresh 0.01 net1h 0.2 crowd None spike 10.0 win 1800 floor 1e+06,14,14,4,0.667,0.0,6.5,0.131,0.073,0.603,0.128,0.137,0.706,across-spokepool-7d 3.50,nomad-2022 0.64,1,0,10,91.0,0
size None fresh 0.01 net1h 0.2 crowd None spike None win 600 floor 250000,14,13,4,0.686,44.2,6.5,0.196,0.044,1.448,0.238,0.091,0.562,across-spokepool-7d 19.25,nomad-2022 0.64,1,0,15,86.7,0
size None fresh 0.01 net1h 0.2 crowd None spike None win 600 floor 1e+06,14,13,4,0.686,44.2,6.5,0.065,0.044,0.241,0.055,0.091,0.471,across-spokepool-7d 1.75,nomad-2022 0.64,1,0,5,94.5,0
size None fresh 0.01 net1h 0.2 crowd None spike None win 1800 floor 250000,14,13,4,0.686,44.2,6.5,0.222,0.059,1.569,0.257,0.137,0.562,across-spokepool-7d 21.00,nomad-2022 0.64,1,0,17,85.1,0
size None fresh 0.01 net1h 0.2 crowd None spike None win 1800 floor 1e+06,14,13,4,0.686,44.2,6.5,0.091,0.059,0.362,0.073,0.137,0.471,across-spokepool-7d 3.50,nomad-2022 0.64,1,0,7,92.9,0
size None fresh 0.02 net1h 0.05 crowd 5 spike 6.0 win 600 floor 250000,14,14,4,0.667,0.0,4.0,0.327,0.132,1.931,0.366,0.228,1.856,across-spokepool-7d 19.25,nomad-2022 1.28,4,2,25,79.3,0
size None fresh 0.02 net1h 0.05 crowd 5 spike 6.0 win 600 floor 1e+06,14,14,4,0.667,0.0,4.0,0.196,0.132,0.724,0.183,0.228,1.817,across-spokepool-7d 1.75,nomad-2022 1.28,4,2,15,87.1,0
size None fresh 0.02 net1h 0.05 crowd 5 spike 6.0 win 1800 floor 250000,14,14,4,0.667,0.0,4.0,0.353,0.147,2.052,0.385,0.273,1.856,across-spokepool-7d 21.00,poly-2021 1.92,4,2,27,77.7,0
size None fresh 0.02 net1h 0.05 crowd 5 spike 6.0 win 1800 floor 1e+06,14,14,4,0.667,0.0,4.0,0.222,0.147,0.845,0.202,0.273,1.817,across-spokepool-7d 3.50,poly-2021 1.92,4,2,17,85.5,0
size None fresh 0.02 net1h 0.05 crowd 5 spike 10.0 win 600 floor 250000,14,14,4,0.667,0.0,6.5,0.301,0.117,1.81,0.348,0.182,1.843,across-spokepool-7d 19.25,nomad-2022 1.28,3,1,23,80.8,0
size None fresh 0.02 net1h 0.05 crowd 5 spike 10.0 win 600 floor 1e+06,14,14,4,0.667,0.0,6.5,0.17,0.117,0.603,0.165,0.182,1.804,across-spokepool-7d 1.75,nomad-2022 1.28,3,1,13,88.7,0
size None fresh 0.02 net1h 0.05 crowd 5 spike 10.0 win 1800 floor 250000,14,14,4,0.667,0.0,6.5,0.327,0.117,2.052,0.385,0.182,1.843,across-spokepool-7d 21.00,nomad-2022 1.28,3,1,25,79.3,0
size None fresh 0.02 net1h 0.05 crowd 5 spike 10.0 win 1800 floor 1e+06,14,14,4,0.667,0.0,6.5,0.196,0.117,0.845,0.202,0.182,1.804,across-spokepool-7d 3.50,nomad-2022 1.28,3,1,15,87.1,0
size None fresh 0.02 net1h 0.05 crowd 5 spike None win 600 floor 250000,14,14,4,0.667,0.0,6.5,0.261,0.103,1.569,0.293,0.182,1.647,across-spokepool-7d 19.25,nomad-2022 1.28,2,1,20,83.2,0
size None fresh 0.02 net1h 0.05 crowd 5 spike None win 600 floor 1e+06,14,14,4,0.667,0.0,6.5,0.131,0.103,0.362,0.11,0.182,1.608,across-spokepool-7d 1.75,nomad-2022 1.28,2,1,10,91.0,0
size None fresh 0.02 net1h 0.05 crowd 5 spike None win 1800 floor 250000,14,14,4,0.667,0.0,6.5,0.301,0.103,1.931,0.348,0.182,1.647,across-spokepool-7d 21.00,nomad-2022 1.28,3,1,23,80.8,0
size None fresh 0.02 net1h 0.05 crowd 5 spike None win 1800 floor 1e+06,14,14,4,0.667,0.0,6.5,0.17,0.103,0.724,0.165,0.182,1.608,across-spokepool-7d 3.50,nomad-2022 1.28,3,1,13,88.7,0
size None fresh 0.02 net1h 0.05 crowd 10 spike 6.0 win 600 floor 250000,14,14,4,0.667,0.0,4.0,0.314,0.117,1.931,0.348,0.228,0.889,across-spokepool-7d 19.25,nomad-2022 1.28,4,2,24,80.0,0
size None fresh 0.02 net1h 0.05 crowd 10 spike 6.0 win 600 floor 1e+06,14,14,4,0.667,0.0,4.0,0.183,0.117,0.724,0.165,0.228,0.85,across-spokepool-7d 1.75,nomad-2022 1.28,4,2,14,87.9,0
size None fresh 0.02 net1h 0.05 crowd 10 spike 6.0 win 1800 floor 250000,14,14,4,0.667,0.0,4.0,0.34,0.132,2.052,0.366,0.273,0.889,across-spokepool-7d 21.00,poly-2021 1.92,4,2,26,78.5,0
size None fresh 0.02 net1h 0.05 crowd 10 spike 6.0 win 1800 floor 1e+06,14,14,4,0.667,0.0,4.0,0.209,0.132,0.845,0.183,0.273,0.85,across-spokepool-7d 3.50,poly-2021 1.92,4,2,16,86.3,0
size None fresh 0.02 net1h 0.05 crowd 10 spike 10.0 win 600 floor 250000,14,14,4,0.667,0.0,6.5,0.288,0.103,1.81,0.33,0.182,0.876,across-spokepool-7d 19.25,nomad-2022 1.28,3,1,22,81.6,0
size None fresh 0.02 net1h 0.05 crowd 10 spike 10.0 win 600 floor 1e+06,14,14,4,0.667,0.0,6.5,0.157,0.103,0.603,0.147,0.182,0.836,across-spokepool-7d 1.75,nomad-2022 1.28,3,1,12,89.5,0
size None fresh 0.02 net1h 0.05 crowd 10 spike 10.0 win 1800 floor 250000,14,14,4,0.667,0.0,6.5,0.314,0.103,2.052,0.366,0.182,0.876,across-spokepool-7d 21.00,nomad-2022 1.28,3,1,24,80.0,0
size None fresh 0.02 net1h 0.05 crowd 10 spike 10.0 win 1800 floor 1e+06,14,14,4,0.667,0.0,6.5,0.183,0.103,0.845,0.183,0.182,0.836,across-spokepool-7d 3.50,nomad-2022 1.28,3,1,14,87.9,0
size None fresh 0.02 net1h 0.05 crowd 10 spike None win 600 floor 250000,14,13,4,0.67,7.4,6.5,0.261,0.103,1.569,0.293,0.182,0.64,across-spokepool-7d 19.25,nomad-2022 1.28,2,1,20,83.1,0
size None fresh 0.02 net1h 0.05 crowd 10 spike None win 600 floor 1e+06,14,13,4,0.67,7.4,6.5,0.131,0.103,0.362,0.11,0.182,0.601,across-spokepool-7d 1.75,nomad-2022 1.28,2,1,10,91.0,0
size None fresh 0.02 net1h 0.05 crowd 10 spike None win 1800 floor 250000,14,13,4,0.67,7.4,6.5,0.301,0.103,1.931,0.348,0.182,0.64,across-spokepool-7d 21.00,nomad-2022 1.28,3,1,23,80.8,0
size None fresh 0.02 net1h 0.05 crowd 10 spike None win 1800 floor 1e+06,14,13,4,0.67,7.4,6.5,0.17,0.103,0.724,0.165,0.182,0.601,across-spokepool-7d 3.50,nomad-2022 1.28,3,1,13,88.6,0
size None fresh 0.02 net1h 0.05 crowd None spike 6.0 win 600 floor 250000,14,14,4,0.667,0.0,4.0,0.274,0.117,1.569,0.293,0.228,0.706,across-spokepool-7d 19.25,nomad-2022 1.28,3,2,21,82.4,0
size None fresh 0.02 net1h 0.05 crowd None spike 6.0 win 600 floor 1e+06,14,14,4,0.667,0.0,4.0,0.144,0.117,0.362,0.11,0.228,0.667,across-spokepool-7d 1.75,nomad-2022 1.28,3,2,11,90.3,0
size None fresh 0.02 net1h 0.05 crowd None spike 6.0 win 1800 floor 250000,14,14,4,0.667,0.0,4.0,0.327,0.132,1.931,0.348,0.273,0.706,across-spokepool-7d 21.00,poly-2021 1.92,4,2,25,79.3,0
size None fresh 0.02 net1h 0.05 crowd None spike 6.0 win 1800 floor 1e+06,14,14,4,0.667,0.0,4.0,0.196,0.132,0.724,0.165,0.273,0.667,across-spokepool-7d 3.50,poly-2021 1.92,4,2,15,87.1,0
size None fresh 0.02 net1h 0.05 crowd None spike 10.0 win 600 floor 250000,14,14,4,0.667,0.0,6.5,0.261,0.103,1.569,0.293,0.182,0.693,across-spokepool-7d 19.25,nomad-2022 1.28,2,1,20,83.2,0
size None fresh 0.02 net1h 0.05 crowd None spike 10.0 win 600 floor 1e+06,14,14,4,0.667,0.0,6.5,0.131,0.103,0.362,0.11,0.182,0.654,across-spokepool-7d 1.75,nomad-2022 1.28,2,1,10,91.0,0
size None fresh 0.02 net1h 0.05 crowd None spike 10.0 win 1800 floor 250000,14,14,4,0.667,0.0,6.5,0.288,0.103,1.81,0.33,0.182,0.693,across-spokepool-7d 21.00,nomad-2022 1.28,2,1,22,81.6,0
size None fresh 0.02 net1h 0.05 crowd None spike 10.0 win 1800 floor 1e+06,14,14,4,0.667,0.0,6.5,0.157,0.103,0.603,0.147,0.182,0.654,across-spokepool-7d 3.50,nomad-2022 1.28,2,1,12,89.5,0
size None fresh 0.02 net1h 0.05 crowd None spike None win 600 floor 250000,14,13,4,0.67,7.4,6.5,0.248,0.103,1.448,0.275,0.182,0.444,across-spokepool-7d 19.25,nomad-2022 1.28,2,1,19,83.9,0
size None fresh 0.02 net1h 0.05 crowd None spike None win 600 floor 1e+06,14,13,4,0.67,7.4,6.5,0.118,0.103,0.241,0.092,0.182,0.405,across-spokepool-7d 1.75,nomad-2022 1.28,2,1,9,91.8,0
size None fresh 0.02 net1h 0.05 crowd None spike None win 1800 floor 250000,14,13,4,0.67,7.4,6.5,0.261,0.103,1.569,0.293,0.182,0.444,across-spokepool-7d 21.00,nomad-2022 1.28,2,1,20,83.1,0
size None fresh 0.02 net1h 0.05 crowd None spike None win 1800 floor 1e+06,14,13,4,0.67,7.4,6.5,0.131,0.103,0.362,0.11,0.182,0.405,across-spokepool-7d 3.50,nomad-2022 1.28,2,1,10,91.0,0
size None fresh 0.02 net1h 0.1 crowd 5 spike 6.0 win 600 floor 250000,14,14,4,0.667,0.0,6.5,0.314,0.117,1.931,0.348,0.228,1.856,across-spokepool-7d 19.25,nomad-2022 1.28,4,2,24,80.0,0
size None fresh 0.02 net1h 0.1 crowd 5 spike 6.0 win 600 floor 1e+06,14,14,4,0.667,0.0,6.5,0.183,0.117,0.724,0.165,0.228,1.817,across-spokepool-7d 1.75,nomad-2022 1.28,4,2,14,87.9,0
size None fresh 0.02 net1h 0.1 crowd 5 spike 6.0 win 1800 floor 250000,14,14,4,0.667,0.0,6.5,0.34,0.132,2.052,0.366,0.273,1.856,across-spokepool-7d 21.00,poly-2021 1.92,4,2,26,78.5,0
size None fresh 0.02 net1h 0.1 crowd 5 spike 6.0 win 1800 floor 1e+06,14,14,4,0.667,0.0,6.5,0.209,0.132,0.845,0.183,0.273,1.817,across-spokepool-7d 3.50,poly-2021 1.92,4,2,16,86.3,0
size None fresh 0.02 net1h 0.1 crowd 5 spike 10.0 win 600 floor 250000,14,14,4,0.667,0.0,6.5,0.261,0.073,1.81,0.312,0.137,1.843,across-spokepool-7d 19.25,nomad-2022 0.64,2,0,20,83.2,0
size None fresh 0.02 net1h 0.1 crowd 5 spike 10.0 win 600 floor 1e+06,14,14,4,0.667,0.0,6.5,0.131,0.073,0.603,0.128,0.137,1.804,across-spokepool-7d 1.75,nomad-2022 0.64,2,0,10,91.0,0
size None fresh 0.02 net1h 0.1 crowd 5 spike 10.0 win 1800 floor 250000,14,14,4,0.667,0.0,6.5,0.288,0.073,2.052,0.348,0.137,1.843,across-spokepool-7d 21.00,nomad-2022 0.64,2,0,22,81.6,0
size None fresh 0.02 net1h 0.1 crowd 5 spike 10.0 win 1800 floor 1e+06,14,14,4,0.667,0.0,6.5,0.157,0.073,0.845,0.165,0.137,1.804,across-spokepool-7d 3.50,nomad-2022 0.64,2,0,12,89.5,0
size None fresh 0.02 net1h 0.1 crowd 5 spike None win 600 floor 250000,14,13,4,0.67,7.4,6.5,0.222,0.059,1.569,0.257,0.137,1.647,across-spokepool-7d 19.25,nomad-2022 0.64,1,0,17,85.5,0
size None fresh 0.02 net1h 0.1 crowd 5 spike None win 600 floor 1e+06,14,13,4,0.67,7.4,6.5,0.091,0.059,0.362,0.073,0.137,1.608,across-spokepool-7d 1.75,nomad-2022 0.64,1,0,7,93.3,0
size None fresh 0.02 net1h 0.1 crowd 5 spike None win 1800 floor 250000,14,13,4,0.67,7.4,6.5,0.261,0.059,1.931,0.312,0.137,1.647,across-spokepool-7d 21.00,nomad-2022 0.64,2,0,20,83.1,0
size None fresh 0.02 net1h 0.1 crowd 5 spike None win 1800 floor 1e+06,14,13,4,0.67,7.4,6.5,0.131,0.059,0.724,0.128,0.137,1.608,across-spokepool-7d 3.50,nomad-2022 0.64,2,0,10,91.0,0
size None fresh 0.02 net1h 0.1 crowd 10 spike 6.0 win 600 floor 250000,14,13,4,0.67,7.4,6.5,0.301,0.103,1.931,0.33,0.228,0.889,across-spokepool-7d 19.25,nomad-2022 1.28,4,2,23,80.8,0
size None fresh 0.02 net1h 0.1 crowd 10 spike 6.0 win 600 floor 1e+06,14,13,4,0.67,7.4,6.5,0.17,0.103,0.724,0.147,0.228,0.85,across-spokepool-7d 1.75,nomad-2022 1.28,4,2,13,88.6,0
size None fresh 0.02 net1h 0.1 crowd 10 spike 6.0 win 1800 floor 250000,14,13,4,0.67,7.4,6.5,0.327,0.117,2.052,0.348,0.273,0.889,across-spokepool-7d 21.00,poly-2021 1.92,4,2,25,79.2,0
size None fresh 0.02 net1h 0.1 crowd 10 spike 6.0 win 1800 floor 1e+06,14,13,4,0.67,7.4,6.5,0.196,0.117,0.845,0.165,0.273,0.85,across-spokepool-7d 3.50,poly-2021 1.92,4,2,15,87.0,0
size None fresh 0.02 net1h 0.1 crowd 10 spike 10.0 win 600 floor 250000,14,13,4,0.67,7.4,6.5,0.248,0.059,1.81,0.293,0.137,0.876,across-spokepool-7d 19.25,nomad-2022 0.64,2,0,19,83.9,0
size None fresh 0.02 net1h 0.1 crowd 10 spike 10.0 win 600 floor 1e+06,14,13,4,0.67,7.4,6.5,0.118,0.059,0.603,0.11,0.137,0.836,across-spokepool-7d 1.75,nomad-2022 0.64,2,0,9,91.8,0
size None fresh 0.02 net1h 0.1 crowd 10 spike 10.0 win 1800 floor 250000,14,13,4,0.67,7.4,6.5,0.274,0.059,2.052,0.33,0.137,0.876,across-spokepool-7d 21.00,nomad-2022 0.64,2,0,21,82.3,0
size None fresh 0.02 net1h 0.1 crowd 10 spike 10.0 win 1800 floor 1e+06,14,13,4,0.67,7.4,6.5,0.144,0.059,0.845,0.147,0.137,0.836,across-spokepool-7d 3.50,nomad-2022 0.64,2,0,11,90.2,0
size None fresh 0.02 net1h 0.1 crowd 10 spike None win 600 floor 250000,14,13,4,0.67,7.4,6.5,0.209,0.044,1.569,0.257,0.091,0.64,across-spokepool-7d 19.25,nomad-2022 0.64,1,0,16,86.3,0
size None fresh 0.02 net1h 0.1 crowd 10 spike None win 600 floor 1e+06,14,13,4,0.67,7.4,6.5,0.078,0.044,0.362,0.073,0.091,0.601,across-spokepool-7d 1.75,nomad-2022 0.64,1,0,6,94.1,0
size None fresh 0.02 net1h 0.1 crowd 10 spike None win 1800 floor 250000,14,13,4,0.67,7.4,6.5,0.261,0.059,1.931,0.312,0.137,0.64,across-spokepool-7d 21.00,nomad-2022 0.64,2,0,20,83.1,0
size None fresh 0.02 net1h 0.1 crowd 10 spike None win 1800 floor 1e+06,14,13,4,0.67,7.4,6.5,0.131,0.059,0.724,0.128,0.137,0.601,across-spokepool-7d 3.50,nomad-2022 0.64,2,0,10,91.0,0
size None fresh 0.02 net1h 0.1 crowd None spike 6.0 win 600 floor 250000,14,13,4,0.67,7.4,6.5,0.261,0.103,1.569,0.275,0.228,0.706,across-spokepool-7d 19.25,nomad-2022 1.28,3,2,20,83.1,0
size None fresh 0.02 net1h 0.1 crowd None spike 6.0 win 600 floor 1e+06,14,13,4,0.67,7.4,6.5,0.131,0.103,0.362,0.092,0.228,0.667,across-spokepool-7d 1.75,nomad-2022 1.28,3,2,10,91.0,0
size None fresh 0.02 net1h 0.1 crowd None spike 6.0 win 1800 floor 250000,14,13,4,0.67,7.4,6.5,0.314,0.117,1.931,0.33,0.273,0.706,across-spokepool-7d 21.00,poly-2021 1.92,4,2,24,80.0,0
size None fresh 0.02 net1h 0.1 crowd None spike 6.0 win 1800 floor 1e+06,14,13,4,0.67,7.4,6.5,0.183,0.117,0.724,0.147,0.273,0.667,across-spokepool-7d 3.50,poly-2021 1.92,4,2,14,87.8,0
size None fresh 0.02 net1h 0.1 crowd None spike 10.0 win 600 floor 250000,14,13,4,0.67,7.4,6.5,0.222,0.059,1.569,0.257,0.137,0.693,across-spokepool-7d 19.25,nomad-2022 0.64,1,0,17,85.5,0
size None fresh 0.02 net1h 0.1 crowd None spike 10.0 win 600 floor 1e+06,14,13,4,0.67,7.4,6.5,0.091,0.059,0.362,0.073,0.137,0.654,across-spokepool-7d 1.75,nomad-2022 0.64,1,0,7,93.3,0
size None fresh 0.02 net1h 0.1 crowd None spike 10.0 win 1800 floor 250000,14,13,4,0.67,7.4,6.5,0.248,0.059,1.81,0.293,0.137,0.693,across-spokepool-7d 21.00,nomad-2022 0.64,1,0,19,83.9,0
size None fresh 0.02 net1h 0.1 crowd None spike 10.0 win 1800 floor 1e+06,14,13,4,0.67,7.4,6.5,0.118,0.059,0.603,0.11,0.137,0.654,across-spokepool-7d 3.50,nomad-2022 0.64,1,0,9,91.8,0
size None fresh 0.02 net1h 0.1 crowd None spike None win 600 floor 250000,14,13,4,0.67,7.4,6.5,0.196,0.044,1.448,0.238,0.091,0.444,across-spokepool-7d 19.25,nomad-2022 0.64,1,0,15,87.0,0
size None fresh 0.02 net1h 0.1 crowd None spike None win 600 floor 1e+06,14,13,4,0.67,7.4,6.5,0.065,0.044,0.241,0.055,0.091,0.405,across-spokepool-7d 1.75,nomad-2022 0.64,1,0,5,94.9,0
size None fresh 0.02 net1h 0.1 crowd None spike None win 1800 floor 250000,14,13,4,0.67,7.4,6.5,0.222,0.059,1.569,0.257,0.137,0.444,across-spokepool-7d 21.00,nomad-2022 0.64,1,0,17,85.5,0
size None fresh 0.02 net1h 0.1 crowd None spike None win 1800 floor 1e+06,14,13,4,0.67,7.4,6.5,0.091,0.059,0.362,0.073,0.137,0.405,across-spokepool-7d 3.50,nomad-2022 0.64,1,0,7,93.3,0
size None fresh 0.02 net1h 0.2 crowd 5 spike 6.0 win 600 floor 250000,14,14,4,0.667,0.0,6.5,0.314,0.117,1.931,0.348,0.228,1.856,across-spokepool-7d 19.25,nomad-2022 1.28,4,2,24,80.0,0
size None fresh 0.02 net1h 0.2 crowd 5 spike 6.0 win 600 floor 1e+06,14,14,4,0.667,0.0,6.5,0.183,0.117,0.724,0.165,0.228,1.817,across-spokepool-7d 1.75,nomad-2022 1.28,4,2,14,87.9,0
size None fresh 0.02 net1h 0.2 crowd 5 spike 6.0 win 1800 floor 250000,14,14,4,0.667,0.0,6.5,0.34,0.132,2.052,0.366,0.273,1.856,across-spokepool-7d 21.00,poly-2021 1.92,4,2,26,78.5,0
size None fresh 0.02 net1h 0.2 crowd 5 spike 6.0 win 1800 floor 1e+06,14,14,4,0.667,0.0,6.5,0.209,0.132,0.845,0.183,0.273,1.817,across-spokepool-7d 3.50,poly-2021 1.92,4,2,16,86.3,0
size None fresh 0.02 net1h 0.2 crowd 5 spike 10.0 win 600 floor 250000,14,14,4,0.667,0.0,6.5,0.261,0.073,1.81,0.312,0.137,1.843,across-spokepool-7d 19.25,nomad-2022 0.64,2,0,20,83.2,0
size None fresh 0.02 net1h 0.2 crowd 5 spike 10.0 win 600 floor 1e+06,14,14,4,0.667,0.0,6.5,0.131,0.073,0.603,0.128,0.137,1.804,across-spokepool-7d 1.75,nomad-2022 0.64,2,0,10,91.0,0
size None fresh 0.02 net1h 0.2 crowd 5 spike 10.0 win 1800 floor 250000,14,14,4,0.667,0.0,6.5,0.274,0.073,1.931,0.33,0.137,1.843,across-spokepool-7d 21.00,nomad-2022 0.64,2,0,21,82.4,0
size None fresh 0.02 net1h 0.2 crowd 5 spike 10.0 win 1800 floor 1e+06,14,14,4,0.667,0.0,6.5,0.144,0.073,0.724,0.147,0.137,1.804,across-spokepool-7d 3.50,nomad-2022 0.64,2,0,11,90.3,0
size None fresh 0.02 net1h 0.2 crowd 5 spike None win 600 floor 250000,14,13,4,0.686,44.2,6.5,0.222,0.059,1.569,0.257,0.137,1.647,across-spokepool-7d 19.25,nomad-2022 0.64,1,0,17,85.1,0
size None fresh 0.02 net1h 0.2 crowd 5 spike None win 600 floor 1e+06,14,13,4,0.686,44.2,6.5,0.091,0.059,0.362,0.073,0.137,1.608,across-spokepool-7d 1.75,nomad-2022 0.64,1,0,7,92.9,0
size None fresh 0.02 net1h 0.2 crowd 5 spike None win 1800 floor 250000,14,13,4,0.67,7.4,6.5,0.248,0.059,1.81,0.293,0.137,1.647,across-spokepool-7d 21.00,nomad-2022 0.64,1,0,19,83.9,0
size None fresh 0.02 net1h 0.2 crowd 5 spike None win 1800 floor 1e+06,14,13,4,0.67,7.4,6.5,0.118,0.059,0.603,0.11,0.137,1.608,across-spokepool-7d 3.50,nomad-2022 0.64,1,0,9,91.8,0
size None fresh 0.02 net1h 0.2 crowd 10 spike 6.0 win 600 floor 250000,14,13,4,0.67,7.4,6.5,0.301,0.103,1.931,0.33,0.228,0.889,across-spokepool-7d 19.25,nomad-2022 1.28,4,2,23,80.8,0
size None fresh 0.02 net1h 0.2 crowd 10 spike 6.0 win 600 floor 1e+06,14,13,4,0.67,7.4,6.5,0.17,0.103,0.724,0.147,0.228,0.85,across-spokepool-7d 1.75,nomad-2022 1.28,4,2,13,88.6,0
size None fresh 0.02 net1h 0.2 crowd 10 spike 6.0 win 1800 floor 250000,14,13,4,0.67,7.4,6.5,0.327,0.117,2.052,0.348,0.273,0.889,across-spokepool-7d 21.00,poly-2021 1.92,4,2,25,79.2,0
size None fresh 0.02 net1h 0.2 crowd 10 spike 6.0 win 1800 floor 1e+06,14,13,4,0.67,7.4,6.5,0.196,0.117,0.845,0.165,0.273,0.85,across-spokepool-7d 3.50,poly-2021 1.92,4,2,15,87.0,0
size None fresh 0.02 net1h 0.2 crowd 10 spike 10.0 win 600 floor 250000,14,13,4,0.686,44.2,6.5,0.248,0.059,1.81,0.293,0.137,0.876,across-spokepool-7d 19.25,nomad-2022 0.64,2,0,19,83.5,0
size None fresh 0.02 net1h 0.2 crowd 10 spike 10.0 win 600 floor 1e+06,14,13,4,0.686,44.2,6.5,0.118,0.059,0.603,0.11,0.137,0.836,across-spokepool-7d 1.75,nomad-2022 0.64,2,0,9,91.4,0
size None fresh 0.02 net1h 0.2 crowd 10 spike 10.0 win 1800 floor 250000,14,13,4,0.67,7.4,6.5,0.261,0.059,1.931,0.312,0.137,0.876,across-spokepool-7d 21.00,nomad-2022 0.64,2,0,20,83.1,0
size None fresh 0.02 net1h 0.2 crowd 10 spike 10.0 win 1800 floor 1e+06,14,13,4,0.67,7.4,6.5,0.131,0.059,0.724,0.128,0.137,0.836,across-spokepool-7d 3.50,nomad-2022 0.64,2,0,10,91.0,0
size None fresh 0.02 net1h 0.2 crowd 10 spike None win 600 floor 250000,14,13,4,0.686,44.2,6.5,0.209,0.044,1.569,0.257,0.091,0.64,across-spokepool-7d 19.25,nomad-2022 0.64,1,0,16,85.9,0
size None fresh 0.02 net1h 0.2 crowd 10 spike None win 600 floor 1e+06,14,13,4,0.686,44.2,6.5,0.078,0.044,0.362,0.073,0.091,0.601,across-spokepool-7d 1.75,nomad-2022 0.64,1,0,6,93.7,0
size None fresh 0.02 net1h 0.2 crowd 10 spike None win 1800 floor 250000,14,13,4,0.686,44.2,6.5,0.248,0.059,1.81,0.293,0.137,0.64,across-spokepool-7d 21.00,nomad-2022 0.64,1,0,19,83.5,0
size None fresh 0.02 net1h 0.2 crowd 10 spike None win 1800 floor 1e+06,14,13,4,0.686,44.2,6.5,0.118,0.059,0.603,0.11,0.137,0.601,across-spokepool-7d 3.50,nomad-2022 0.64,1,0,9,91.4,0
size None fresh 0.02 net1h 0.2 crowd None spike 6.0 win 600 floor 250000,14,13,4,0.67,7.4,6.5,0.261,0.103,1.569,0.275,0.228,0.706,across-spokepool-7d 19.25,nomad-2022 1.28,3,2,20,83.1,0
size None fresh 0.02 net1h 0.2 crowd None spike 6.0 win 600 floor 1e+06,14,13,4,0.67,7.4,6.5,0.131,0.103,0.362,0.092,0.228,0.667,across-spokepool-7d 1.75,nomad-2022 1.28,3,2,10,91.0,0
size None fresh 0.02 net1h 0.2 crowd None spike 6.0 win 1800 floor 250000,14,13,4,0.67,7.4,6.5,0.301,0.117,1.81,0.312,0.273,0.706,across-spokepool-7d 21.00,poly-2021 1.92,3,2,23,80.8,0
size None fresh 0.02 net1h 0.2 crowd None spike 6.0 win 1800 floor 1e+06,14,13,4,0.67,7.4,6.5,0.17,0.117,0.603,0.128,0.273,0.667,across-spokepool-7d 3.50,poly-2021 1.92,3,2,13,88.6,0
size None fresh 0.02 net1h 0.2 crowd None spike 10.0 win 600 floor 250000,14,13,4,0.686,44.2,6.5,0.222,0.059,1.569,0.257,0.137,0.693,across-spokepool-7d 19.25,nomad-2022 0.64,1,0,17,85.1,0
size None fresh 0.02 net1h 0.2 crowd None spike 10.0 win 600 floor 1e+06,14,13,4,0.686,44.2,6.5,0.091,0.059,0.362,0.073,0.137,0.654,across-spokepool-7d 1.75,nomad-2022 0.64,1,0,7,92.9,0
size None fresh 0.02 net1h 0.2 crowd None spike 10.0 win 1800 floor 250000,14,13,4,0.67,7.4,6.5,0.248,0.059,1.81,0.293,0.137,0.693,across-spokepool-7d 21.00,nomad-2022 0.64,1,0,19,83.9,0
size None fresh 0.02 net1h 0.2 crowd None spike 10.0 win 1800 floor 1e+06,14,13,4,0.67,7.4,6.5,0.118,0.059,0.603,0.11,0.137,0.654,across-spokepool-7d 3.50,nomad-2022 0.64,1,0,9,91.8,0
size None fresh 0.02 net1h 0.2 crowd None spike None win 600 floor 250000,14,13,4,0.686,44.2,6.5,0.196,0.044,1.448,0.238,0.091,0.444,across-spokepool-7d 19.25,nomad-2022 0.64,1,0,15,86.7,0
size None fresh 0.02 net1h 0.2 crowd None spike None win 600 floor 1e+06,14,13,4,0.686,44.2,6.5,0.065,0.044,0.241,0.055,0.091,0.405,across-spokepool-7d 1.75,nomad-2022 0.64,1,0,5,94.5,0
size None fresh 0.02 net1h 0.2 crowd None spike None win 1800 floor 250000,14,13,4,0.686,44.2,6.5,0.222,0.059,1.569,0.257,0.137,0.444,across-spokepool-7d 21.00,nomad-2022 0.64,1,0,17,85.1,0
size None fresh 0.02 net1h 0.2 crowd None spike None win 1800 floor 1e+06,14,13,4,0.686,44.2,6.5,0.091,0.059,0.362,0.073,0.137,0.405,across-spokepool-7d 3.50,nomad-2022 0.64,1,0,7,92.9,0
size None fresh None net1h 0.05 crowd 5 spike 6.0 win 600 floor 250000,14,14,4,0.667,0.0,4.0,0.314,0.117,1.931,0.366,0.182,1.843,across-spokepool-7d 19.25,nomad-2022 1.28,3,1,24,80.0,0
size None fresh None net1h 0.05 crowd 5 spike 6.0 win 600 floor 1e+06,14,14,4,0.667,0.0,4.0,0.183,0.117,0.724,0.183,0.182,1.804,across-spokepool-7d 1.75,nomad-2022 1.28,3,1,14,87.9,0
size None fresh None net1h 0.05 crowd 5 spike 6.0 win 1800 floor 250000,14,14,4,0.667,0.0,4.0,0.34,0.132,2.052,0.385,0.228,1.843,across-spokepool-7d 21.00,nomad-2022 1.28,4,2,26,78.5,0
size None fresh None net1h 0.05 crowd 5 spike 6.0 win 1800 floor 1e+06,14,14,4,0.667,0.0,4.0,0.209,0.132,0.845,0.202,0.228,1.804,across-spokepool-7d 3.50,nomad-2022 1.28,4,2,16,86.3,0
size None fresh None net1h 0.05 crowd 5 spike 10.0 win 600 floor 250000,14,14,4,0.667,0.0,6.5,0.288,0.103,1.81,0.33,0.182,1.817,across-spokepool-7d 19.25,nomad-2022 1.28,3,1,22,81.6,0
size None fresh None net1h 0.05 crowd 5 spike 10.0 win 600 floor 1e+06,14,14,4,0.667,0.0,6.5,0.157,0.103,0.603,0.147,0.182,1.778,across-spokepool-7d 1.75,nomad-2022 1.28,3,1,12,89.5,0
size None fresh None net1h 0.05 crowd 5 spike 10.0 win 1800 floor 250000,14,14,4,0.667,0.0,6.5,0.314,0.103,2.052,0.366,0.182,1.817,across-spokepool-7d 21.00,nomad-2022 1.28,3,1,24,80.0,0
size None fresh None net1h 0.05 crowd 5 spike 10.0 win 1800 floor 1e+06,14,14,4,0.667,0.0,6.5,0.183,0.103,0.845,0.183,0.182,1.778,across-spokepool-7d 3.50,nomad-2022 1.28,3,1,14,87.9,0
size None fresh None net1h 0.05 crowd 5 spike None win 600 floor 250000,14,14,4,0.667,0.0,6.5,0.248,0.088,1.569,0.275,0.182,1.621,across-spokepool-7d 19.25,nomad-2022 1.28,2,1,19,84.0,0
size None fresh None net1h 0.05 crowd 5 spike None win 600 floor 1e+06,14,14,4,0.667,0.0,6.5,0.118,0.088,0.362,0.092,0.182,1.582,across-spokepool-7d 1.75,nomad-2022 1.28,2,1,9,91.8,0
size None fresh None net1h 0.05 crowd 5 spike None win 1800 floor 250000,14,14,4,0.667,0.0,6.5,0.288,0.088,1.931,0.33,0.182,1.621,across-spokepool-7d 21.00,nomad-2022 1.28,3,1,22,81.6,0
size None fresh None net1h 0.05 crowd 5 spike None win 1800 floor 1e+06,14,14,4,0.667,0.0,6.5,0.157,0.088,0.724,0.147,0.182,1.582,across-spokepool-7d 3.50,nomad-2022 1.28,3,1,12,89.5,0
size None fresh None net1h 0.05 crowd 10 spike 6.0 win 600 floor 250000,14,14,4,0.667,0.0,4.0,0.301,0.103,1.931,0.348,0.182,0.876,across-spokepool-7d 19.25,nomad-2022 1.28,3,1,23,80.8,0
size None fresh None net1h 0.05 crowd 10 spike 6.0 win 600 floor 1e+06,14,14,4,0.667,0.0,4.0,0.17,0.103,0.724,0.165,0.182,0.836,across-spokepool-7d 1.75,nomad-2022 1.28,3,1,13,88.7,0
size None fresh None net1h 0.05 crowd 10 spike 6.0 win 1800 floor 250000,14,14,4,0.667,0.0,4.0,0.327,0.117,2.052,0.366,0.228,0.876,across-spokepool-7d 21.00,nomad-2022 1.28,4,2,25,79.3,0
size None fresh None net1h 0.05 crowd 10 spike 6.0 win 1800 floor 1e+06,14,14,4,0.667,0.0,4.0,0.196,0.117,0.845,0.183,0.228,0.836,across-spokepool-7d 3.50,nomad-2022 1.28,4,2,15,87.1,0
size None fresh None net1h 0.05 crowd 10 spike 10.0 win 600 floor 250000,14,14,4,0.667,0.0,6.5,0.261,0.073,1.81,0.293,0.182,0.85,across-spokepool-7d 19.25,nomad-2022 1.28,3,1,20,83.2,0
size None fresh None net1h 0.05 crowd 10 spike 10.0 win 600 floor 1e+06,14,14,4,0.667,0.0,6.5,0.131,0.073,0.603,0.11,0.182,0.81,across-spokepool-7d 1.75,nomad-2022 1.28,3,1,10,91.0,0
size None fresh None net1h 0.05 crowd 10 spike 10.0 win 1800 floor 250000,14,14,4,0.667,0.0,6.5,0.288,0.073,2.052,0.33,0.182,0.85,across-spokepool-7d 21.00,nomad-2022 1.28,3,1,22,81.6,0
size None fresh None net1h 0.05 crowd 10 spike 10.0 win 1800 floor 1e+06,14,14,4,0.667,0.0,6.5,0.157,0.073,0.845,0.147,0.182,0.81,across-spokepool-7d 3.50,nomad-2022 1.28,3,1,12,89.5,0
size None fresh None net1h 0.05 crowd 10 spike None win 600 floor 250000,14,13,4,0.686,44.2,6.5,0.235,0.073,1.569,0.257,0.182,0.614,across-spokepool-7d 19.25,nomad-2022 1.28,2,1,18,84.3,0
size None fresh None net1h 0.05 crowd 10 spike None win 600 floor 1e+06,14,13,4,0.686,44.2,6.5,0.105,0.073,0.362,0.073,0.182,0.575,across-spokepool-7d 1.75,nomad-2022 1.28,2,1,8,92.2,0
size None fresh None net1h 0.05 crowd 10 spike None win 1800 floor 250000,14,13,4,0.686,44.2,6.5,0.274,0.073,1.931,0.312,0.182,0.614,across-spokepool-7d 21.00,nomad-2022 1.28,3,1,21,81.9,0
size None fresh None net1h 0.05 crowd 10 spike None win 1800 floor 1e+06,14,13,4,0.686,44.2,6.5,0.144,0.073,0.724,0.128,0.182,0.575,across-spokepool-7d 3.50,nomad-2022 1.28,3,1,11,89.8,0
size None fresh None net1h 0.05 crowd None spike 6.0 win 600 floor 250000,14,14,4,0.667,0.0,4.0,0.261,0.103,1.569,0.293,0.182,0.693,across-spokepool-7d 19.25,nomad-2022 1.28,2,1,20,83.2,0
size None fresh None net1h 0.05 crowd None spike 6.0 win 600 floor 1e+06,14,14,4,0.667,0.0,4.0,0.131,0.103,0.362,0.11,0.182,0.654,across-spokepool-7d 1.75,nomad-2022 1.28,2,1,10,91.0,0
size None fresh None net1h 0.05 crowd None spike 6.0 win 1800 floor 250000,14,14,4,0.667,0.0,4.0,0.314,0.117,1.931,0.348,0.228,0.693,across-spokepool-7d 21.00,nomad-2022 1.28,4,2,24,80.0,0
size None fresh None net1h 0.05 crowd None spike 6.0 win 1800 floor 1e+06,14,14,4,0.667,0.0,4.0,0.183,0.117,0.724,0.165,0.228,0.654,across-spokepool-7d 3.50,nomad-2022 1.28,4,2,14,87.9,0
size None fresh None net1h 0.05 crowd None spike 10.0 win 600 floor 250000,14,14,4,0.667,0.0,6.5,0.235,0.073,1.569,0.257,0.182,0.667,across-spokepool-7d 19.25,nomad-2022 1.28,2,1,18,84.8,0
size None fresh None net1h 0.05 crowd None spike 10.0 win 600 floor 1e+06,14,14,4,0.667,0.0,6.5,0.105,0.073,0.362,0.073,0.182,0.627,across-spokepool-7d 1.75,nomad-2022 1.28,2,1,8,92.6,0
size None fresh None net1h 0.05 crowd None spike 10.0 win 1800 floor 250000,14,14,4,0.667,0.0,6.5,0.261,0.073,1.81,0.293,0.182,0.667,across-spokepool-7d 21.00,nomad-2022 1.28,2,1,20,83.2,0
size None fresh None net1h 0.05 crowd None spike 10.0 win 1800 floor 1e+06,14,14,4,0.667,0.0,6.5,0.131,0.073,0.603,0.11,0.182,0.627,across-spokepool-7d 3.50,nomad-2022 1.28,2,1,10,91.0,0
size None fresh None net1h 0.05 crowd None spike None win 600 floor 250000,14,13,4,0.686,44.2,6.5,0.222,0.073,1.448,0.238,0.182,0.418,across-spokepool-7d 19.25,nomad-2022 1.28,2,1,17,85.1,0
size None fresh None net1h 0.05 crowd None spike None win 600 floor 1e+06,14,13,4,0.686,44.2,6.5,0.091,0.073,0.241,0.055,0.182,0.379,across-spokepool-7d 1.75,nomad-2022 1.28,2,1,7,92.9,0
size None fresh None net1h 0.05 crowd None spike None win 1800 floor 250000,14,13,4,0.686,44.2,6.5,0.235,0.073,1.569,0.257,0.182,0.418,across-spokepool-7d 21.00,nomad-2022 1.28,2,1,18,84.3,0
size None fresh None net1h 0.05 crowd None spike None win 1800 floor 1e+06,14,13,4,0.686,44.2,6.5,0.105,0.073,0.362,0.073,0.182,0.379,across-spokepool-7d 3.50,nomad-2022 1.28,2,1,8,92.2,0
size None fresh None net1h 0.1 crowd 5 spike 6.0 win 600 floor 250000,13,13,4,0.667,0.0,9.0,0.288,0.088,1.931,0.33,0.182,1.843,across-spokepool-7d 19.25,nomad-2022 1.28,3,1,22,74.6,1
size None fresh None net1h 0.1 crowd 5 spike 6.0 win 600 floor 1e+06,13,13,4,0.667,0.0,9.0,0.157,0.088,0.724,0.147,0.182,1.804,across-spokepool-7d 1.75,nomad-2022 1.28,3,1,12,82.4,1
size None fresh None net1h 0.1 crowd 5 spike 6.0 win 1800 floor 250000,13,13,4,0.667,0.0,9.0,0.314,0.103,2.052,0.348,0.228,1.843,across-spokepool-7d 21.00,nomad-2022 1.28,4,2,24,73.0,1
size None fresh None net1h 0.1 crowd 5 spike 6.0 win 1800 floor 1e+06,13,13,4,0.667,0.0,9.0,0.183,0.103,0.845,0.165,0.228,1.804,across-spokepool-7d 3.50,nomad-2022 1.28,4,2,14,80.8,1
size None fresh None net1h 0.1 crowd 5 spike 10.0 win 600 floor 250000,13,13,4,0.667,0.0,9.0,0.248,0.059,1.81,0.312,0.091,1.804,across-spokepool-7d 19.25,nomad-2022 0.64,2,0,19,76.9,1
size None fresh None net1h 0.1 crowd 5 spike 10.0 win 600 floor 1e+06,13,13,4,0.667,0.0,9.0,0.118,0.059,0.603,0.128,0.091,1.764,across-spokepool-7d 1.75,nomad-2022 0.64,2,0,9,84.8,1
size None fresh None net1h 0.1 crowd 5 spike 10.0 win 1800 floor 250000,13,13,4,0.667,0.0,9.0,0.274,0.059,2.052,0.348,0.091,1.804,across-spokepool-7d 21.00,nomad-2022 0.64,2,0,21,75.3,1
size None fresh None net1h 0.1 crowd 5 spike 10.0 win 1800 floor 1e+06,13,13,4,0.667,0.0,9.0,0.144,0.059,0.845,0.165,0.091,1.764,across-spokepool-7d 3.50,nomad-2022 0.64,2,0,11,83.2,1
size None fresh None net1h 0.1 crowd 5 spike None win 600 floor 250000,13,12,4,0.686,44.2,9.0,0.196,0.029,1.569,0.257,0.046,1.608,across-spokepool-7d 19.25,nomad-2022 0.64,1,0,15,79.6,1
size None fresh None net1h 0.1 crowd 5 spike None win 600 floor 1e+06,13,12,4,0.686,44.2,9.0,0.065,0.029,0.362,0.073,0.046,1.568,across-spokepool-7d 1.75,nomad-2022 0.64,1,0,5,87.5,1
size None fresh None net1h 0.1 crowd 5 spike None win 1800 floor 250000,13,12,4,0.67,7.4,9.0,0.248,0.044,1.931,0.312,0.091,1.608,across-spokepool-7d 21.00,nomad-2022 0.64,2,0,19,76.8,1
size None fresh None net1h 0.1 crowd 5 spike None win 1800 floor 1e+06,13,12,4,0.67,7.4,9.0,0.118,0.044,0.724,0.128,0.091,1.568,across-spokepool-7d 3.50,nomad-2022 0.64,2,0,9,84.7,1
size None fresh None net1h 0.1 crowd 10 spike 6.0 win 600 floor 250000,13,12,4,0.67,7.4,9.0,0.274,0.073,1.931,0.312,0.182,0.876,across-spokepool-7d 19.25,nomad-2022 1.28,3,1,21,75.3,1
size None fresh None net1h 0.1 crowd 10 spike 6.0 win 600 floor 1e+06,13,12,4,0.67,7.4,9.0,0.144,0.073,0.724,0.128,0.182,0.836,across-spokepool-7d 1.75,nomad-2022 1.28,3,1,11,83.1,1
size None fresh None net1h 0.1 crowd 10 spike 6.0 win 1800 floor 250000,13,12,4,0.67,7.4,9.0,0.301,0.088,2.052,0.33,0.228,0.876,across-spokepool-7d 21.00,nomad-2022 1.28,4,2,23,73.7,1
size None fresh None net1h 0.1 crowd 10 spike 6.0 win 1800 floor 1e+06,13,12,4,0.67,7.4,9.0,0.17,0.088,0.845,0.147,0.228,0.836,across-spokepool-7d 3.50,nomad-2022 1.28,4,2,13,81.6,1
size None fresh None net1h 0.1 crowd 10 spike 10.0 win 600 floor 250000,13,12,4,0.686,44.2,9.0,0.222,0.029,1.81,0.275,0.091,0.836,across-spokepool-7d 19.25,nomad-2022 0.64,2,0,17,78.0,1
size None fresh None net1h 0.1 crowd 10 spike 10.0 win 600 floor 1e+06,13,12,4,0.686,44.2,9.0,0.091,0.029,0.603,0.092,0.091,0.797,across-spokepool-7d 1.75,nomad-2022 0.64,2,0,7,85.9,1
size None fresh None net1h 0.1 crowd 10 spike 10.0 win 1800 floor 250000,13,12,4,0.67,7.4,9.0,0.248,0.029,2.052,0.312,0.091,0.836,across-spokepool-7d 21.00,nomad-2022 0.64,2,0,19,76.8,1
size None fresh None net1h 0.1 crowd 10 spike 10.0 win 1800 floor 1e+06,13,12,4,0.67,7.4,9.0,0.118,0.029,0.845,0.128,0.091,0.797,across-spokepool-7d 3.50,nomad-2022 0.64,2,0,9,84.7,1
size None fresh None net1h 0.1 crowd 10 spike None win 600 floor 250000,13,12,4,0.686,44.2,9.0,0.183,0.015,1.569,0.238,0.046,0.601,across-spokepool-7d 19.25,nomad-2022 0.64,1,0,14,80.4,1
size None fresh None net1h 0.1 crowd 10 spike None win 600 floor 1e+06,13,12,4,0.686,44.2,9.0,0.052,0.015,0.362,0.055,0.046,0.562,across-spokepool-7d 1.75,nomad-2022 0.64,1,0,4,88.2,1
size None fresh None net1h 0.1 crowd 10 spike None win 1800 floor 250000,13,12,4,0.686,44.2,9.0,0.222,0.015,1.931,0.293,0.046,0.601,across-spokepool-7d 21.00,nomad-2022 0.64,2,0,17,78.0,1
size None fresh None net1h 0.1 crowd 10 spike None win 1800 floor 1e+06,13,12,4,0.686,44.2,9.0,0.091,0.015,0.724,0.11,0.046,0.562,across-spokepool-7d 3.50,nomad-2022 0.64,2,0,7,85.9,1
size None fresh None net1h 0.1 crowd None spike 6.0 win 600 floor 250000,13,12,4,0.67,7.4,9.0,0.235,0.073,1.569,0.257,0.182,0.693,across-spokepool-7d 19.25,nomad-2022 1.28,2,1,18,77.6,1
size None fresh None net1h 0.1 crowd None spike 6.0 win 600 floor 1e+06,13,12,4,0.67,7.4,9.0,0.105,0.073,0.362,0.073,0.182,0.654,across-spokepool-7d 1.75,nomad-2022 1.28,2,1,8,85.5,1
size None fresh None net1h 0.1 crowd None spike 6.0 win 1800 floor 250000,13,12,4,0.67,7.4,9.0,0.288,0.088,1.931,0.312,0.228,0.693,across-spokepool-7d 21.00,nomad-2022 1.28,4,2,22,74.5,1
size None fresh None net1h 0.1 crowd None spike 6.0 win 1800 floor 1e+06,13,12,4,0.67,7.4,9.0,0.157,0.088,0.724,0.128,0.228,0.654,across-spokepool-7d 3.50,nomad-2022 1.28,4,2,12,82.3,1
size None fresh None net1h 0.1 crowd None spike 10.0 win 600 floor 250000,13,12,4,0.686,44.2,9.0,0.196,0.029,1.569,0.238,0.091,0.654,across-spokepool-7d 19.25,nomad-2022 0.64,1,0,15,79.6,1
size None fresh None net1h 0.1 crowd None spike 10.0 win 600 floor 1e+06,13,12,4,0.686,44.2,9.0,0.065,0.029,0.362,0.055,0.091,0.614,across-spokepool-7d 1.75,nomad-2022 0.64,1,0,5,87.5,1
size None fresh None net1h 0.1 crowd None spike 10.0 win 1800 floor 250000,13,12,4,0.67,7.4,9.0,0.222,0.029,1.81,0.275,0.091,0.654,across-spokepool-7d 21.00,nomad-2022 0.64,1,0,17,78.4,1
size None fresh None net1h 0.1 crowd None spike 10.0 win 1800 floor 1e+06,13,12,4,0.67,7.4,9.0,0.091,0.029,0.603,0.092,0.091,0.614,across-spokepool-7d 3.50,nomad-2022 0.64,1,0,7,86.3,1
size None fresh None net1h 0.1 crowd None spike None win 600 floor 250000,13,12,4,0.686,44.2,9.0,0.17,0.015,1.448,0.22,0.046,0.405,across-spokepool-7d 19.25,nomad-2022 0.64,1,0,13,81.2,1
size None fresh None net1h 0.1 crowd None spike None win 600 floor 1e+06,13,12,4,0.686,44.2,9.0,0.039,0.015,0.241,0.037,0.046,0.366,across-spokepool-7d 1.75,nomad-2022 0.64,1,0,3,89.0,1
size None fresh None net1h 0.1 crowd None spike None win 1800 floor 250000,13,12,4,0.686,44.2,9.0,0.183,0.015,1.569,0.238,0.046,0.405,across-spokepool-7d 21.00,nomad-2022 0.64,1,0,14,80.4,1
size None fresh None net1h 0.1 crowd None spike None win 1800 floor 1e+06,13,12,4,0.686,44.2,9.0,0.052,0.015,0.362,0.055,0.046,0.366,across-spokepool-7d 3.50,nomad-2022 0.64,1,0,4,88.2,1
size None fresh None net1h 0.2 crowd 5 spike 6.0 win 600 floor 250000,13,13,4,0.667,0.0,9.0,0.288,0.088,1.931,0.33,0.182,1.843,across-spokepool-7d 19.25,nomad-2022 1.28,3,1,22,74.6,1
size None fresh None net1h 0.2 crowd 5 spike 6.0 win 600 floor 1e+06,13,13,4,0.667,0.0,9.0,0.157,0.088,0.724,0.147,0.182,1.804,across-spokepool-7d 1.75,nomad-2022 1.28,3,1,12,82.4,1
size None fresh None net1h 0.2 crowd 5 spike 6.0 win 1800 floor 250000,13,13,4,0.667,0.0,9.0,0.314,0.103,2.052,0.348,0.228,1.843,across-spokepool-7d 21.00,nomad-2022 1.28,4,2,24,73.0,1
size None fresh None net1h 0.2 crowd 5 spike 6.0 win 1800 floor 1e+06,13,13,4,0.667,0.0,9.0,0.183,0.103,0.845,0.165,0.228,1.804,across-spokepool-7d 3.50,nomad-2022 1.28,4,2,14,80.8,1
size None fresh None net1h 0.2 crowd 5 spike 10.0 win 600 floor 250000,13,13,4,0.667,0.0,9.0,0.235,0.059,1.69,0.293,0.091,1.804,across-spokepool-7d 19.25,nomad-2022 0.64,1,0,18,77.7,1
size None fresh None net1h 0.2 crowd 5 spike 10.0 win 600 floor 1e+06,13,13,4,0.667,0.0,9.0,0.105,0.059,0.483,0.11,0.091,1.764,across-spokepool-7d 1.75,nomad-2022 0.64,1,0,8,85.6,1
size None fresh None net1h 0.2 crowd 5 spike 10.0 win 1800 floor 250000,13,13,4,0.667,0.0,9.0,0.248,0.059,1.81,0.312,0.091,1.804,across-spokepool-7d 21.00,nomad-2022 0.64,1,0,19,76.9,1
size None fresh None net1h 0.2 crowd 5 spike 10.0 win 1800 floor 1e+06,13,13,4,0.667,0.0,9.0,0.118,0.059,0.603,0.128,0.091,1.764,across-spokepool-7d 3.50,nomad-2022 0.64,1,0,9,84.8,1
size None fresh None net1h 0.2 crowd 5 spike None win 600 floor 250000,13,11,4,0.698,54.0,10.0,0.183,0.029,1.448,0.238,0.046,1.608,across-spokepool-7d 19.25,nomad-2022 0.64,1,0,14,80.3,1
size None fresh None net1h 0.2 crowd 5 spike None win 600 floor 1e+06,13,11,4,0.698,54.0,10.0,0.052,0.029,0.241,0.055,0.046,1.568,across-spokepool-7d 1.75,nomad-2022 0.64,1,0,4,88.2,1
size None fresh None net1h 0.2 crowd 5 spike None win 1800 floor 250000,13,11,4,0.698,54.0,10.0,0.222,0.044,1.69,0.275,0.091,1.608,across-spokepool-7d 21.00,nomad-2022 0.64,1,0,17,77.9,1
size None fresh None net1h 0.2 crowd 5 spike None win 1800 floor 1e+06,13,11,4,0.698,54.0,10.0,0.091,0.044,0.483,0.092,0.091,1.568,across-spokepool-7d 3.50,nomad-2022 0.64,1,0,7,85.8,1
size None fresh None net1h 0.2 crowd 10 spike 6.0 win 600 floor 250000,13,12,4,0.686,44.2,9.0,0.274,0.073,1.931,0.312,0.182,0.876,across-spokepool-7d 19.25,nomad-2022 1.28,3,1,21,74.9,1
size None fresh None net1h 0.2 crowd 10 spike 6.0 win 600 floor 1e+06,13,12,4,0.686,44.2,9.0,0.144,0.073,0.724,0.128,0.182,0.836,across-spokepool-7d 1.75,nomad-2022 1.28,3,1,11,82.7,1
size None fresh None net1h 0.2 crowd 10 spike 6.0 win 1800 floor 250000,13,12,4,0.686,44.2,9.0,0.301,0.088,2.052,0.33,0.228,0.876,across-spokepool-7d 21.00,nomad-2022 1.28,4,2,23,73.3,1
size None fresh None net1h 0.2 crowd 10 spike 6.0 win 1800 floor 1e+06,13,12,4,0.686,44.2,9.0,0.17,0.088,0.845,0.147,0.228,0.836,across-spokepool-7d 3.50,nomad-2022 1.28,4,2,13,81.2,1
size None fresh None net1h 0.2 crowd 10 spike 10.0 win 600 floor 250000,13,12,4,0.686,44.2,9.0,0.209,0.029,1.69,0.257,0.091,0.836,across-spokepool-7d 19.25,nomad-2022 0.64,1,0,16,78.8,1
size None fresh None net1h 0.2 crowd 10 spike 10.0 win 600 floor 1e+06,13,12,4,0.686,44.2,9.0,0.078,0.029,0.483,0.073,0.091,0.797,across-spokepool-7d 1.75,nomad-2022 0.64,1,0,6,86.7,1
size None fresh None net1h 0.2 crowd 10 spike 10.0 win 1800 floor 250000,13,12,4,0.686,44.2,9.0,0.222,0.029,1.81,0.275,0.091,0.836,across-spokepool-7d 21.00,nomad-2022 0.64,1,0,17,78.0,1
size None fresh None net1h 0.2 crowd 10 spike 10.0 win 1800 floor 1e+06,13,12,4,0.686,44.2,9.0,0.091,0.029,0.603,0.092,0.091,0.797,across-spokepool-7d 3.50,nomad-2022 0.64,1,0,7,85.9,1
size None fresh None net1h 0.2 crowd 10 spike None win 600 floor 250000,13,11,4,0.698,54.0,10.0,0.157,0.0,1.448,0.22,0.0,0.601,across-spokepool-7d 19.25,force-bridge-2025 0.00,1,0,12,81.9,1
size None fresh None net1h 0.2 crowd 10 spike None win 600 floor 1e+06,13,11,4,0.698,54.0,10.0,0.026,0.0,0.241,0.037,0.0,0.562,across-spokepool-7d 1.75,force-bridge-2025 0.00,1,0,2,89.7,1
size None fresh None net1h 0.2 crowd 10 spike None win 1800 floor 250000,13,11,4,0.698,54.0,10.0,0.183,0.0,1.69,0.257,0.0,0.601,across-spokepool-7d 21.00,force-bridge-2025 0.00,1,0,14,80.3,1
size None fresh None net1h 0.2 crowd 10 spike None win 1800 floor 1e+06,13,11,4,0.698,54.0,10.0,0.052,0.0,0.483,0.073,0.0,0.562,across-spokepool-7d 3.50,force-bridge-2025 0.00,1,0,4,88.2,1
size None fresh None net1h 0.2 crowd None spike 6.0 win 600 floor 250000,13,12,4,0.686,44.2,9.0,0.235,0.073,1.569,0.257,0.182,0.693,across-spokepool-7d 19.25,nomad-2022 1.28,2,1,18,77.2,1
size None fresh None net1h 0.2 crowd None spike 6.0 win 600 floor 1e+06,13,12,4,0.686,44.2,9.0,0.105,0.073,0.362,0.073,0.182,0.654,across-spokepool-7d 1.75,nomad-2022 1.28,2,1,8,85.1,1
size None fresh None net1h 0.2 crowd None spike 6.0 win 1800 floor 250000,13,12,4,0.686,44.2,9.0,0.274,0.088,1.81,0.293,0.228,0.693,across-spokepool-7d 21.00,nomad-2022 1.28,3,2,21,74.9,1
size None fresh None net1h 0.2 crowd None spike 6.0 win 1800 floor 1e+06,13,12,4,0.686,44.2,9.0,0.144,0.088,0.603,0.11,0.228,0.654,across-spokepool-7d 3.50,nomad-2022 1.28,3,2,11,82.7,1
size None fresh None net1h 0.2 crowd None spike 10.0 win 600 floor 250000,13,12,4,0.686,44.2,9.0,0.183,0.029,1.448,0.22,0.091,0.654,across-spokepool-7d 19.25,nomad-2022 0.64,1,0,14,80.4,1
size None fresh None net1h 0.2 crowd None spike 10.0 win 600 floor 1e+06,13,12,4,0.686,44.2,9.0,0.052,0.029,0.241,0.037,0.091,0.614,across-spokepool-7d 1.75,nomad-2022 0.64,1,0,4,88.2,1
size None fresh None net1h 0.2 crowd None spike 10.0 win 1800 floor 250000,13,12,4,0.686,44.2,9.0,0.209,0.029,1.69,0.257,0.091,0.654,across-spokepool-7d 21.00,nomad-2022 0.64,1,0,16,78.8,1
size None fresh None net1h 0.2 crowd None spike 10.0 win 1800 floor 1e+06,13,12,4,0.686,44.2,9.0,0.078,0.029,0.483,0.073,0.091,0.614,across-spokepool-7d 3.50,nomad-2022 0.64,1,0,6,86.7,1
size None fresh None net1h 0.2 crowd None spike None win 600 floor 250000,13,11,4,0.698,54.0,10.0,0.144,0.0,1.328,0.202,0.0,0.405,across-spokepool-7d 19.25,force-bridge-2025 0.00,1,0,11,82.7,1
size None fresh None net1h 0.2 crowd None spike None win 600 floor 1e+06,13,11,4,0.698,54.0,10.0,0.013,0.0,0.121,0.018,0.0,0.366,across-spokepool-7d 1.75,force-bridge-2025 0.00,1,0,1,90.5,1
size None fresh None net1h 0.2 crowd None spike None win 1800 floor 250000,13,11,4,0.698,54.0,10.0,0.157,0.0,1.448,0.22,0.0,0.405,across-spokepool-7d 21.00,force-bridge-2025 0.00,1,0,12,81.9,1
size None fresh None net1h 0.2 crowd None spike None win 1800 floor 1e+06,13,11,4,0.698,54.0,10.0,0.026,0.0,0.241,0.037,0.0,0.366,across-spokepool-7d 3.50,force-bridge-2025 0.00,1,0,2,89.7,1
